filepath,label
data/frames/frame_1764639739_00000.jpg,0
data/frames/frame_1764639739_00001.jpg,0
data/frames/frame_1764639739_00002.jpg,0
data/frames/frame_1764639740_00003.jpg,0
data/frames/frame_1764639740_00004.jpg,0
data/frames/frame_1764639740_00005.jpg,0
data/frames/frame_1764639740_00006.jpg,0
data/frames/frame_1764639740_00007.jpg,0
data/frames/frame_1764639741_00008.jpg,0
data/frames/frame_1764639741_00009.jpg,0
data/frames/frame_1764639741_00010.jpg,0
data/frames/frame_1764639741_00011.jpg,0
data/frames/frame_1764639741_00012.jpg,0
data/frames/frame_1764639742_00013.jpg,0
data/frames/frame_1764639742_00014.jpg,0
data/frames/frame_1764639742_00015.jpg,0
data/frames/frame_1764639742_00016.jpg,0
data/frames/frame_1764639742_00017.jpg,0
data/frames/frame_1764639743_00018.jpg,0
data/frames/frame_1764639743_00019.jpg,0
data/frames/frame_1764639743_00020.jpg,0
data/frames/frame_1764639743_00021.jpg,0
data/frames/frame_1764639743_00022.jpg,0
data/frames/frame_1764639744_00023.jpg,0
data/frames/frame_1764639744_00024.jpg,0
data/frames/frame_1764639744_00025.jpg,0
data/frames/frame_1764639744_00026.jpg,0
data/frames/frame_1764639744_00027.jpg,0
data/frames/frame_1764639745_00028.jpg,0
data/frames/frame_1764639745_00029.jpg,0
data/frames/frame_1764639745_00030.jpg,0
data/frames/frame_1764639745_00031.jpg,0
data/frames/frame_1764639745_00032.jpg,0
data/frames/frame_1764639746_00033.jpg,0
data/frames/frame_1764639746_00034.jpg,0
data/frames/frame_1764639746_00035.jpg,0
data/frames/frame_1764639746_00036.jpg,0
data/frames/frame_1764639746_00037.jpg,0
data/frames/frame_1764639747_00038.jpg,0
data/frames/frame_1764639747_00039.jpg,0
data/frames/frame_1764639747_00040.jpg,0
data/frames/frame_1764639747_00041.jpg,0
data/frames/frame_1764639747_00042.jpg,0
data/frames/frame_1764639748_00043.jpg,0
data/frames/frame_1764639748_00044.jpg,0
data/frames/frame_1764639748_00045.jpg,0
data/frames/frame_1764639748_00046.jpg,0
data/frames/frame_1764639748_00047.jpg,0
data/frames/frame_1764639749_00048.jpg,0
data/frames/frame_1764639749_00049.jpg,0
data/frames/frame_1764639749_00050.jpg,0
data/frames/frame_1764639749_00051.jpg,0
data/frames/frame_1764639749_00052.jpg,0
data/frames/frame_1764639750_00053.jpg,0
data/frames/frame_1764639750_00054.jpg,0
data/frames/frame_1764639750_00055.jpg,0
data/frames/frame_1764639750_00056.jpg,0
data/frames/frame_1764639750_00057.jpg,0
data/frames/frame_1764639751_00058.jpg,0
data/frames/frame_1764639751_00059.jpg,0
data/frames/frame_1764639751_00060.jpg,0
data/frames/frame_1764639751_00061.jpg,0
data/frames/frame_1764639751_00062.jpg,0
data/frames/frame_1764639751_00063.jpg,0
data/frames/frame_1764639752_00064.jpg,0
data/frames/frame_1764639752_00065.jpg,0
data/frames/frame_1764639752_00066.jpg,0
data/frames/frame_1764639752_00067.jpg,0
data/frames/frame_1764639753_00068.jpg,0
data/frames/frame_1764639753_00069.jpg,0
data/frames/frame_1764639753_00070.jpg,0
data/frames/frame_1764639753_00071.jpg,0
data/frames/frame_1764639753_00072.jpg,0
data/frames/frame_1764639753_00073.jpg,0
data/frames/frame_1764639754_00074.jpg,0
data/frames/frame_1764639754_00075.jpg,0
data/frames/frame_1764639754_00076.jpg,0
data/frames/frame_1764639754_00077.jpg,0
data/frames/frame_1764639755_00078.jpg,0
data/frames/frame_1764639755_00079.jpg,0
data/frames/frame_1764639755_00080.jpg,0
data/frames/frame_1764639755_00081.jpg,0
data/frames/frame_1764639755_00082.jpg,0
data/frames/frame_1764639756_00083.jpg,0
data/frames/frame_1764639756_00084.jpg,0
data/frames/frame_1764639756_00085.jpg,0
data/frames/frame_1764639756_00086.jpg,0
data/frames/frame_1764639756_00087.jpg,0
data/frames/frame_1764639757_00088.jpg,0
data/frames/frame_1764639757_00089.jpg,0
data/frames/frame_1764639757_00090.jpg,0
data/frames/frame_1764639757_00091.jpg,0
data/frames/frame_1764639757_00092.jpg,0
data/frames/frame_1764639758_00093.jpg,0
data/frames/frame_1764639758_00094.jpg,0
data/frames/frame_1764639758_00095.jpg,0
data/frames/frame_1764639758_00096.jpg,0
data/frames/frame_1764639758_00097.jpg,0
data/frames/frame_1764639759_00098.jpg,0
data/frames/frame_1764639759_00099.jpg,0
data/frames/frame_1764639759_00100.jpg,0
data/frames/frame_1764639759_00101.jpg,0
data/frames/frame_1764639759_00102.jpg,0
data/frames/frame_1764639759_00103.jpg,0
data/frames/frame_1764639760_00104.jpg,0
data/frames/frame_1764639760_00105.jpg,0
data/frames/frame_1764639760_00106.jpg,0
data/frames/frame_1764639760_00107.jpg,0
data/frames/frame_1764639760_00108.jpg,0
data/frames/frame_1764639761_00109.jpg,0
data/frames/frame_1764639761_00110.jpg,0
data/frames/frame_1764639761_00111.jpg,0
data/frames/frame_1764639761_00112.jpg,0
data/frames/frame_1764639761_00113.jpg,0
data/frames/frame_1764639762_00114.jpg,0
data/frames/frame_1764639762_00115.jpg,0
data/frames/frame_1764639762_00116.jpg,0
data/frames/frame_1764639762_00117.jpg,0
data/frames/frame_1764639762_00118.jpg,0
data/frames/frame_1764639763_00119.jpg,0
data/frames/frame_1764639763_00120.jpg,0
data/frames/frame_1764639763_00121.jpg,0
data/frames/frame_1764639763_00122.jpg,0
data/frames/frame_1764639763_00123.jpg,0
data/frames/frame_1764639764_00124.jpg,0
data/frames/frame_1764639764_00125.jpg,0
data/frames/frame_1764639764_00126.jpg,0
data/frames/frame_1764639764_00127.jpg,0
data/frames/frame_1764639764_00128.jpg,0
data/frames/frame_1764639765_00129.jpg,0
data/frames/frame_1764639765_00130.jpg,0
data/frames/frame_1764639765_00131.jpg,0
data/frames/frame_1764639765_00132.jpg,0
data/frames/frame_1764639765_00133.jpg,0
data/frames/frame_1764639766_00134.jpg,0
data/frames/frame_1764639766_00135.jpg,0
data/frames/frame_1764639766_00136.jpg,0
data/frames/frame_1764639766_00137.jpg,0
data/frames/frame_1764639766_00138.jpg,0
data/frames/frame_1764639766_00139.jpg,0
data/frames/frame_1764639767_00140.jpg,0
data/frames/frame_1764639767_00141.jpg,0
data/frames/frame_1764639767_00142.jpg,0
data/frames/frame_1764639767_00143.jpg,0
data/frames/frame_1764639768_00144.jpg,0
data/frames/frame_1764639768_00145.jpg,0
data/frames/frame_1764639768_00146.jpg,0
data/frames/frame_1764639768_00147.jpg,0
data/frames/frame_1764639769_00148.jpg,0
data/frames/frame_1764639769_00149.jpg,0
data/frames/frame_1764639769_00150.jpg,0
data/frames/frame_1764639769_00151.jpg,0
data/frames/frame_1764639769_00152.jpg,0
data/frames/frame_1764639770_00153.jpg,0
data/frames/frame_1764639770_00154.jpg,0
data/frames/frame_1764639770_00155.jpg,0
data/frames/frame_1764639770_00156.jpg,0
data/frames/frame_1764639771_00157.jpg,0
data/frames/frame_1764639771_00158.jpg,0
data/frames/frame_1764639771_00159.jpg,0
data/frames/frame_1764639771_00160.jpg,0
data/frames/frame_1764639771_00161.jpg,0
data/frames/frame_1764639771_00162.jpg,0
data/frames/frame_1764639772_00163.jpg,0
data/frames/frame_1764639772_00164.jpg,0
data/frames/frame_1764639772_00165.jpg,0
data/frames/frame_1764639772_00166.jpg,1
data/frames/frame_1764639772_00167.jpg,1
data/frames/frame_1764639773_00168.jpg,1
data/frames/frame_1764639773_00169.jpg,1
data/frames/frame_1764639773_00170.jpg,1
data/frames/frame_1764639773_00171.jpg,1
data/frames/frame_1764639773_00172.jpg,1
data/frames/frame_1764639774_00173.jpg,1
data/frames/frame_1764639774_00174.jpg,1
data/frames/frame_1764639774_00175.jpg,0
data/frames/frame_1764639774_00176.jpg,0
data/frames/frame_1764639774_00177.jpg,0
data/frames/frame_1764639775_00178.jpg,0
data/frames/frame_1764639775_00179.jpg,0
data/frames/frame_1764639775_00180.jpg,0
data/frames/frame_1764639775_00181.jpg,0
data/frames/frame_1764639775_00182.jpg,0
data/frames/frame_1764639776_00183.jpg,0
data/frames/frame_1764639776_00184.jpg,0
data/frames/frame_1764639776_00185.jpg,0
data/frames/frame_1764639776_00186.jpg,0
data/frames/frame_1764639776_00187.jpg,0
data/frames/frame_1764639777_00188.jpg,0
data/frames/frame_1764639777_00189.jpg,0
data/frames/frame_1764639777_00190.jpg,0
data/frames/frame_1764639777_00191.jpg,0
data/frames/frame_1764639777_00192.jpg,0
data/frames/frame_1764639778_00193.jpg,0
data/frames/frame_1764639778_00194.jpg,0
data/frames/frame_1764639778_00195.jpg,0
data/frames/frame_1764639778_00196.jpg,0
data/frames/frame_1764639778_00197.jpg,0
data/frames/frame_1764639779_00198.jpg,0
data/frames/frame_1764639779_00199.jpg,0
data/frames/frame_1764639779_00200.jpg,0
data/frames/frame_1764639779_00201.jpg,0
data/frames/frame_1764639779_00202.jpg,0
data/frames/frame_1764639780_00203.jpg,0
data/frames/frame_1764639780_00204.jpg,0
data/frames/frame_1764639780_00205.jpg,0
data/frames/frame_1764639780_00206.jpg,0
data/frames/frame_1764639780_00207.jpg,0
data/frames/frame_1764639781_00208.jpg,0
data/frames/frame_1764639781_00209.jpg,0
data/frames/frame_1764639781_00210.jpg,0
data/frames/frame_1764639781_00211.jpg,0
data/frames/frame_1764639781_00212.jpg,0
data/frames/frame_1764639781_00213.jpg,0
data/frames/frame_1764639782_00214.jpg,0
data/frames/frame_1764639782_00215.jpg,0
data/frames/frame_1764639782_00216.jpg,0
data/frames/frame_1764639782_00217.jpg,0
data/frames/frame_1764639782_00218.jpg,0
data/frames/frame_1764639783_00219.jpg,0
data/frames/frame_1764639783_00220.jpg,0
data/frames/frame_1764639783_00221.jpg,0
data/frames/frame_1764639783_00222.jpg,0
data/frames/frame_1764639783_00223.jpg,0
data/frames/frame_1764639784_00224.jpg,0
data/frames/frame_1764639784_00225.jpg,0
data/frames/frame_1764639784_00226.jpg,0
data/frames/frame_1764639784_00227.jpg,1
data/frames/frame_1764639784_00228.jpg,1
data/frames/frame_1764639785_00229.jpg,1
data/frames/frame_1764639785_00230.jpg,1
data/frames/frame_1764639785_00231.jpg,1
data/frames/frame_1764639785_00232.jpg,1
data/frames/frame_1764639785_00233.jpg,1
data/frames/frame_1764639786_00234.jpg,1
data/frames/frame_1764639786_00235.jpg,1
data/frames/frame_1764639786_00236.jpg,1
data/frames/frame_1764639786_00237.jpg,1
data/frames/frame_1764639786_00238.jpg,1
data/frames/frame_1764639787_00239.jpg,1
data/frames/frame_1764639787_00240.jpg,1
data/frames/frame_1764639787_00241.jpg,1
data/frames/frame_1764639787_00242.jpg,1
data/frames/frame_1764639787_00243.jpg,0
data/frames/frame_1764639788_00244.jpg,0
data/frames/frame_1764639788_00245.jpg,0
data/frames/frame_1764639788_00246.jpg,0
data/frames/frame_1764639788_00247.jpg,0
data/frames/frame_1764639788_00248.jpg,0
data/frames/frame_1764639789_00249.jpg,0
data/frames/frame_1764639789_00250.jpg,0
data/frames/frame_1764639789_00251.jpg,0
data/frames/frame_1764639789_00252.jpg,0
data/frames/frame_1764639789_00253.jpg,0
data/frames/frame_1764639790_00254.jpg,0
data/frames/frame_1764639790_00255.jpg,0
data/frames/frame_1764639790_00256.jpg,0
data/frames/frame_1764639790_00257.jpg,0
data/frames/frame_1764639790_00258.jpg,0
data/frames/frame_1764639791_00259.jpg,0
data/frames/frame_1764639791_00260.jpg,0
data/frames/frame_1764639791_00261.jpg,0
data/frames/frame_1764639791_00262.jpg,0
data/frames/frame_1764639791_00263.jpg,0
data/frames/frame_1764639791_00264.jpg,0
data/frames/frame_1764639792_00265.jpg,0
data/frames/frame_1764639792_00266.jpg,0
data/frames/frame_1764639792_00267.jpg,0
data/frames/frame_1764639792_00268.jpg,0
data/frames/frame_1764639792_00269.jpg,0
data/frames/frame_1764639793_00270.jpg,0
data/frames/frame_1764639793_00271.jpg,0
data/frames/frame_1764639793_00272.jpg,0
data/frames/frame_1764639793_00273.jpg,0
data/frames/frame_1764639794_00274.jpg,0
data/frames/frame_1764639794_00275.jpg,0
data/frames/frame_1764639794_00276.jpg,0
data/frames/frame_1764639794_00277.jpg,0
data/frames/frame_1764639794_00278.jpg,0
data/frames/frame_1764639794_00279.jpg,0
data/frames/frame_1764639795_00280.jpg,0
data/frames/frame_1764639795_00281.jpg,0
data/frames/frame_1764639795_00282.jpg,0
data/frames/frame_1764639795_00283.jpg,0
data/frames/frame_1764639795_00284.jpg,0
data/frames/frame_1764639796_00285.jpg,0
data/frames/frame_1764639796_00286.jpg,0
data/frames/frame_1764639796_00287.jpg,0
data/frames/frame_1764639796_00288.jpg,0
data/frames/frame_1764639796_00289.jpg,0
data/frames/frame_1764639797_00290.jpg,0
data/frames/frame_1764639797_00291.jpg,0
data/frames/frame_1764639797_00292.jpg,0
data/frames/frame_1764639797_00293.jpg,0
data/frames/frame_1764639797_00294.jpg,0
data/frames/frame_1764639798_00295.jpg,0
data/frames/frame_1764639798_00296.jpg,0
data/frames/frame_1764639798_00297.jpg,0
data/frames/frame_1764639798_00298.jpg,0
data/frames/frame_1764639798_00299.jpg,0
data/frames/frame_1764639799_00300.jpg,0
data/frames/frame_1764639799_00301.jpg,0
data/frames/frame_1764639799_00302.jpg,0
data/frames/frame_1764639799_00303.jpg,0
data/frames/frame_1764639799_00304.jpg,0
data/frames/frame_1764639800_00305.jpg,0
data/frames/frame_1764639800_00306.jpg,0
data/frames/frame_1764639800_00307.jpg,0
data/frames/frame_1764639800_00308.jpg,0
data/frames/frame_1764639800_00309.jpg,0
data/frames/frame_1764639801_00310.jpg,0
data/frames/frame_1764639801_00311.jpg,0
data/frames/frame_1764639801_00312.jpg,0
data/frames/frame_1764639801_00313.jpg,0
data/frames/frame_1764639801_00314.jpg,0
data/frames/frame_1764639802_00315.jpg,0
data/frames/frame_1764639802_00316.jpg,0
data/frames/frame_1764639802_00317.jpg,0
data/frames/frame_1764639802_00318.jpg,0
data/frames/frame_1764639802_00319.jpg,0
data/frames/frame_1764639803_00320.jpg,0
data/frames/frame_1764639803_00321.jpg,0
data/frames/frame_1764639803_00322.jpg,0
data/frames/frame_1764639803_00323.jpg,0
data/frames/frame_1764639803_00324.jpg,0
data/frames/frame_1764639804_00325.jpg,0
data/frames/frame_1764639804_00326.jpg,0
data/frames/frame_1764639804_00327.jpg,0
data/frames/frame_1764639804_00328.jpg,0
data/frames/frame_1764639804_00329.jpg,0
data/frames/frame_1764639805_00330.jpg,0
data/frames/frame_1764639805_00331.jpg,0
data/frames/frame_1764639805_00332.jpg,0
data/frames/frame_1764639805_00333.jpg,0
data/frames/frame_1764639805_00334.jpg,0
data/frames/frame_1764639806_00335.jpg,0
data/frames/frame_1764639806_00336.jpg,0
data/frames/frame_1764639806_00337.jpg,0
data/frames/frame_1764639806_00338.jpg,0
data/frames/frame_1764639806_00339.jpg,0
data/frames/frame_1764639807_00340.jpg,0
data/frames/frame_1764639807_00341.jpg,0
data/frames/frame_1764639807_00342.jpg,0
data/frames/frame_1764639807_00343.jpg,0
data/frames/frame_1764639807_00344.jpg,0
data/frames/frame_1764639808_00345.jpg,0
data/frames/frame_1764639808_00346.jpg,0
data/frames/frame_1764639808_00347.jpg,0
data/frames/frame_1764639808_00348.jpg,0
data/frames/frame_1764639808_00349.jpg,0
data/frames/frame_1764639809_00350.jpg,0
data/frames/frame_1764639809_00351.jpg,0
data/frames/frame_1764639809_00352.jpg,0
data/frames/frame_1764639809_00353.jpg,0
data/frames/frame_1764639809_00354.jpg,0
data/frames/frame_1764639810_00355.jpg,0
data/frames/frame_1764639810_00356.jpg,0
data/frames/frame_1764639810_00357.jpg,0
data/frames/frame_1764639810_00358.jpg,0
data/frames/frame_1764639810_00359.jpg,0
data/frames/frame_1764639811_00360.jpg,0
data/frames/frame_1764639811_00361.jpg,0
data/frames/frame_1764639811_00362.jpg,0
data/frames/frame_1764639811_00363.jpg,0
data/frames/frame_1764639811_00364.jpg,0
data/frames/frame_1764639812_00365.jpg,0
data/frames/frame_1764639812_00366.jpg,0
data/frames/frame_1764639812_00367.jpg,0
data/frames/frame_1764639812_00368.jpg,0
data/frames/frame_1764639812_00369.jpg,0
data/frames/frame_1764639813_00370.jpg,0
data/frames/frame_1764639813_00371.jpg,0
data/frames/frame_1764639813_00372.jpg,0
data/frames/frame_1764639813_00373.jpg,0
data/frames/frame_1764639813_00374.jpg,0
data/frames/frame_1764639814_00375.jpg,0
data/frames/frame_1764639814_00376.jpg,0
data/frames/frame_1764639814_00377.jpg,0
data/frames/frame_1764639814_00378.jpg,0
data/frames/frame_1764639814_00379.jpg,0
data/frames/frame_1764639815_00380.jpg,0
data/frames/frame_1764639815_00381.jpg,0
data/frames/frame_1764639815_00382.jpg,0
data/frames/frame_1764639815_00383.jpg,0
data/frames/frame_1764639815_00384.jpg,0
data/frames/frame_1764639816_00385.jpg,0
data/frames/frame_1764639816_00386.jpg,0
data/frames/frame_1764639816_00387.jpg,0
data/frames/frame_1764639816_00388.jpg,0
data/frames/frame_1764639816_00389.jpg,0
data/frames/frame_1764639817_00390.jpg,0
data/frames/frame_1764639817_00391.jpg,0
data/frames/frame_1764639817_00392.jpg,0
data/frames/frame_1764639817_00393.jpg,0
data/frames/frame_1764639817_00394.jpg,0
data/frames/frame_1764639818_00395.jpg,0
data/frames/frame_1764639818_00396.jpg,0
data/frames/frame_1764639818_00397.jpg,0
data/frames/frame_1764639818_00398.jpg,0
data/frames/frame_1764639818_00399.jpg,0
data/frames/frame_1764639819_00400.jpg,0
data/frames/frame_1764639819_00401.jpg,0
data/frames/frame_1764639819_00402.jpg,0
data/frames/frame_1764639819_00403.jpg,0
data/frames/frame_1764639819_00404.jpg,0
data/frames/frame_1764639820_00405.jpg,0
data/frames/frame_1764639820_00406.jpg,0
data/frames/frame_1764639820_00407.jpg,0
data/frames/frame_1764639820_00408.jpg,1
data/frames/frame_1764639820_00409.jpg,1
data/frames/frame_1764639821_00410.jpg,1
data/frames/frame_1764639821_00411.jpg,1
data/frames/frame_1764639821_00412.jpg,1
data/frames/frame_1764639821_00413.jpg,1
data/frames/frame_1764639821_00414.jpg,1
data/frames/frame_1764639822_00415.jpg,1
data/frames/frame_1764639822_00416.jpg,1
data/frames/frame_1764639822_00417.jpg,1
data/frames/frame_1764639822_00418.jpg,1
data/frames/frame_1764639822_00419.jpg,1
data/frames/frame_1764639823_00420.jpg,1
data/frames/frame_1764639823_00421.jpg,1
data/frames/frame_1764639823_00422.jpg,1
data/frames/frame_1764639823_00423.jpg,1
data/frames/frame_1764639823_00424.jpg,1
data/frames/frame_1764639824_00425.jpg,0
data/frames/frame_1764639824_00426.jpg,0
data/frames/frame_1764639824_00427.jpg,0
data/frames/frame_1764639824_00428.jpg,0
data/frames/frame_1764639824_00429.jpg,0
data/frames/frame_1764639825_00430.jpg,0
data/frames/frame_1764639825_00431.jpg,0
data/frames/frame_1764639825_00432.jpg,1
data/frames/frame_1764639825_00433.jpg,1
data/frames/frame_1764639825_00434.jpg,1
data/frames/frame_1764639826_00435.jpg,1
data/frames/frame_1764639826_00436.jpg,1
data/frames/frame_1764639826_00437.jpg,1
data/frames/frame_1764639826_00438.jpg,1
data/frames/frame_1764639826_00439.jpg,1
data/frames/frame_1764639826_00440.jpg,1
data/frames/frame_1764639827_00441.jpg,1
data/frames/frame_1764639827_00442.jpg,0
data/frames/frame_1764639827_00443.jpg,0
data/frames/frame_1764639827_00444.jpg,0
data/frames/frame_1764639827_00445.jpg,0
data/frames/frame_1764639828_00446.jpg,0
data/frames/frame_1764639828_00447.jpg,0
data/frames/frame_1764639828_00448.jpg,0
data/frames/frame_1764639828_00449.jpg,0
data/frames/frame_1764639828_00450.jpg,0
data/frames/frame_1764639829_00451.jpg,0
data/frames/frame_1764639829_00452.jpg,1
data/frames/frame_1764639829_00453.jpg,1
data/frames/frame_1764639829_00454.jpg,1
data/frames/frame_1764639829_00455.jpg,1
data/frames/frame_1764639830_00456.jpg,1
data/frames/frame_1764639830_00457.jpg,0
data/frames/frame_1764639830_00458.jpg,0
data/frames/frame_1764639830_00459.jpg,0
data/frames/frame_1764639830_00460.jpg,0
data/frames/frame_1764639831_00461.jpg,0
data/frames/frame_1764639831_00462.jpg,0
data/frames/frame_1764639831_00463.jpg,0
data/frames/frame_1764639831_00464.jpg,0
data/frames/frame_1764639831_00465.jpg,0
data/frames/frame_1764639832_00466.jpg,0
data/frames/frame_1764639832_00467.jpg,0
data/frames/frame_1764639832_00468.jpg,0
data/frames/frame_1764639832_00469.jpg,0
data/frames/frame_1764639832_00470.jpg,0
data/frames/frame_1764639833_00471.jpg,0
data/frames/frame_1764639833_00472.jpg,0
data/frames/frame_1764639833_00473.jpg,0
data/frames/frame_1764639833_00474.jpg,0
data/frames/frame_1764639833_00475.jpg,0
data/frames/frame_1764639834_00476.jpg,0
data/frames/frame_1764639834_00477.jpg,0
data/frames/frame_1764639834_00478.jpg,0
data/frames/frame_1764639834_00479.jpg,0
data/frames/frame_1764639834_00480.jpg,0
data/frames/frame_1764639835_00481.jpg,0
data/frames/frame_1764639835_00482.jpg,0
data/frames/frame_1764639835_00483.jpg,0
data/frames/frame_1764639835_00484.jpg,0
data/frames/frame_1764639835_00485.jpg,0
data/frames/frame_1764639836_00486.jpg,0
data/frames/frame_1764639836_00487.jpg,0
data/frames/frame_1764639836_00488.jpg,0
data/frames/frame_1764639836_00489.jpg,0
data/frames/frame_1764639836_00490.jpg,0
data/frames/frame_1764639837_00491.jpg,0
data/frames/frame_1764639837_00492.jpg,0
data/frames/frame_1764639837_00493.jpg,0
data/frames/frame_1764639837_00494.jpg,0
data/frames/frame_1764639837_00495.jpg,0
data/frames/frame_1764639837_00496.jpg,0
data/frames/frame_1764639838_00497.jpg,0
data/frames/frame_1764639838_00498.jpg,0
data/frames/frame_1764639838_00499.jpg,0
data/frames/frame_1764639838_00500.jpg,0
data/frames/frame_1764639838_00501.jpg,0
data/frames/frame_1764639839_00502.jpg,0
data/frames/frame_1764639839_00503.jpg,0
data/frames/frame_1764639839_00504.jpg,0
data/frames/frame_1764639839_00505.jpg,0
data/frames/frame_1764639840_00506.jpg,0
data/frames/frame_1764639840_00507.jpg,0
data/frames/frame_1764639840_00508.jpg,0
data/frames/frame_1764639840_00509.jpg,0
data/frames/frame_1764639840_00510.jpg,0
data/frames/frame_1764639841_00511.jpg,0
data/frames/frame_1764639841_00512.jpg,0
data/frames/frame_1764639841_00513.jpg,0
data/frames/frame_1764639841_00514.jpg,0
data/frames/frame_1764639841_00515.jpg,0
data/frames/frame_1764639842_00516.jpg,0
data/frames/frame_1764639842_00517.jpg,0
data/frames/frame_1764639842_00518.jpg,0
data/frames/frame_1764639842_00519.jpg,0
data/frames/frame_1764639842_00520.jpg,0
data/frames/frame_1764639843_00521.jpg,0
data/frames/frame_1764639843_00522.jpg,0
data/frames/frame_1764639843_00523.jpg,0
data/frames/frame_1764639843_00524.jpg,0
data/frames/frame_1764639843_00525.jpg,0
data/frames/frame_1764639844_00526.jpg,0
data/frames/frame_1764639844_00527.jpg,0
data/frames/frame_1764639844_00528.jpg,0
data/frames/frame_1764639844_00529.jpg,0
data/frames/frame_1764639844_00530.jpg,0
data/frames/frame_1764639845_00531.jpg,0
data/frames/frame_1764639845_00532.jpg,0
data/frames/frame_1764639845_00533.jpg,0
data/frames/frame_1764639845_00534.jpg,0
data/frames/frame_1764639845_00535.jpg,0
data/frames/frame_1764639846_00536.jpg,0
data/frames/frame_1764639846_00537.jpg,0
data/frames/frame_1764639846_00538.jpg,0
data/frames/frame_1764639846_00539.jpg,0
data/frames/frame_1764639846_00540.jpg,0
data/frames/frame_1764639846_00541.jpg,0
data/frames/frame_1764639847_00542.jpg,0
data/frames/frame_1764639847_00543.jpg,0
data/frames/frame_1764639847_00544.jpg,0
data/frames/frame_1764639847_00545.jpg,0
data/frames/frame_1764639847_00546.jpg,0
data/frames/frame_1764639848_00547.jpg,0
data/frames/frame_1764639848_00548.jpg,0
data/frames/frame_1764639848_00549.jpg,0
data/frames/frame_1764639848_00550.jpg,0
data/frames/frame_1764639848_00551.jpg,0
data/frames/frame_1764639849_00552.jpg,0
data/frames/frame_1764639849_00553.jpg,0
data/frames/frame_1764639849_00554.jpg,0
data/frames/frame_1764639849_00555.jpg,0
data/frames/frame_1764639849_00556.jpg,0
data/frames/frame_1764639850_00557.jpg,0
data/frames/frame_1764639850_00558.jpg,0
data/frames/frame_1764639850_00559.jpg,0
data/frames/frame_1764639850_00560.jpg,0
data/frames/frame_1764639850_00561.jpg,0
data/frames/frame_1764639851_00562.jpg,0
data/frames/frame_1764639851_00563.jpg,0
data/frames/frame_1764639851_00564.jpg,0
data/frames/frame_1764639851_00565.jpg,0
data/frames/frame_1764639851_00566.jpg,0
data/frames/frame_1764639852_00567.jpg,0
data/frames/frame_1764639852_00568.jpg,0
data/frames/frame_1764639852_00569.jpg,0
data/frames/frame_1764639852_00570.jpg,0
data/frames/frame_1764639852_00571.jpg,0
data/frames/frame_1764639853_00572.jpg,0
data/frames/frame_1764639853_00573.jpg,0
data/frames/frame_1764639853_00574.jpg,0
data/frames/frame_1764639853_00575.jpg,0
data/frames/frame_1764639853_00576.jpg,0
data/frames/frame_1764639854_00577.jpg,0
data/frames/frame_1764639854_00578.jpg,0
data/frames/frame_1764639854_00579.jpg,0
data/frames/frame_1764639854_00580.jpg,0
data/frames/frame_1764639855_00581.jpg,0
data/frames/frame_1764639855_00582.jpg,0
data/frames/frame_1764639855_00583.jpg,0
data/frames/frame_1764639855_00584.jpg,0
data/frames/frame_1764639855_00585.jpg,0
data/frames/frame_1764639855_00586.jpg,0
data/frames/frame_1764639856_00587.jpg,0
data/frames/frame_1764639856_00588.jpg,0
data/frames/frame_1764639856_00589.jpg,0
data/frames/frame_1764639856_00590.jpg,0
data/frames/frame_1764639856_00591.jpg,0
data/frames/frame_1764639857_00592.jpg,0
data/frames/frame_1764639857_00593.jpg,0
data/frames/frame_1764639857_00594.jpg,0
data/frames/frame_1764639857_00595.jpg,0
data/frames/frame_1764639857_00596.jpg,0
data/frames/frame_1764639858_00597.jpg,0
data/frames/frame_1764639858_00598.jpg,0
data/frames/frame_1764639858_00599.jpg,0
data/frames/frame_1764639858_00600.jpg,0
data/frames/frame_1764639859_00601.jpg,0
data/frames/frame_1764639859_00602.jpg,0
data/frames/frame_1764639859_00603.jpg,0
data/frames/frame_1764639859_00604.jpg,0
data/frames/frame_1764639859_00605.jpg,0
data/frames/frame_1764639859_00606.jpg,0
data/frames/frame_1764639860_00607.jpg,0
data/frames/frame_1764639860_00608.jpg,0
data/frames/frame_1764639860_00609.jpg,0
data/frames/frame_1764639860_00610.jpg,0
data/frames/frame_1764639860_00611.jpg,0
data/frames/frame_1764639861_00612.jpg,0
data/frames/frame_1764639861_00613.jpg,0
data/frames/frame_1764639861_00614.jpg,0
data/frames/frame_1764639861_00615.jpg,0
data/frames/frame_1764639861_00616.jpg,0
data/frames/frame_1764639862_00617.jpg,0
data/frames/frame_1764639862_00618.jpg,0
data/frames/frame_1764639862_00619.jpg,0
data/frames/frame_1764639862_00620.jpg,0
data/frames/frame_1764639862_00621.jpg,0
data/frames/frame_1764639863_00622.jpg,0
data/frames/frame_1764639863_00623.jpg,0
data/frames/frame_1764639863_00624.jpg,0
data/frames/frame_1764639863_00625.jpg,0
data/frames/frame_1764639863_00626.jpg,0
data/frames/frame_1764639864_00627.jpg,0
data/frames/frame_1764639864_00628.jpg,0
data/frames/frame_1764639864_00629.jpg,0
data/frames/frame_1764639864_00630.jpg,0
data/frames/frame_1764639864_00631.jpg,0
data/frames/frame_1764639865_00632.jpg,0
data/frames/frame_1764639865_00633.jpg,0
data/frames/frame_1764639865_00634.jpg,0
data/frames/frame_1764639865_00635.jpg,1
data/frames/frame_1764639865_00636.jpg,1
data/frames/frame_1764639866_00637.jpg,1
data/frames/frame_1764639866_00638.jpg,1
data/frames/frame_1764639866_00639.jpg,1
data/frames/frame_1764639866_00640.jpg,1
data/frames/frame_1764639866_00641.jpg,1
data/frames/frame_1764639867_00642.jpg,1
data/frames/frame_1764639867_00643.jpg,1
data/frames/frame_1764639867_00644.jpg,1
data/frames/frame_1764639867_00645.jpg,1
data/frames/frame_1764639867_00646.jpg,1
data/frames/frame_1764639868_00647.jpg,1
data/frames/frame_1764639868_00648.jpg,1
data/frames/frame_1764639868_00649.jpg,0
data/frames/frame_1764639868_00650.jpg,0
data/frames/frame_1764639868_00651.jpg,0
data/frames/frame_1764639869_00652.jpg,0
data/frames/frame_1764639869_00653.jpg,0
data/frames/frame_1764639869_00654.jpg,0
data/frames/frame_1764639869_00655.jpg,0
data/frames/frame_1764639869_00656.jpg,0
data/frames/frame_1764639870_00657.jpg,0
data/frames/frame_1764639870_00658.jpg,0
data/frames/frame_1764639870_00659.jpg,0
data/frames/frame_1764639870_00660.jpg,0
data/frames/frame_1764639870_00661.jpg,0
data/frames/frame_1764639871_00662.jpg,0
data/frames/frame_1764639871_00663.jpg,0
data/frames/frame_1764639871_00664.jpg,0
data/frames/frame_1764639871_00665.jpg,0
data/frames/frame_1764639871_00666.jpg,0
data/frames/frame_1764639871_00667.jpg,0
data/frames/frame_1764639872_00668.jpg,0
data/frames/frame_1764639872_00669.jpg,0
data/frames/frame_1764639872_00670.jpg,0
data/frames/frame_1764639872_00671.jpg,0
data/frames/frame_1764639873_00672.jpg,0
data/frames/frame_1764639873_00673.jpg,0
data/frames/frame_1764639873_00674.jpg,0
data/frames/frame_1764639873_00675.jpg,0
data/frames/frame_1764639873_00676.jpg,0
data/frames/frame_1764639874_00677.jpg,0
data/frames/frame_1764639874_00678.jpg,0
data/frames/frame_1764639874_00679.jpg,0
data/frames/frame_1764639874_00680.jpg,0
data/frames/frame_1764639874_00681.jpg,0
data/frames/frame_1764639875_00682.jpg,0
data/frames/frame_1764639875_00683.jpg,0
data/frames/frame_1764639875_00684.jpg,0
data/frames/frame_1764639875_00685.jpg,0
data/frames/frame_1764639875_00686.jpg,0
data/frames/frame_1764639876_00687.jpg,0
data/frames/frame_1764639876_00688.jpg,0
data/frames/frame_1764639876_00689.jpg,0
data/frames/frame_1764639876_00690.jpg,0
data/frames/frame_1764639876_00691.jpg,0
data/frames/frame_1764639876_00692.jpg,0
data/frames/frame_1764639877_00693.jpg,0
data/frames/frame_1764639877_00694.jpg,0
data/frames/frame_1764639877_00695.jpg,0
data/frames/frame_1764639877_00696.jpg,0
data/frames/frame_1764639877_00697.jpg,0
data/frames/frame_1764639878_00698.jpg,0
data/frames/frame_1764639878_00699.jpg,0
data/frames/frame_1764639878_00700.jpg,0
data/frames/frame_1764639878_00701.jpg,0
data/frames/frame_1764639878_00702.jpg,0
data/frames/frame_1764639879_00703.jpg,0
data/frames/frame_1764639879_00704.jpg,0
data/frames/frame_1764639879_00705.jpg,0
data/frames/frame_1764639879_00706.jpg,0
data/frames/frame_1764639879_00707.jpg,0
data/frames/frame_1764639880_00708.jpg,0
data/frames/frame_1764639880_00709.jpg,0
data/frames/frame_1764639880_00710.jpg,0
data/frames/frame_1764639880_00711.jpg,0
data/frames/frame_1764639880_00712.jpg,0
data/frames/frame_1764639881_00713.jpg,0
data/frames/frame_1764639881_00714.jpg,0
data/frames/frame_1764639881_00715.jpg,0
data/frames/frame_1764639881_00716.jpg,0
data/frames/frame_1764639881_00717.jpg,0
data/frames/frame_1764639882_00718.jpg,0
data/frames/frame_1764639882_00719.jpg,0
data/frames/frame_1764639882_00720.jpg,0
data/frames/frame_1764639882_00721.jpg,0
data/frames/frame_1764639882_00722.jpg,0
data/frames/frame_1764639883_00723.jpg,0
data/frames/frame_1764639883_00724.jpg,0
data/frames/frame_1764639883_00725.jpg,0
data/frames/frame_1764639883_00726.jpg,0
data/frames/frame_1764639883_00727.jpg,0
data/frames/frame_1764639884_00728.jpg,0
data/frames/frame_1764639884_00729.jpg,0
data/frames/frame_1764639884_00730.jpg,0
data/frames/frame_1764639884_00731.jpg,0
data/frames/frame_1764639884_00732.jpg,0
data/frames/frame_1764639885_00733.jpg,0
data/frames/frame_1764639885_00734.jpg,0
data/frames/frame_1764639885_00735.jpg,0
data/frames/frame_1764639885_00736.jpg,0
data/frames/frame_1764639885_00737.jpg,0
data/frames/frame_1764639886_00738.jpg,0
data/frames/frame_1764639886_00739.jpg,0
data/frames/frame_1764639886_00740.jpg,0
data/frames/frame_1764639886_00741.jpg,0
data/frames/frame_1764639886_00742.jpg,0
data/frames/frame_1764639887_00743.jpg,0
data/frames/frame_1764639887_00744.jpg,0
data/frames/frame_1764639887_00745.jpg,0
data/frames/frame_1764639887_00746.jpg,0
data/frames/frame_1764639887_00747.jpg,0
data/frames/frame_1764639888_00748.jpg,0
data/frames/frame_1764639888_00749.jpg,0
data/frames/frame_1764639888_00750.jpg,0
data/frames/frame_1764639888_00751.jpg,0
data/frames/frame_1764639888_00752.jpg,0
data/frames/frame_1764639889_00753.jpg,0
data/frames/frame_1764639889_00754.jpg,0
data/frames/frame_1764639889_00755.jpg,0
data/frames/frame_1764639889_00756.jpg,0
data/frames/frame_1764639889_00757.jpg,0
data/frames/frame_1764639890_00758.jpg,0
data/frames/frame_1764639890_00759.jpg,0
data/frames/frame_1764639890_00760.jpg,0
data/frames/frame_1764639890_00761.jpg,0
data/frames/frame_1764639890_00762.jpg,0
data/frames/frame_1764639891_00763.jpg,0
data/frames/frame_1764639891_00764.jpg,0
data/frames/frame_1764639891_00765.jpg,0
data/frames/frame_1764639891_00766.jpg,0
data/frames/frame_1764639891_00767.jpg,0
data/frames/frame_1764639891_00768.jpg,0
data/frames/frame_1764639892_00769.jpg,0
data/frames/frame_1764639892_00770.jpg,0
data/frames/frame_1764639892_00771.jpg,0
data/frames/frame_1764639892_00772.jpg,0
data/frames/frame_1764639892_00773.jpg,0
data/frames/frame_1764639893_00774.jpg,0
data/frames/frame_1764639893_00775.jpg,0
data/frames/frame_1764639893_00776.jpg,0
data/frames/frame_1764639893_00777.jpg,0
data/frames/frame_1764639894_00778.jpg,0
data/frames/frame_1764639894_00779.jpg,0
data/frames/frame_1764639894_00780.jpg,0
data/frames/frame_1764639894_00781.jpg,0
data/frames/frame_1764639894_00782.jpg,0
data/frames/frame_1764639895_00783.jpg,0
data/frames/frame_1764639895_00784.jpg,0
data/frames/frame_1764639895_00785.jpg,0
data/frames/frame_1764639895_00786.jpg,0
data/frames/frame_1764639895_00787.jpg,0
data/frames/frame_1764639896_00788.jpg,0
data/frames/frame_1764639896_00789.jpg,0
data/frames/frame_1764639896_00790.jpg,0
data/frames/frame_1764639896_00791.jpg,0
data/frames/frame_1764639896_00792.jpg,0
data/frames/frame_1764639896_00793.jpg,0
data/frames/frame_1764639897_00794.jpg,0
data/frames/frame_1764639897_00795.jpg,0
data/frames/frame_1764639897_00796.jpg,0
data/frames/frame_1764639897_00797.jpg,0
data/frames/frame_1764639898_00798.jpg,0
data/frames/frame_1764639898_00799.jpg,0
data/frames/frame_1764639898_00800.jpg,0
data/frames/frame_1764639898_00801.jpg,0
data/frames/frame_1764639898_00802.jpg,0
data/frames/frame_1764639899_00803.jpg,0
data/frames/frame_1764639899_00804.jpg,0
data/frames/frame_1764639899_00805.jpg,0
data/frames/frame_1764639899_00806.jpg,0
data/frames/frame_1764639899_00807.jpg,0
data/frames/frame_1764639899_00808.jpg,0
data/frames/frame_1764639900_00809.jpg,0
data/frames/frame_1764639900_00810.jpg,0
data/frames/frame_1764639900_00811.jpg,0
data/frames/frame_1764639900_00812.jpg,0
data/frames/frame_1764639900_00813.jpg,0
data/frames/frame_1764639901_00814.jpg,0
data/frames/frame_1764639901_00815.jpg,0
data/frames/frame_1764639901_00816.jpg,0
data/frames/frame_1764639901_00817.jpg,0
data/frames/frame_1764639902_00818.jpg,0
data/frames/frame_1764639902_00819.jpg,0
data/frames/frame_1764639902_00820.jpg,0
data/frames/frame_1764639902_00821.jpg,0
data/frames/frame_1764639902_00822.jpg,0
data/frames/frame_1764639903_00823.jpg,0
data/frames/frame_1764639903_00824.jpg,0
data/frames/frame_1764639903_00825.jpg,0
data/frames/frame_1764639903_00826.jpg,0
data/frames/frame_1764639903_00827.jpg,0
data/frames/frame_1764639903_00828.jpg,0
data/frames/frame_1764639904_00829.jpg,0
data/frames/frame_1764639904_00830.jpg,0
data/frames/frame_1764639904_00831.jpg,0
data/frames/frame_1764639904_00832.jpg,0
data/frames/frame_1764639904_00833.jpg,0
data/frames/frame_1764639905_00834.jpg,0
data/frames/frame_1764639905_00835.jpg,0
data/frames/frame_1764639905_00836.jpg,0
data/frames/frame_1764639905_00837.jpg,0
data/frames/frame_1764639905_00838.jpg,0
data/frames/frame_1764639906_00839.jpg,0
data/frames/frame_1764639906_00840.jpg,0
data/frames/frame_1764639906_00841.jpg,0
data/frames/frame_1764639906_00842.jpg,0
data/frames/frame_1764639906_00843.jpg,0
data/frames/frame_1764639907_00844.jpg,0
data/frames/frame_1764639907_00845.jpg,0
data/frames/frame_1764639907_00846.jpg,0
data/frames/frame_1764639907_00847.jpg,0
data/frames/frame_1764639907_00848.jpg,0
data/frames/frame_1764639908_00849.jpg,0
data/frames/frame_1764639908_00850.jpg,0
data/frames/frame_1764639908_00851.jpg,0
data/frames/frame_1764639908_00852.jpg,0
data/frames/frame_1764639908_00853.jpg,0
data/frames/frame_1764639909_00854.jpg,0
data/frames/frame_1764639909_00855.jpg,0
data/frames/frame_1764639909_00856.jpg,0
data/frames/frame_1764639909_00857.jpg,0
data/frames/frame_1764639909_00858.jpg,0
data/frames/frame_1764639910_00859.jpg,0
data/frames/frame_1764639910_00860.jpg,0
data/frames/frame_1764639910_00861.jpg,0
data/frames/frame_1764639910_00862.jpg,0
data/frames/frame_1764639910_00863.jpg,0
data/frames/frame_1764639911_00864.jpg,0
data/frames/frame_1764639911_00865.jpg,0
data/frames/frame_1764639911_00866.jpg,0
data/frames/frame_1764639911_00867.jpg,0
data/frames/frame_1764639911_00868.jpg,0
data/frames/frame_1764639912_00869.jpg,0
data/frames/frame_1764639912_00870.jpg,0
data/frames/frame_1764639912_00871.jpg,0
data/frames/frame_1764639912_00872.jpg,0
data/frames/frame_1764639912_00873.jpg,0
data/frames/frame_1764639913_00874.jpg,0
data/frames/frame_1764639913_00875.jpg,0
data/frames/frame_1764639913_00876.jpg,0
data/frames/frame_1764639913_00877.jpg,0
data/frames/frame_1764639913_00878.jpg,0
data/frames/frame_1764639914_00879.jpg,0
data/frames/frame_1764639914_00880.jpg,0
data/frames/frame_1764639914_00881.jpg,0
data/frames/frame_1764639914_00882.jpg,0
data/frames/frame_1764639914_00883.jpg,0
data/frames/frame_1764639915_00884.jpg,0
data/frames/frame_1764639915_00885.jpg,0
data/frames/frame_1764639915_00886.jpg,0
data/frames/frame_1764639915_00887.jpg,0
data/frames/frame_1764639915_00888.jpg,0
data/frames/frame_1764639916_00889.jpg,0
data/frames/frame_1764639916_00890.jpg,0
data/frames/frame_1764639916_00891.jpg,0
data/frames/frame_1764639916_00892.jpg,0
data/frames/frame_1764639916_00893.jpg,0
data/frames/frame_1764639917_00894.jpg,0
data/frames/frame_1764639917_00895.jpg,0
data/frames/frame_1764639917_00896.jpg,0
data/frames/frame_1764639917_00897.jpg,0
data/frames/frame_1764639917_00898.jpg,0
data/frames/frame_1764639918_00899.jpg,0
data/frames/frame_1764639918_00900.jpg,0
data/frames/frame_1764639918_00901.jpg,0
data/frames/frame_1764639918_00902.jpg,0
data/frames/frame_1764639918_00903.jpg,0
data/frames/frame_1764639919_00904.jpg,0
data/frames/frame_1764639919_00905.jpg,0
data/frames/frame_1764639919_00906.jpg,0
data/frames/frame_1764639919_00907.jpg,0
data/frames/frame_1764639919_00908.jpg,0
data/frames/frame_1764639920_00909.jpg,0
data/frames/frame_1764639920_00910.jpg,0
data/frames/frame_1764639920_00911.jpg,0
data/frames/frame_1764639920_00912.jpg,0
data/frames/frame_1764639920_00913.jpg,0
data/frames/frame_1764639921_00914.jpg,0
data/frames/frame_1764639921_00915.jpg,0
data/frames/frame_1764639921_00916.jpg,0
data/frames/frame_1764639925_00917.jpg,0
data/frames/frame_1764639925_00918.jpg,0
data/frames/frame_1764639925_00919.jpg,0
data/frames/frame_1764639926_00920.jpg,0
data/frames/frame_1764639926_00921.jpg,0
data/frames/frame_1764639926_00922.jpg,0
data/frames/frame_1764639926_00923.jpg,0
data/frames/frame_1764639926_00924.jpg,0
data/frames/frame_1764639927_00925.jpg,0
data/frames/frame_1764639927_00926.jpg,0
data/frames/frame_1764639927_00927.jpg,0
data/frames/frame_1764639927_00928.jpg,0
data/frames/frame_1764639927_00929.jpg,0
data/frames/frame_1764639928_00930.jpg,0
data/frames/frame_1764639928_00931.jpg,0
data/frames/frame_1764639928_00932.jpg,0
data/frames/frame_1764639928_00933.jpg,0
data/frames/frame_1764639928_00934.jpg,0
data/frames/frame_1764639929_00935.jpg,0
data/frames/frame_1764639929_00936.jpg,0
data/frames/frame_1764639929_00937.jpg,0
data/frames/frame_1764639929_00938.jpg,1
data/frames/frame_1764639929_00939.jpg,1
data/frames/frame_1764639930_00940.jpg,1
data/frames/frame_1764639930_00941.jpg,1
data/frames/frame_1764639930_00942.jpg,1
data/frames/frame_1764639930_00943.jpg,1
data/frames/frame_1764639930_00944.jpg,1
data/frames/frame_1764639931_00945.jpg,1
data/frames/frame_1764639931_00946.jpg,1
data/frames/frame_1764639931_00947.jpg,1
data/frames/frame_1764639931_00948.jpg,1
data/frames/frame_1764639931_00949.jpg,1
data/frames/frame_1764639932_00950.jpg,1
data/frames/frame_1764639932_00951.jpg,1
data/frames/frame_1764639932_00952.jpg,1
data/frames/frame_1764639932_00953.jpg,1
data/frames/frame_1764639932_00954.jpg,1
data/frames/frame_1764639933_00955.jpg,1
data/frames/frame_1764639933_00956.jpg,1
data/frames/frame_1764639933_00957.jpg,1
data/frames/frame_1764639933_00958.jpg,1
data/frames/frame_1764639933_00959.jpg,1
data/frames/frame_1764639934_00960.jpg,1
data/frames/frame_1764639934_00961.jpg,1
data/frames/frame_1764639934_00962.jpg,1
data/frames/frame_1764639934_00963.jpg,1
data/frames/frame_1764639934_00964.jpg,1
data/frames/frame_1764639935_00965.jpg,1
data/frames/frame_1764639935_00966.jpg,1
data/frames/frame_1764639935_00967.jpg,1
data/frames/frame_1764639935_00968.jpg,1
data/frames/frame_1764639935_00969.jpg,1
data/frames/frame_1764639936_00970.jpg,1
data/frames/frame_1764639936_00971.jpg,0
data/frames/frame_1764639936_00972.jpg,0
data/frames/frame_1764639936_00973.jpg,0
data/frames/frame_1764639936_00974.jpg,0
data/frames/frame_1764639937_00975.jpg,0
data/frames/frame_1764639937_00976.jpg,0
data/frames/frame_1764639937_00977.jpg,0
data/frames/frame_1764639937_00978.jpg,0
data/frames/frame_1764639937_00979.jpg,0
data/frames/frame_1764639938_00980.jpg,0
data/frames/frame_1764639938_00981.jpg,0
data/frames/frame_1764639938_00982.jpg,0
data/frames/frame_1764639938_00983.jpg,0
data/frames/frame_1764639938_00984.jpg,0
data/frames/frame_1764639939_00985.jpg,0
data/frames/frame_1764639939_00986.jpg,0
data/frames/frame_1764639939_00987.jpg,0
data/frames/frame_1764639939_00988.jpg,0
data/frames/frame_1764639939_00989.jpg,0
data/frames/frame_1764639940_00990.jpg,0
data/frames/frame_1764639940_00991.jpg,0
data/frames/frame_1764639940_00992.jpg,0
data/frames/frame_1764639940_00993.jpg,0
data/frames/frame_1764639940_00994.jpg,0
data/frames/frame_1764639941_00995.jpg,0
data/frames/frame_1764639941_00996.jpg,0
data/frames/frame_1764639941_00997.jpg,0
data/frames/frame_1764639941_00998.jpg,0
data/frames/frame_1764639941_00999.jpg,0
data/frames/frame_1764639942_01000.jpg,0
data/frames/frame_1764639942_01001.jpg,0
data/frames/frame_1764639942_01002.jpg,0
data/frames/frame_1764639942_01003.jpg,0
data/frames/frame_1764639942_01004.jpg,0
data/frames/frame_1764639942_01005.jpg,0
data/frames/frame_1764639943_01006.jpg,0
data/frames/frame_1764639943_01007.jpg,0
data/frames/frame_1764639943_01008.jpg,0
data/frames/frame_1764639943_01009.jpg,0
data/frames/frame_1764639944_01010.jpg,0
data/frames/frame_1764639944_01011.jpg,0
data/frames/frame_1764639944_01012.jpg,0
data/frames/frame_1764639944_01013.jpg,0
data/frames/frame_1764639944_01014.jpg,0
data/frames/frame_1764639945_01015.jpg,0
data/frames/frame_1764639945_01016.jpg,0
data/frames/frame_1764639945_01017.jpg,0
data/frames/frame_1764639945_01018.jpg,0
data/frames/frame_1764639945_01019.jpg,0
data/frames/frame_1764639946_01020.jpg,0
data/frames/frame_1764639946_01021.jpg,0
data/frames/frame_1764639946_01022.jpg,0
data/frames/frame_1764639946_01023.jpg,0
data/frames/frame_1764639946_01024.jpg,0
data/frames/frame_1764639947_01025.jpg,0
data/frames/frame_1764639947_01026.jpg,0
data/frames/frame_1764639947_01027.jpg,0
data/frames/frame_1764639947_01028.jpg,0
data/frames/frame_1764639947_01029.jpg,0
data/frames/frame_1764639948_01030.jpg,0
data/frames/frame_1764639948_01031.jpg,0
data/frames/frame_1764639948_01032.jpg,0
data/frames/frame_1764639948_01033.jpg,0
data/frames/frame_1764639948_01034.jpg,0
data/frames/frame_1764639949_01035.jpg,0
data/frames/frame_1764639949_01036.jpg,0
data/frames/frame_1764639949_01037.jpg,0
data/frames/frame_1764639949_01038.jpg,0
data/frames/frame_1764639949_01039.jpg,0
data/frames/frame_1764639950_01040.jpg,0
data/frames/frame_1764639950_01041.jpg,0
data/frames/frame_1764639950_01042.jpg,0
data/frames/frame_1764639950_01043.jpg,0
data/frames/frame_1764639950_01044.jpg,0
data/frames/frame_1764639951_01045.jpg,0
data/frames/frame_1764639951_01046.jpg,0
data/frames/frame_1764639951_01047.jpg,0
data/frames/frame_1764639951_01048.jpg,0
data/frames/frame_1764639951_01049.jpg,0
data/frames/frame_1764639952_01050.jpg,0
data/frames/frame_1764639952_01051.jpg,0
data/frames/frame_1764639952_01052.jpg,0
data/frames/frame_1764639952_01053.jpg,0
data/frames/frame_1764639952_01054.jpg,0
data/frames/frame_1764639953_01055.jpg,0
data/frames/frame_1764639953_01056.jpg,0
data/frames/frame_1764639953_01057.jpg,0
data/frames/frame_1764639953_01058.jpg,0
data/frames/frame_1764639953_01059.jpg,0
data/frames/frame_1764639953_01060.jpg,0
data/frames/frame_1764639954_01061.jpg,0
data/frames/frame_1764639954_01062.jpg,0
data/frames/frame_1764639954_01063.jpg,0
data/frames/frame_1764639954_01064.jpg,0
data/frames/frame_1764639955_01065.jpg,0
data/frames/frame_1764639955_01066.jpg,0
data/frames/frame_1764639955_01067.jpg,0
data/frames/frame_1764639955_01068.jpg,0
data/frames/frame_1764639955_01069.jpg,0
data/frames/frame_1764639955_01070.jpg,0
data/frames/frame_1764639956_01071.jpg,0
data/frames/frame_1764639956_01072.jpg,0
data/frames/frame_1764639956_01073.jpg,0
data/frames/frame_1764639956_01074.jpg,0
data/frames/frame_1764639956_01075.jpg,0
data/frames/frame_1764639957_01076.jpg,0
data/frames/frame_1764639957_01077.jpg,0
data/frames/frame_1764639957_01078.jpg,0
data/frames/frame_1764639957_01079.jpg,0
data/frames/frame_1764639957_01080.jpg,0
data/frames/frame_1764639958_01081.jpg,0
data/frames/frame_1764639958_01082.jpg,0
data/frames/frame_1764639958_01083.jpg,0
data/frames/frame_1764639958_01084.jpg,0
data/frames/frame_1764639958_01085.jpg,0
data/frames/frame_1764639959_01086.jpg,0
data/frames/frame_1764639959_01087.jpg,0
data/frames/frame_1764639959_01088.jpg,0
data/frames/frame_1764639959_01089.jpg,0
data/frames/frame_1764639959_01090.jpg,0
data/frames/frame_1764639960_01091.jpg,0
data/frames/frame_1764639960_01092.jpg,0
data/frames/frame_1764639960_01093.jpg,0
data/frames/frame_1764639960_01094.jpg,0
data/frames/frame_1764639960_01095.jpg,0
data/frames/frame_1764639961_01096.jpg,0
data/frames/frame_1764639961_01097.jpg,0
data/frames/frame_1764639961_01098.jpg,0
data/frames/frame_1764639961_01099.jpg,0
data/frames/frame_1764639961_01100.jpg,0
data/frames/frame_1764639962_01101.jpg,0
data/frames/frame_1764639962_01102.jpg,0
data/frames/frame_1764639962_01103.jpg,0
data/frames/frame_1764639962_01104.jpg,0
data/frames/frame_1764639962_01105.jpg,0
data/frames/frame_1764639963_01106.jpg,0
data/frames/frame_1764639963_01107.jpg,0
data/frames/frame_1764639963_01108.jpg,0
data/frames/frame_1764639963_01109.jpg,0
data/frames/frame_1764639963_01110.jpg,0
data/frames/frame_1764639964_01111.jpg,0
data/frames/frame_1764639964_01112.jpg,0
data/frames/frame_1764639964_01113.jpg,0
data/frames/frame_1764639964_01114.jpg,0
data/frames/frame_1764639964_01115.jpg,0
data/frames/frame_1764639964_01116.jpg,0
data/frames/frame_1764639965_01117.jpg,0
data/frames/frame_1764639965_01118.jpg,0
data/frames/frame_1764639965_01119.jpg,0
data/frames/frame_1764639965_01120.jpg,0
data/frames/frame_1764639965_01121.jpg,0
data/frames/frame_1764639966_01122.jpg,0
data/frames/frame_1764639966_01123.jpg,0
data/frames/frame_1764639966_01124.jpg,0
data/frames/frame_1764639966_01125.jpg,0
data/frames/frame_1764639966_01126.jpg,0
data/frames/frame_1764639967_01127.jpg,0
data/frames/frame_1764639967_01128.jpg,0
data/frames/frame_1764639967_01129.jpg,0
data/frames/frame_1764639967_01130.jpg,0
data/frames/frame_1764639967_01131.jpg,0
data/frames/frame_1764639968_01132.jpg,0
data/frames/frame_1764639968_01133.jpg,0
data/frames/frame_1764639968_01134.jpg,0
data/frames/frame_1764639968_01135.jpg,0
data/frames/frame_1764639968_01136.jpg,0
data/frames/frame_1764639969_01137.jpg,0
data/frames/frame_1764639969_01138.jpg,0
data/frames/frame_1764639969_01139.jpg,0
data/frames/frame_1764639969_01140.jpg,0
data/frames/frame_1764639970_01141.jpg,0
data/frames/frame_1764639970_01142.jpg,0
data/frames/frame_1764639970_01143.jpg,0
data/frames/frame_1764639970_01144.jpg,0
data/frames/frame_1764639970_01145.jpg,0
data/frames/frame_1764639971_01146.jpg,0
data/frames/frame_1764639971_01147.jpg,0
data/frames/frame_1764639971_01148.jpg,0
data/frames/frame_1764639971_01149.jpg,0
data/frames/frame_1764639971_01150.jpg,0
data/frames/frame_1764639971_01151.jpg,0
data/frames/frame_1764639972_01152.jpg,0
data/frames/frame_1764639972_01153.jpg,0
data/frames/frame_1764639972_01154.jpg,0
data/frames/frame_1764639972_01155.jpg,0
data/frames/frame_1764639972_01156.jpg,0
data/frames/frame_1764639973_01157.jpg,0
data/frames/frame_1764639973_01158.jpg,0
data/frames/frame_1764639973_01159.jpg,0
data/frames/frame_1764639973_01160.jpg,0
data/frames/frame_1764639973_01161.jpg,0
data/frames/frame_1764639974_01162.jpg,0
data/frames/frame_1764639974_01163.jpg,0
data/frames/frame_1764639974_01164.jpg,0
data/frames/frame_1764639974_01165.jpg,0
data/frames/frame_1764639974_01166.jpg,0
data/frames/frame_1764639975_01167.jpg,0
data/frames/frame_1764639975_01168.jpg,0
data/frames/frame_1764639975_01169.jpg,0
data/frames/frame_1764639975_01170.jpg,0
data/frames/frame_1764639975_01171.jpg,0
data/frames/frame_1764639976_01172.jpg,0
data/frames/frame_1764639976_01173.jpg,0
data/frames/frame_1764639976_01174.jpg,0
data/frames/frame_1764639976_01175.jpg,0
data/frames/frame_1764639976_01176.jpg,0
data/frames/frame_1764639977_01177.jpg,0
data/frames/frame_1764639977_01178.jpg,1
data/frames/frame_1764639977_01179.jpg,1
data/frames/frame_1764639977_01180.jpg,1
data/frames/frame_1764639977_01181.jpg,1
data/frames/frame_1764639978_01182.jpg,1
data/frames/frame_1764639978_01183.jpg,1
data/frames/frame_1764639978_01184.jpg,1
data/frames/frame_1764639978_01185.jpg,1
data/frames/frame_1764639978_01186.jpg,1
data/frames/frame_1764639979_01187.jpg,1
data/frames/frame_1764639979_01188.jpg,0
data/frames/frame_1764639979_01189.jpg,0
data/frames/frame_1764639979_01190.jpg,0
data/frames/frame_1764639979_01191.jpg,0
data/frames/frame_1764639980_01192.jpg,0
data/frames/frame_1764639980_01193.jpg,0
data/frames/frame_1764639980_01194.jpg,0
data/frames/frame_1764639980_01195.jpg,0
data/frames/frame_1764639980_01196.jpg,0
data/frames/frame_1764639981_01197.jpg,0
data/frames/frame_1764639981_01198.jpg,0
data/frames/frame_1764639981_01199.jpg,0
data/frames/frame_1764639981_01200.jpg,0
data/frames/frame_1764639981_01201.jpg,0
data/frames/frame_1764639982_01202.jpg,0
data/frames/frame_1764639982_01203.jpg,0
data/frames/frame_1764639982_01204.jpg,0
data/frames/frame_1764639982_01205.jpg,0
data/frames/frame_1764639982_01206.jpg,0
data/frames/frame_1764639983_01207.jpg,0
data/frames/frame_1764639983_01208.jpg,0
data/frames/frame_1764639983_01209.jpg,0
data/frames/frame_1764639983_01210.jpg,0
data/frames/frame_1764639983_01211.jpg,0
data/frames/frame_1764639984_01212.jpg,0
data/frames/frame_1764639984_01213.jpg,0
data/frames/frame_1764639984_01214.jpg,0
data/frames/frame_1764639984_01215.jpg,0
data/frames/frame_1764639984_01216.jpg,0
data/frames/frame_1764639985_01217.jpg,0
data/frames/frame_1764639985_01218.jpg,0
data/frames/frame_1764639985_01219.jpg,0
data/frames/frame_1764639985_01220.jpg,0
data/frames/frame_1764639985_01221.jpg,0
data/frames/frame_1764639986_01222.jpg,0
data/frames/frame_1764639986_01223.jpg,0
data/frames/frame_1764639986_01224.jpg,0
data/frames/frame_1764639986_01225.jpg,0
data/frames/frame_1764639986_01226.jpg,0
data/frames/frame_1764639987_01227.jpg,0
data/frames/frame_1764639987_01228.jpg,0
data/frames/frame_1764639987_01229.jpg,0
data/frames/frame_1764639987_01230.jpg,0
data/frames/frame_1764639987_01231.jpg,0
data/frames/frame_1764639988_01232.jpg,0
data/frames/frame_1764639988_01233.jpg,0
data/frames/frame_1764639988_01234.jpg,0
data/frames/frame_1764639988_01235.jpg,0
data/frames/frame_1764639988_01236.jpg,0
data/frames/frame_1764639988_01237.jpg,0
data/frames/frame_1764639989_01238.jpg,0
data/frames/frame_1764639989_01239.jpg,0
data/frames/frame_1764639989_01240.jpg,0
data/frames/frame_1764639989_01241.jpg,0
data/frames/frame_1764639989_01242.jpg,0
data/frames/frame_1764639990_01243.jpg,0
data/frames/frame_1764639990_01244.jpg,0
data/frames/frame_1764639990_01245.jpg,0
data/frames/frame_1764639990_01246.jpg,0
data/frames/frame_1764639990_01247.jpg,0
data/frames/frame_1764639991_01248.jpg,0
data/frames/frame_1764639991_01249.jpg,0
data/frames/frame_1764639991_01250.jpg,0
data/frames/frame_1764639991_01251.jpg,0
data/frames/frame_1764639991_01252.jpg,0
data/frames/frame_1764639992_01253.jpg,0
data/frames/frame_1764639992_01254.jpg,0
data/frames/frame_1764639992_01255.jpg,0
data/frames/frame_1764639992_01256.jpg,0
data/frames/frame_1764639992_01257.jpg,0
data/frames/frame_1764639993_01258.jpg,0
data/frames/frame_1764639993_01259.jpg,0
data/frames/frame_1764639993_01260.jpg,0
data/frames/frame_1764639993_01261.jpg,0
data/frames/frame_1764639993_01262.jpg,0
data/frames/frame_1764639994_01263.jpg,0
data/frames/frame_1764639994_01264.jpg,0
data/frames/frame_1764639994_01265.jpg,0
data/frames/frame_1764639994_01266.jpg,0
data/frames/frame_1764639994_01267.jpg,0
data/frames/frame_1764639995_01268.jpg,0
data/frames/frame_1764639995_01269.jpg,0
data/frames/frame_1764639995_01270.jpg,0
data/frames/frame_1764639995_01271.jpg,0
data/frames/frame_1764639995_01272.jpg,0
data/frames/frame_1764639996_01273.jpg,0
data/frames/frame_1764639996_01274.jpg,0
data/frames/frame_1764639996_01275.jpg,0
data/frames/frame_1764639996_01276.jpg,0
data/frames/frame_1764639996_01277.jpg,0
data/frames/frame_1764639996_01278.jpg,0
data/frames/frame_1764639997_01279.jpg,0
data/frames/frame_1764639997_01280.jpg,0
data/frames/frame_1764639997_01281.jpg,0
data/frames/frame_1764639997_01282.jpg,0
data/frames/frame_1764639997_01283.jpg,0
data/frames/frame_1764639998_01284.jpg,0
data/frames/frame_1764639998_01285.jpg,0
data/frames/frame_1764639998_01286.jpg,0
data/frames/frame_1764639998_01287.jpg,0
data/frames/frame_1764639998_01288.jpg,0
data/frames/frame_1764639999_01289.jpg,0
data/frames/frame_1764639999_01290.jpg,0
data/frames/frame_1764639999_01291.jpg,0
data/frames/frame_1764639999_01292.jpg,0
data/frames/frame_1764639999_01293.jpg,0
data/frames/frame_1764640000_01294.jpg,0
data/frames/frame_1764640000_01295.jpg,0
data/frames/frame_1764640000_01296.jpg,0
data/frames/frame_1764640000_01297.jpg,0
data/frames/frame_1764640000_01298.jpg,0
data/frames/frame_1764640001_01299.jpg,0
data/frames/frame_1764640001_01300.jpg,0
data/frames/frame_1764640001_01301.jpg,0
data/frames/frame_1764640001_01302.jpg,0
data/frames/frame_1764640001_01303.jpg,0
data/frames/frame_1764640002_01304.jpg,0
data/frames/frame_1764640002_01305.jpg,0
data/frames/frame_1764640002_01306.jpg,0
data/frames/frame_1764640002_01307.jpg,0
data/frames/frame_1764640002_01308.jpg,0
data/frames/frame_1764640003_01309.jpg,0
data/frames/frame_1764640003_01310.jpg,0
data/frames/frame_1764640003_01311.jpg,0
data/frames/frame_1764640003_01312.jpg,0
data/frames/frame_1764640003_01313.jpg,0
data/frames/frame_1764640004_01314.jpg,0
data/frames/frame_1764640004_01315.jpg,0
data/frames/frame_1764640004_01316.jpg,0
data/frames/frame_1764640004_01317.jpg,0
data/frames/frame_1764640004_01318.jpg,0
data/frames/frame_1764640005_01319.jpg,0
data/frames/frame_1764640005_01320.jpg,0
data/frames/frame_1764640005_01321.jpg,0
data/frames/frame_1764640005_01322.jpg,0
data/frames/frame_1764640005_01323.jpg,1
data/frames/frame_1764640006_01324.jpg,1
data/frames/frame_1764640006_01325.jpg,1
data/frames/frame_1764640006_01326.jpg,1
data/frames/frame_1764640006_01327.jpg,1
data/frames/frame_1764640006_01328.jpg,1
data/frames/frame_1764640007_01329.jpg,1
data/frames/frame_1764640007_01330.jpg,1
data/frames/frame_1764640007_01331.jpg,1
data/frames/frame_1764640007_01332.jpg,0
data/frames/frame_1764640007_01333.jpg,0
data/frames/frame_1764640008_01334.jpg,0
data/frames/frame_1764640008_01335.jpg,0
data/frames/frame_1764640008_01336.jpg,0
data/frames/frame_1764640008_01337.jpg,0
data/frames/frame_1764640008_01338.jpg,0
data/frames/frame_1764640009_01339.jpg,0
data/frames/frame_1764640009_01340.jpg,0
data/frames/frame_1764640009_01341.jpg,0
data/frames/frame_1764640009_01342.jpg,0
data/frames/frame_1764640009_01343.jpg,0
data/frames/frame_1764640010_01344.jpg,0
data/frames/frame_1764640010_01345.jpg,0
data/frames/frame_1764640010_01346.jpg,0
data/frames/frame_1764640010_01347.jpg,0
data/frames/frame_1764640010_01348.jpg,0
data/frames/frame_1764640011_01349.jpg,0
data/frames/frame_1764640011_01350.jpg,0
data/frames/frame_1764640011_01351.jpg,0
data/frames/frame_1764640011_01352.jpg,0
data/frames/frame_1764640011_01353.jpg,0
data/frames/frame_1764640012_01354.jpg,0
data/frames/frame_1764640012_01355.jpg,0
data/frames/frame_1764640012_01356.jpg,0
data/frames/frame_1764640012_01357.jpg,0
data/frames/frame_1764640012_01358.jpg,0
data/frames/frame_1764640013_01359.jpg,0
data/frames/frame_1764640013_01360.jpg,0
data/frames/frame_1764640013_01361.jpg,0
data/frames/frame_1764640013_01362.jpg,0
data/frames/frame_1764640013_01363.jpg,0
data/frames/frame_1764640014_01364.jpg,0
data/frames/frame_1764640014_01365.jpg,0
data/frames/frame_1764640014_01366.jpg,0
data/frames/frame_1764640014_01367.jpg,0
data/frames/frame_1764640014_01368.jpg,0
data/frames/frame_1764640015_01369.jpg,0
data/frames/frame_1764640015_01370.jpg,0
data/frames/frame_1764640015_01371.jpg,0
data/frames/frame_1764640015_01372.jpg,0
data/frames/frame_1764640015_01373.jpg,0
data/frames/frame_1764640016_01374.jpg,0
data/frames/frame_1764640016_01375.jpg,0
data/frames/frame_1764640016_01376.jpg,0
data/frames/frame_1764640016_01377.jpg,0
data/frames/frame_1764640016_01378.jpg,0
data/frames/frame_1764640017_01379.jpg,0
data/frames/frame_1764640017_01380.jpg,0
data/frames/frame_1764640017_01381.jpg,0
data/frames/frame_1764640017_01382.jpg,0
data/frames/frame_1764640017_01383.jpg,0
data/frames/frame_1764640017_01384.jpg,0
data/frames/frame_1764640018_01385.jpg,0
data/frames/frame_1764640018_01386.jpg,0
data/frames/frame_1764640018_01387.jpg,0
data/frames/frame_1764640018_01388.jpg,0
data/frames/frame_1764640019_01389.jpg,0
data/frames/frame_1764640019_01390.jpg,0
data/frames/frame_1764640019_01391.jpg,0
data/frames/frame_1764640019_01392.jpg,0
data/frames/frame_1764640019_01393.jpg,0
data/frames/frame_1764640019_01394.jpg,0
data/frames/frame_1764640020_01395.jpg,0
data/frames/frame_1764640020_01396.jpg,0
data/frames/frame_1764640020_01397.jpg,0
data/frames/frame_1764640020_01398.jpg,0
data/frames/frame_1764640020_01399.jpg,0
data/frames/frame_1764640021_01400.jpg,0
data/frames/frame_1764640021_01401.jpg,0
data/frames/frame_1764640021_01402.jpg,0
data/frames/frame_1764640021_01403.jpg,0
data/frames/frame_1764640021_01404.jpg,0
data/frames/frame_1764640022_01405.jpg,0
data/frames/frame_1764640022_01406.jpg,0
data/frames/frame_1764640022_01407.jpg,0
data/frames/frame_1764640022_01408.jpg,0
data/frames/frame_1764640022_01409.jpg,0
data/frames/frame_1764640023_01410.jpg,0
data/frames/frame_1764640023_01411.jpg,0
data/frames/frame_1764640023_01412.jpg,0
data/frames/frame_1764640023_01413.jpg,0
data/frames/frame_1764640023_01414.jpg,0
data/frames/frame_1764640024_01415.jpg,0
data/frames/frame_1764640024_01416.jpg,0
data/frames/frame_1764640024_01417.jpg,0
data/frames/frame_1764640024_01418.jpg,0
data/frames/frame_1764640024_01419.jpg,0
data/frames/frame_1764640025_01420.jpg,0
data/frames/frame_1764640025_01421.jpg,0
data/frames/frame_1764640025_01422.jpg,0
data/frames/frame_1764640025_01423.jpg,0
data/frames/frame_1764640025_01424.jpg,0
data/frames/frame_1764640026_01425.jpg,0
data/frames/frame_1764640026_01426.jpg,0
data/frames/frame_1764640026_01427.jpg,0
data/frames/frame_1764640026_01428.jpg,0
data/frames/frame_1764640026_01429.jpg,0
data/frames/frame_1764640027_01430.jpg,0
data/frames/frame_1764640027_01431.jpg,0
data/frames/frame_1764640027_01432.jpg,0
data/frames/frame_1764640027_01433.jpg,0
data/frames/frame_1764640027_01434.jpg,0
data/frames/frame_1764640028_01435.jpg,0
data/frames/frame_1764640028_01436.jpg,0
data/frames/frame_1764640028_01437.jpg,0
data/frames/frame_1764640028_01438.jpg,0
data/frames/frame_1764640028_01439.jpg,0
data/frames/frame_1764640029_01440.jpg,0
data/frames/frame_1764640029_01441.jpg,0
data/frames/frame_1764640029_01442.jpg,0
data/frames/frame_1764640029_01443.jpg,0
data/frames/frame_1764640029_01444.jpg,0
data/frames/frame_1764640030_01445.jpg,0
data/frames/frame_1764640030_01446.jpg,0
data/frames/frame_1764640030_01447.jpg,0
data/frames/frame_1764640030_01448.jpg,0
data/frames/frame_1764640030_01449.jpg,0
data/frames/frame_1764640031_01450.jpg,0
data/frames/frame_1764640031_01451.jpg,0
data/frames/frame_1764640031_01452.jpg,0
data/frames/frame_1764640031_01453.jpg,0
data/frames/frame_1764640031_01454.jpg,0
data/frames/frame_1764640032_01455.jpg,0
data/frames/frame_1764640032_01456.jpg,0
data/frames/frame_1764640032_01457.jpg,0
data/frames/frame_1764640032_01458.jpg,0
data/frames/frame_1764640032_01459.jpg,0
data/frames/frame_1764640033_01460.jpg,0
data/frames/frame_1764640033_01461.jpg,0
data/frames/frame_1764640033_01462.jpg,0
data/frames/frame_1764640033_01463.jpg,0
data/frames/frame_1764640033_01464.jpg,0
data/frames/frame_1764640034_01465.jpg,0
data/frames/frame_1764640034_01466.jpg,0
data/frames/frame_1764640034_01467.jpg,0
data/frames/frame_1764640034_01468.jpg,0
data/frames/frame_1764640034_01469.jpg,0
data/frames/frame_1764640035_01470.jpg,0
data/frames/frame_1764640035_01471.jpg,0
data/frames/frame_1764640035_01472.jpg,0
data/frames/frame_1764640035_01473.jpg,0
data/frames/frame_1764640035_01474.jpg,0
data/frames/frame_1764640036_01475.jpg,0
data/frames/frame_1764640036_01476.jpg,0
data/frames/frame_1764640036_01477.jpg,0
data/frames/frame_1764640036_01478.jpg,0
data/frames/frame_1764640036_01479.jpg,0
data/frames/frame_1764640037_01480.jpg,0
data/frames/frame_1764640037_01481.jpg,0
data/frames/frame_1764640037_01482.jpg,0
data/frames/frame_1764640037_01483.jpg,0
data/frames/frame_1764640037_01484.jpg,0
data/frames/frame_1764640038_01485.jpg,0
data/frames/frame_1764640038_01486.jpg,0
data/frames/frame_1764640038_01487.jpg,0
data/frames/frame_1764640038_01488.jpg,0
data/frames/frame_1764640038_01489.jpg,0
data/frames/frame_1764640039_01490.jpg,0
data/frames/frame_1764640039_01491.jpg,0
data/frames/frame_1764640039_01492.jpg,0
data/frames/frame_1764640039_01493.jpg,0
data/frames/frame_1764640039_01494.jpg,0
data/frames/frame_1764640040_01495.jpg,0
data/frames/frame_1764640040_01496.jpg,0
data/frames/frame_1764640040_01497.jpg,0
data/frames/frame_1764640040_01498.jpg,0
data/frames/frame_1764640040_01499.jpg,0
data/frames/frame_1764640041_01500.jpg,0
data/frames/frame_1764640041_01501.jpg,0
data/frames/frame_1764640041_01502.jpg,0
data/frames/frame_1764640041_01503.jpg,0
data/frames/frame_1764640041_01504.jpg,0
data/frames/frame_1764640041_01505.jpg,0
data/frames/frame_1764640042_01506.jpg,0
data/frames/frame_1764640042_01507.jpg,0
data/frames/frame_1764640042_01508.jpg,0
data/frames/frame_1764640042_01509.jpg,0
data/frames/frame_1764640042_01510.jpg,0
data/frames/frame_1764640043_01511.jpg,0
data/frames/frame_1764640043_01512.jpg,0
data/frames/frame_1764640043_01513.jpg,0
data/frames/frame_1764640043_01514.jpg,0
data/frames/frame_1764640043_01515.jpg,0
data/frames/frame_1764640044_01516.jpg,0
data/frames/frame_1764640044_01517.jpg,0
data/frames/frame_1764640044_01518.jpg,0
data/frames/frame_1764640044_01519.jpg,0
data/frames/frame_1764640044_01520.jpg,0
data/frames/frame_1764640045_01521.jpg,0
data/frames/frame_1764640045_01522.jpg,0
data/frames/frame_1764640045_01523.jpg,0
data/frames/frame_1764640045_01524.jpg,1
data/frames/frame_1764640045_01525.jpg,1
data/frames/frame_1764640046_01526.jpg,1
data/frames/frame_1764640046_01527.jpg,1
data/frames/frame_1764640046_01528.jpg,1
data/frames/frame_1764640046_01529.jpg,1
data/frames/frame_1764640046_01530.jpg,1
data/frames/frame_1764640047_01531.jpg,1
data/frames/frame_1764640047_01532.jpg,1
data/frames/frame_1764640047_01533.jpg,1
data/frames/frame_1764640047_01534.jpg,0
data/frames/frame_1764640047_01535.jpg,0
data/frames/frame_1764640048_01536.jpg,0
data/frames/frame_1764640048_01537.jpg,0
data/frames/frame_1764640048_01538.jpg,0
data/frames/frame_1764640048_01539.jpg,0
data/frames/frame_1764640048_01540.jpg,0
data/frames/frame_1764640049_01541.jpg,0
data/frames/frame_1764640049_01542.jpg,0
data/frames/frame_1764640049_01543.jpg,0
data/frames/frame_1764640049_01544.jpg,0
data/frames/frame_1764640049_01545.jpg,0
data/frames/frame_1764640050_01546.jpg,0
data/frames/frame_1764640050_01547.jpg,0
data/frames/frame_1764640050_01548.jpg,0
data/frames/frame_1764640050_01549.jpg,0
data/frames/frame_1764640050_01550.jpg,0
data/frames/frame_1764640051_01551.jpg,0
data/frames/frame_1764640051_01552.jpg,0
data/frames/frame_1764640051_01553.jpg,0
data/frames/frame_1764640051_01554.jpg,0
data/frames/frame_1764640051_01555.jpg,0
data/frames/frame_1764640052_01556.jpg,0
data/frames/frame_1764640052_01557.jpg,0
data/frames/frame_1764640052_01558.jpg,0
data/frames/frame_1764640052_01559.jpg,0
data/frames/frame_1764640052_01560.jpg,0
data/frames/frame_1764640053_01561.jpg,0
data/frames/frame_1764640053_01562.jpg,0
data/frames/frame_1764640053_01563.jpg,0
data/frames/frame_1764640053_01564.jpg,0
data/frames/frame_1764640053_01565.jpg,0
data/frames/frame_1764640054_01566.jpg,0
data/frames/frame_1764640054_01567.jpg,0
data/frames/frame_1764640054_01568.jpg,0
data/frames/frame_1764640054_01569.jpg,0
data/frames/frame_1764640054_01570.jpg,0
data/frames/frame_1764640054_01571.jpg,0
data/frames/frame_1764640055_01572.jpg,0
data/frames/frame_1764640055_01573.jpg,0
data/frames/frame_1764640055_01574.jpg,0
data/frames/frame_1764640055_01575.jpg,0
data/frames/frame_1764640056_01576.jpg,0
data/frames/frame_1764640056_01577.jpg,0
data/frames/frame_1764640056_01578.jpg,0
data/frames/frame_1764640056_01579.jpg,1
data/frames/frame_1764640056_01580.jpg,1
data/frames/frame_1764640057_01581.jpg,1
data/frames/frame_1764640057_01582.jpg,1
data/frames/frame_1764640057_01583.jpg,1
data/frames/frame_1764640057_01584.jpg,1
data/frames/frame_1764640057_01585.jpg,1
data/frames/frame_1764640058_01586.jpg,1
data/frames/frame_1764640058_01587.jpg,1
data/frames/frame_1764640058_01588.jpg,0
data/frames/frame_1764640058_01589.jpg,0
data/frames/frame_1764640058_01590.jpg,0
data/frames/frame_1764640059_01591.jpg,0
data/frames/frame_1764640059_01592.jpg,0
data/frames/frame_1764640059_01593.jpg,0
data/frames/frame_1764640059_01594.jpg,0
data/frames/frame_1764640059_01595.jpg,0
data/frames/frame_1764640060_01596.jpg,0
data/frames/frame_1764640060_01597.jpg,0
data/frames/frame_1764640060_01598.jpg,0
data/frames/frame_1764640060_01599.jpg,0
data/frames/frame_1764640060_01600.jpg,0
data/frames/frame_1764640061_01601.jpg,0
data/frames/frame_1764640061_01602.jpg,0
data/frames/frame_1764640061_01603.jpg,0
data/frames/frame_1764640061_01604.jpg,0
data/frames/frame_1764640061_01605.jpg,0
data/frames/frame_1764640062_01606.jpg,0
data/frames/frame_1764640062_01607.jpg,0
data/frames/frame_1764640062_01608.jpg,0
data/frames/frame_1764640062_01609.jpg,0
data/frames/frame_1764640062_01610.jpg,0
data/frames/frame_1764640063_01611.jpg,0
data/frames/frame_1764640063_01612.jpg,0
data/frames/frame_1764640063_01613.jpg,0
data/frames/frame_1764640063_01614.jpg,0
data/frames/frame_1764640063_01615.jpg,0
data/frames/frame_1764640064_01616.jpg,0
data/frames/frame_1764640064_01617.jpg,0
data/frames/frame_1764640064_01618.jpg,0
data/frames/frame_1764640064_01619.jpg,0
data/frames/frame_1764640064_01620.jpg,0
data/frames/frame_1764640065_01621.jpg,0
data/frames/frame_1764640065_01622.jpg,0
data/frames/frame_1764640065_01623.jpg,0
data/frames/frame_1764640065_01624.jpg,0
data/frames/frame_1764640065_01625.jpg,0
data/frames/frame_1764640066_01626.jpg,0
data/frames/frame_1764640066_01627.jpg,0
data/frames/frame_1764640066_01628.jpg,0
data/frames/frame_1764640066_01629.jpg,0
data/frames/frame_1764640066_01630.jpg,0
data/frames/frame_1764640066_01631.jpg,0
data/frames/frame_1764640067_01632.jpg,0
data/frames/frame_1764640067_01633.jpg,0
data/frames/frame_1764640067_01634.jpg,0
data/frames/frame_1764640067_01635.jpg,0
data/frames/frame_1764640067_01636.jpg,0
data/frames/frame_1764640068_01637.jpg,0
data/frames/frame_1764640068_01638.jpg,0
data/frames/frame_1764640068_01639.jpg,0
data/frames/frame_1764640068_01640.jpg,0
data/frames/frame_1764640068_01641.jpg,0
data/frames/frame_1764640069_01642.jpg,0
data/frames/frame_1764640069_01643.jpg,0
data/frames/frame_1764640069_01644.jpg,0
data/frames/frame_1764640069_01645.jpg,0
data/frames/frame_1764640069_01646.jpg,0
data/frames/frame_1764640070_01647.jpg,0
data/frames/frame_1764640070_01648.jpg,0
data/frames/frame_1764640070_01649.jpg,0
data/frames/frame_1764640070_01650.jpg,0
data/frames/frame_1764640070_01651.jpg,0
data/frames/frame_1764640071_01652.jpg,0
data/frames/frame_1764640071_01653.jpg,0
data/frames/frame_1764640071_01654.jpg,0
data/frames/frame_1764640071_01655.jpg,0
data/frames/frame_1764640071_01656.jpg,0
data/frames/frame_1764640072_01657.jpg,0
data/frames/frame_1764640072_01658.jpg,0
data/frames/frame_1764640072_01659.jpg,0
data/frames/frame_1764640072_01660.jpg,0
data/frames/frame_1764640072_01661.jpg,0
data/frames/frame_1764640073_01662.jpg,0
data/frames/frame_1764640073_01663.jpg,0
data/frames/frame_1764640073_01664.jpg,0
data/frames/frame_1764640073_01665.jpg,0
data/frames/frame_1764640073_01666.jpg,0
data/frames/frame_1764640074_01667.jpg,0
data/frames/frame_1764640074_01668.jpg,0
data/frames/frame_1764640074_01669.jpg,0
data/frames/frame_1764640074_01670.jpg,0
data/frames/frame_1764640074_01671.jpg,0
data/frames/frame_1764640075_01672.jpg,0
data/frames/frame_1764640075_01673.jpg,0
data/frames/frame_1764640075_01674.jpg,0
data/frames/frame_1764640075_01675.jpg,0
data/frames/frame_1764640075_01676.jpg,0
data/frames/frame_1764640076_01677.jpg,0
data/frames/frame_1764640076_01678.jpg,0
data/frames/frame_1764640076_01679.jpg,0
data/frames/frame_1764640076_01680.jpg,0
data/frames/frame_1764640076_01681.jpg,0
data/frames/frame_1764640077_01682.jpg,0
data/frames/frame_1764640077_01683.jpg,0
data/frames/frame_1764640077_01684.jpg,0
data/frames/frame_1764640077_01685.jpg,0
data/frames/frame_1764640077_01686.jpg,0
data/frames/frame_1764640078_01687.jpg,0
data/frames/frame_1764640078_01688.jpg,0
data/frames/frame_1764640078_01689.jpg,0
data/frames/frame_1764640078_01690.jpg,0
data/frames/frame_1764640078_01691.jpg,0
data/frames/frame_1764640079_01692.jpg,0
data/frames/frame_1764640079_01693.jpg,0
data/frames/frame_1764640079_01694.jpg,0
data/frames/frame_1764640079_01695.jpg,0
data/frames/frame_1764640079_01696.jpg,0
data/frames/frame_1764640080_01697.jpg,0
data/frames/frame_1764640080_01698.jpg,0
data/frames/frame_1764640080_01699.jpg,0
data/frames/frame_1764640080_01700.jpg,0
data/frames/frame_1764640080_01701.jpg,0
data/frames/frame_1764640081_01702.jpg,0
data/frames/frame_1764640081_01703.jpg,0
data/frames/frame_1764640081_01704.jpg,0
data/frames/frame_1764640081_01705.jpg,0
data/frames/frame_1764640081_01706.jpg,0
data/frames/frame_1764640082_01707.jpg,0
data/frames/frame_1764640082_01708.jpg,0
data/frames/frame_1764640082_01709.jpg,0
data/frames/frame_1764640082_01710.jpg,0
data/frames/frame_1764640082_01711.jpg,0
data/frames/frame_1764640083_01712.jpg,0
data/frames/frame_1764640083_01713.jpg,0
data/frames/frame_1764640083_01714.jpg,0
data/frames/frame_1764640083_01715.jpg,0
data/frames/frame_1764640083_01716.jpg,0
data/frames/frame_1764640084_01717.jpg,0
data/frames/frame_1764640084_01718.jpg,0
data/frames/frame_1764640084_01719.jpg,0
data/frames/frame_1764640084_01720.jpg,0
data/frames/frame_1764640084_01721.jpg,0
data/frames/frame_1764640085_01722.jpg,0
data/frames/frame_1764640085_01723.jpg,0
data/frames/frame_1764640085_01724.jpg,0
data/frames/frame_1764640085_01725.jpg,0
data/frames/frame_1764640085_01726.jpg,0
data/frames/frame_1764640086_01727.jpg,0
data/frames/frame_1764640086_01728.jpg,0
data/frames/frame_1764640086_01729.jpg,0
data/frames/frame_1764640086_01730.jpg,0
data/frames/frame_1764640086_01731.jpg,0
data/frames/frame_1764640087_01732.jpg,0
data/frames/frame_1764640087_01733.jpg,0
data/frames/frame_1764640087_01734.jpg,0
data/frames/frame_1764640087_01735.jpg,0
data/frames/frame_1764640087_01736.jpg,0
data/frames/frame_1764640088_01737.jpg,0
data/frames/frame_1764640088_01738.jpg,0
data/frames/frame_1764640088_01739.jpg,0
data/frames/frame_1764640088_01740.jpg,0
data/frames/frame_1764640088_01741.jpg,0
data/frames/frame_1764640089_01742.jpg,0
data/frames/frame_1764640089_01743.jpg,0
data/frames/frame_1764640089_01744.jpg,0
data/frames/frame_1764640089_01745.jpg,0
data/frames/frame_1764640089_01746.jpg,0
data/frames/frame_1764640090_01747.jpg,0
data/frames/frame_1764640090_01748.jpg,0
data/frames/frame_1764640090_01749.jpg,0
data/frames/frame_1764640090_01750.jpg,0
data/frames/frame_1764640090_01751.jpg,0
data/frames/frame_1764640091_01752.jpg,0
data/frames/frame_1764640091_01753.jpg,0
data/frames/frame_1764640091_01754.jpg,0
data/frames/frame_1764640091_01755.jpg,0
data/frames/frame_1764640091_01756.jpg,0
data/frames/frame_1764640091_01757.jpg,0
data/frames/frame_1764640092_01758.jpg,0
data/frames/frame_1764640092_01759.jpg,0
data/frames/frame_1764640092_01760.jpg,0
data/frames/frame_1764640092_01761.jpg,0
data/frames/frame_1764640092_01762.jpg,0
data/frames/frame_1764640093_01763.jpg,0
data/frames/frame_1764640093_01764.jpg,0
data/frames/frame_1764640093_01765.jpg,0
data/frames/frame_1764640093_01766.jpg,0
data/frames/frame_1764640093_01767.jpg,0
data/frames/frame_1764640094_01768.jpg,0
data/frames/frame_1764640094_01769.jpg,0
data/frames/frame_1764640094_01770.jpg,0
data/frames/frame_1764640094_01771.jpg,0
data/frames/frame_1764640094_01772.jpg,0
data/frames/frame_1764640095_01773.jpg,0
data/frames/frame_1764640095_01774.jpg,0
data/frames/frame_1764640095_01775.jpg,0
data/frames/frame_1764640095_01776.jpg,0
data/frames/frame_1764640095_01777.jpg,0
data/frames/frame_1764640096_01778.jpg,0
data/frames/frame_1764640096_01779.jpg,0
data/frames/frame_1764640096_01780.jpg,0
data/frames/frame_1764640096_01781.jpg,0
data/frames/frame_1764640096_01782.jpg,0
data/frames/frame_1764640097_01783.jpg,0
data/frames/frame_1764640097_01784.jpg,0
data/frames/frame_1764640097_01785.jpg,0
data/frames/frame_1764640097_01786.jpg,0
data/frames/frame_1764640097_01787.jpg,0
data/frames/frame_1764640098_01788.jpg,0
data/frames/frame_1764640098_01789.jpg,0
data/frames/frame_1764640098_01790.jpg,0
data/frames/frame_1764640098_01791.jpg,0
data/frames/frame_1764640098_01792.jpg,0
data/frames/frame_1764640099_01793.jpg,0
data/frames/frame_1764640099_01794.jpg,0
data/frames/frame_1764640099_01795.jpg,0
data/frames/frame_1764640099_01796.jpg,0
data/frames/frame_1764640099_01797.jpg,0
data/frames/frame_1764640100_01798.jpg,0
data/frames/frame_1764640100_01799.jpg,0
data/frames/frame_1764640100_01800.jpg,0
data/frames/frame_1764640100_01801.jpg,0
data/frames/frame_1764640100_01802.jpg,0
data/frames/frame_1764640101_01803.jpg,0
data/frames/frame_1764640101_01804.jpg,0
data/frames/frame_1764640101_01805.jpg,0
data/frames/frame_1764640101_01806.jpg,0
data/frames/frame_1764640101_01807.jpg,0
data/frames/frame_1764640102_01808.jpg,0
data/frames/frame_1764640102_01809.jpg,0
data/frames/frame_1764640102_01810.jpg,0
data/frames/frame_1764640102_01811.jpg,0
data/frames/frame_1764640102_01812.jpg,0
data/frames/frame_1764640103_01813.jpg,0
data/frames/frame_1764640103_01814.jpg,0
data/frames/frame_1764640103_01815.jpg,0
data/frames/frame_1764640103_01816.jpg,0
data/frames/frame_1764640103_01817.jpg,0
data/frames/frame_1764640104_01818.jpg,0
data/frames/frame_1764640104_01819.jpg,0
data/frames/frame_1764640104_01820.jpg,0
data/frames/frame_1764640104_01821.jpg,0
data/frames/frame_1764640104_01822.jpg,0
data/frames/frame_1764640105_01823.jpg,0
data/frames/frame_1764640105_01824.jpg,0
data/frames/frame_1764640105_01825.jpg,0
data/frames/frame_1764640105_01826.jpg,0
data/frames/frame_1764640105_01827.jpg,0
data/frames/frame_1764640106_01828.jpg,0
data/frames/frame_1764640106_01829.jpg,0
data/frames/frame_1764640106_01830.jpg,0
data/frames/frame_1764640106_01831.jpg,0
data/frames/frame_1764640106_01832.jpg,0
data/frames/frame_1764640107_01833.jpg,0
data/frames/frame_1764640107_01834.jpg,0
data/frames/frame_1764640107_01835.jpg,0
data/frames/frame_1764640107_01836.jpg,1
data/frames/frame_1764640107_01837.jpg,1
data/frames/frame_1764640108_01838.jpg,1
data/frames/frame_1764640108_01839.jpg,1
data/frames/frame_1764640108_01840.jpg,1
data/frames/frame_1764640108_01841.jpg,1
data/frames/frame_1764640108_01842.jpg,1
data/frames/frame_1764640109_01843.jpg,1
data/frames/frame_1764640109_01844.jpg,1
data/frames/frame_1764640109_01845.jpg,1
data/frames/frame_1764640109_01846.jpg,1
data/frames/frame_1764640109_01847.jpg,1
data/frames/frame_1764640110_01848.jpg,1
data/frames/frame_1764640110_01849.jpg,0
data/frames/frame_1764640110_01850.jpg,0
data/frames/frame_1764640110_01851.jpg,0
data/frames/frame_1764640110_01852.jpg,0
data/frames/frame_1764640111_01853.jpg,0
data/frames/frame_1764640111_01854.jpg,0
data/frames/frame_1764640111_01855.jpg,0
data/frames/frame_1764640111_01856.jpg,0
data/frames/frame_1764640111_01857.jpg,0
data/frames/frame_1764640112_01858.jpg,0
data/frames/frame_1764640112_01859.jpg,0
data/frames/frame_1764640112_01860.jpg,0
data/frames/frame_1764640112_01861.jpg,0
data/frames/frame_1764640112_01862.jpg,0
data/frames/frame_1764640113_01863.jpg,0
data/frames/frame_1764640113_01864.jpg,0
data/frames/frame_1764640113_01865.jpg,0
data/frames/frame_1764640113_01866.jpg,0
data/frames/frame_1764640113_01867.jpg,0
data/frames/frame_1764640114_01868.jpg,0
data/frames/frame_1764640114_01869.jpg,0
data/frames/frame_1764640114_01870.jpg,0
data/frames/frame_1764640114_01871.jpg,0
data/frames/frame_1764640114_01872.jpg,0
data/frames/frame_1764640115_01873.jpg,0
data/frames/frame_1764640115_01874.jpg,0
data/frames/frame_1764640115_01875.jpg,0
data/frames/frame_1764640115_01876.jpg,0
data/frames/frame_1764640115_01877.jpg,0
data/frames/frame_1764640116_01878.jpg,0
data/frames/frame_1764640116_01879.jpg,0
data/frames/frame_1764640116_01880.jpg,0
data/frames/frame_1764640116_01881.jpg,0
data/frames/frame_1764640116_01882.jpg,0
data/frames/frame_1764640117_01883.jpg,0
data/frames/frame_1764640117_01884.jpg,0
data/frames/frame_1764640117_01885.jpg,0
data/frames/frame_1764640117_01886.jpg,0
data/frames/frame_1764640117_01887.jpg,0
data/frames/frame_1764640118_01888.jpg,0
data/frames/frame_1764640118_01889.jpg,0
data/frames/frame_1764640118_01890.jpg,0
data/frames/frame_1764640118_01891.jpg,0
data/frames/frame_1764640118_01892.jpg,0
data/frames/frame_1764640119_01893.jpg,0
data/frames/frame_1764640119_01894.jpg,0
data/frames/frame_1764640119_01895.jpg,0
data/frames/frame_1764640119_01896.jpg,0
data/frames/frame_1764640119_01897.jpg,0
data/frames/frame_1764640120_01898.jpg,0
data/frames/frame_1764640120_01899.jpg,0
data/frames/frame_1764640120_01900.jpg,0
data/frames/frame_1764640120_01901.jpg,0
data/frames/frame_1764640120_01902.jpg,0
data/frames/frame_1764640121_01903.jpg,0
data/frames/frame_1764640121_01904.jpg,0
data/frames/frame_1764640121_01905.jpg,0
data/frames/frame_1764640121_01906.jpg,0
data/frames/frame_1764640121_01907.jpg,0
data/frames/frame_1764640122_01908.jpg,0
data/frames/frame_1764640122_01909.jpg,0
data/frames/frame_1764640122_01910.jpg,0
data/frames/frame_1764640122_01911.jpg,0
data/frames/frame_1764640122_01912.jpg,0
data/frames/frame_1764640123_01913.jpg,0
data/frames/frame_1764640123_01914.jpg,0
data/frames/frame_1764640123_01915.jpg,0
data/frames/frame_1764640123_01916.jpg,0
data/frames/frame_1764640123_01917.jpg,0
data/frames/frame_1764640124_01918.jpg,0
data/frames/frame_1764640124_01919.jpg,0
data/frames/frame_1764640124_01920.jpg,0
data/frames/frame_1764640124_01921.jpg,0
data/frames/frame_1764640124_01922.jpg,0
data/frames/frame_1764640125_01923.jpg,0
data/frames/frame_1764640125_01924.jpg,0
data/frames/frame_1764640125_01925.jpg,0
data/frames/frame_1764640125_01926.jpg,0
data/frames/frame_1764640125_01927.jpg,0
data/frames/frame_1764640126_01928.jpg,0
data/frames/frame_1764640126_01929.jpg,0
data/frames/frame_1764640126_01930.jpg,0
data/frames/frame_1764640126_01931.jpg,0
data/frames/frame_1764640126_01932.jpg,0
data/frames/frame_1764640127_01933.jpg,0
data/frames/frame_1764640127_01934.jpg,0
data/frames/frame_1764640127_01935.jpg,0
data/frames/frame_1764640127_01936.jpg,0
data/frames/frame_1764640127_01937.jpg,0
data/frames/frame_1764640128_01938.jpg,0
data/frames/frame_1764640128_01939.jpg,0
data/frames/frame_1764640128_01940.jpg,0
data/frames/frame_1764640128_01941.jpg,0
data/frames/frame_1764640128_01942.jpg,0
data/frames/frame_1764640129_01943.jpg,0
data/frames/frame_1764640129_01944.jpg,0
data/frames/frame_1764640129_01945.jpg,0
data/frames/frame_1764640129_01946.jpg,0
data/frames/frame_1764640129_01947.jpg,0
data/frames/frame_1764640130_01948.jpg,0
data/frames/frame_1764640130_01949.jpg,0
data/frames/frame_1764640130_01950.jpg,0
data/frames/frame_1764640130_01951.jpg,0
data/frames/frame_1764640130_01952.jpg,0
data/frames/frame_1764640131_01953.jpg,0
data/frames/frame_1764640131_01954.jpg,0
data/frames/frame_1764640131_01955.jpg,0
data/frames/frame_1764640131_01956.jpg,0
data/frames/frame_1764640131_01957.jpg,0
data/frames/frame_1764640132_01958.jpg,0
data/frames/frame_1764640132_01959.jpg,0
data/frames/frame_1764640132_01960.jpg,0
data/frames/frame_1764640132_01961.jpg,0
data/frames/frame_1764640132_01962.jpg,0
data/frames/frame_1764640133_01963.jpg,0
data/frames/frame_1764640133_01964.jpg,0
data/frames/frame_1764640133_01965.jpg,0
data/frames/frame_1764640133_01966.jpg,0
data/frames/frame_1764640133_01967.jpg,0
data/frames/frame_1764640134_01968.jpg,0
data/frames/frame_1764640134_01969.jpg,0
data/frames/frame_1764640134_01970.jpg,0
data/frames/frame_1764640134_01971.jpg,0
data/frames/frame_1764640134_01972.jpg,0
data/frames/frame_1764640135_01973.jpg,0
data/frames/frame_1764640135_01974.jpg,0
data/frames/frame_1764640135_01975.jpg,0
data/frames/frame_1764640135_01976.jpg,0
data/frames/frame_1764640135_01977.jpg,0
data/frames/frame_1764640135_01978.jpg,0
data/frames/frame_1764640136_01979.jpg,0
data/frames/frame_1764640136_01980.jpg,0
data/frames/frame_1764640136_01981.jpg,0
data/frames/frame_1764640136_01982.jpg,0
data/frames/frame_1764640136_01983.jpg,0
data/frames/frame_1764640137_01984.jpg,0
data/frames/frame_1764640137_01985.jpg,0
data/frames/frame_1764640137_01986.jpg,0
data/frames/frame_1764640137_01987.jpg,0
data/frames/frame_1764640137_01988.jpg,0
data/frames/frame_1764640138_01989.jpg,0
data/frames/frame_1764640138_01990.jpg,0
data/frames/frame_1764640138_01991.jpg,0
data/frames/frame_1764640138_01992.jpg,0
data/frames/frame_1764640138_01993.jpg,0
data/frames/frame_1764640139_01994.jpg,0
data/frames/frame_1764640139_01995.jpg,0
data/frames/frame_1764640139_01996.jpg,0
data/frames/frame_1764640139_01997.jpg,0
data/frames/frame_1764640139_01998.jpg,0
data/frames/frame_1764640140_01999.jpg,0
data/frames/frame_1764640140_02000.jpg,0
data/frames/frame_1764640140_02001.jpg,0
data/frames/frame_1764640140_02002.jpg,0
data/frames/frame_1764640140_02003.jpg,0
data/frames/frame_1764640141_02004.jpg,0
data/frames/frame_1764640141_02005.jpg,0
data/frames/frame_1764640141_02006.jpg,0
data/frames/frame_1764640141_02007.jpg,0
data/frames/frame_1764640141_02008.jpg,0
data/frames/frame_1764640142_02009.jpg,0
data/frames/frame_1764640142_02010.jpg,0
data/frames/frame_1764640142_02011.jpg,0
data/frames/frame_1764640142_02012.jpg,0
data/frames/frame_1764640142_02013.jpg,0
data/frames/frame_1764640143_02014.jpg,0
data/frames/frame_1764640143_02015.jpg,0
data/frames/frame_1764640143_02016.jpg,0
data/frames/frame_1764640143_02017.jpg,0
data/frames/frame_1764640143_02018.jpg,0
data/frames/frame_1764640144_02019.jpg,0
data/frames/frame_1764640144_02020.jpg,0
data/frames/frame_1764640144_02021.jpg,0
data/frames/frame_1764640144_02022.jpg,0
data/frames/frame_1764640144_02023.jpg,0
data/frames/frame_1764640145_02024.jpg,0
data/frames/frame_1764640145_02025.jpg,0
data/frames/frame_1764640145_02026.jpg,0
data/frames/frame_1764640145_02027.jpg,0
data/frames/frame_1764640145_02028.jpg,0
data/frames/frame_1764640146_02029.jpg,0
data/frames/frame_1764640146_02030.jpg,0
data/frames/frame_1764640146_02031.jpg,0
data/frames/frame_1764640146_02032.jpg,0
data/frames/frame_1764640146_02033.jpg,0
data/frames/frame_1764640147_02034.jpg,0
data/frames/frame_1764640147_02035.jpg,0
data/frames/frame_1764640147_02036.jpg,0
data/frames/frame_1764640147_02037.jpg,0
data/frames/frame_1764640147_02038.jpg,0
data/frames/frame_1764640148_02039.jpg,0
data/frames/frame_1764640148_02040.jpg,0
data/frames/frame_1764640148_02041.jpg,0
data/frames/frame_1764640148_02042.jpg,0
data/frames/frame_1764640148_02043.jpg,0
data/frames/frame_1764640149_02044.jpg,0
data/frames/frame_1764640149_02045.jpg,0
data/frames/frame_1764640149_02046.jpg,0
data/frames/frame_1764640149_02047.jpg,0
data/frames/frame_1764640149_02048.jpg,0
data/frames/frame_1764640150_02049.jpg,0
data/frames/frame_1764640150_02050.jpg,0
data/frames/frame_1764640150_02051.jpg,0
data/frames/frame_1764640150_02052.jpg,0
data/frames/frame_1764640150_02053.jpg,0
data/frames/frame_1764640150_02054.jpg,0
data/frames/frame_1764640151_02055.jpg,0
data/frames/frame_1764640151_02056.jpg,0
data/frames/frame_1764640151_02057.jpg,0
data/frames/frame_1764640151_02058.jpg,0
data/frames/frame_1764640151_02059.jpg,0
data/frames/frame_1764640152_02060.jpg,0
data/frames/frame_1764640152_02061.jpg,0
data/frames/frame_1764640152_02062.jpg,0
data/frames/frame_1764640152_02063.jpg,0
data/frames/frame_1764640152_02064.jpg,0
data/frames/frame_1764640153_02065.jpg,0
data/frames/frame_1764640153_02066.jpg,0
data/frames/frame_1764640153_02067.jpg,0
data/frames/frame_1764640153_02068.jpg,0
data/frames/frame_1764640153_02069.jpg,0
data/frames/frame_1764640154_02070.jpg,0
data/frames/frame_1764640154_02071.jpg,0
data/frames/frame_1764640154_02072.jpg,0
data/frames/frame_1764640154_02073.jpg,0
data/frames/frame_1764640154_02074.jpg,0
data/frames/frame_1764640155_02075.jpg,0
data/frames/frame_1764640155_02076.jpg,0
data/frames/frame_1764640155_02077.jpg,0
data/frames/frame_1764640155_02078.jpg,0
data/frames/frame_1764640155_02079.jpg,0
data/frames/frame_1764640155_02080.jpg,0
data/frames/frame_1764640156_02081.jpg,0
data/frames/frame_1764640156_02082.jpg,0
data/frames/frame_1764640156_02083.jpg,0
data/frames/frame_1764640156_02084.jpg,0
data/frames/frame_1764640156_02085.jpg,0
data/frames/frame_1764640157_02086.jpg,0
data/frames/frame_1764640157_02087.jpg,0
data/frames/frame_1764640157_02088.jpg,0
data/frames/frame_1764640157_02089.jpg,0
data/frames/frame_1764640157_02090.jpg,0
data/frames/frame_1764640158_02091.jpg,0
data/frames/frame_1764640158_02092.jpg,0
data/frames/frame_1764640158_02093.jpg,0
data/frames/frame_1764640158_02094.jpg,0
data/frames/frame_1764640158_02095.jpg,0
data/frames/frame_1764640159_02096.jpg,0
data/frames/frame_1764640159_02097.jpg,0
data/frames/frame_1764640159_02098.jpg,0
data/frames/frame_1764640159_02099.jpg,0
data/frames/frame_1764640159_02100.jpg,0
data/frames/frame_1764640160_02101.jpg,0
data/frames/frame_1764640160_02102.jpg,0
data/frames/frame_1764640160_02103.jpg,0
data/frames/frame_1764640160_02104.jpg,0
data/frames/frame_1764640160_02105.jpg,0
data/frames/frame_1764640161_02106.jpg,0
data/frames/frame_1764640161_02107.jpg,0
data/frames/frame_1764640161_02108.jpg,0
data/frames/frame_1764640161_02109.jpg,0
data/frames/frame_1764640161_02110.jpg,0
data/frames/frame_1764640162_02111.jpg,0
data/frames/frame_1764640162_02112.jpg,0
data/frames/frame_1764640162_02113.jpg,0
data/frames/frame_1764640162_02114.jpg,0
data/frames/frame_1764640162_02115.jpg,0
data/frames/frame_1764640163_02116.jpg,0
data/frames/frame_1764640163_02117.jpg,0
data/frames/frame_1764640163_02118.jpg,0
data/frames/frame_1764640163_02119.jpg,0
data/frames/frame_1764640163_02120.jpg,0
data/frames/frame_1764640164_02121.jpg,0
data/frames/frame_1764640164_02122.jpg,0
data/frames/frame_1764640164_02123.jpg,0
data/frames/frame_1764640164_02124.jpg,0
data/frames/frame_1764640164_02125.jpg,0
data/frames/frame_1764640164_02126.jpg,1
data/frames/frame_1764640165_02127.jpg,1
data/frames/frame_1764640165_02128.jpg,1
data/frames/frame_1764640165_02129.jpg,1
data/frames/frame_1764640165_02130.jpg,1
data/frames/frame_1764640165_02131.jpg,1
data/frames/frame_1764640166_02132.jpg,1
data/frames/frame_1764640166_02133.jpg,1
data/frames/frame_1764640166_02134.jpg,1
data/frames/frame_1764640166_02135.jpg,1
data/frames/frame_1764640166_02136.jpg,1
data/frames/frame_1764640167_02137.jpg,0
data/frames/frame_1764640167_02138.jpg,0
data/frames/frame_1764640167_02139.jpg,0
data/frames/frame_1764640167_02140.jpg,0
data/frames/frame_1764640167_02141.jpg,0
data/frames/frame_1764640168_02142.jpg,0
data/frames/frame_1764640168_02143.jpg,0
data/frames/frame_1764640168_02144.jpg,0
data/frames/frame_1764640168_02145.jpg,0
data/frames/frame_1764640168_02146.jpg,0
data/frames/frame_1764640169_02147.jpg,0
data/frames/frame_1764640169_02148.jpg,0
data/frames/frame_1764640169_02149.jpg,0
data/frames/frame_1764640169_02150.jpg,0
data/frames/frame_1764640169_02151.jpg,0
data/frames/frame_1764640170_02152.jpg,0
data/frames/frame_1764640170_02153.jpg,0
data/frames/frame_1764640170_02154.jpg,0
data/frames/frame_1764640170_02155.jpg,0
data/frames/frame_1764640170_02156.jpg,0
data/frames/frame_1764640170_02157.jpg,0
data/frames/frame_1764640171_02158.jpg,0
data/frames/frame_1764640171_02159.jpg,0
data/frames/frame_1764640171_02160.jpg,0
data/frames/frame_1764640171_02161.jpg,0
data/frames/frame_1764640171_02162.jpg,0
data/frames/frame_1764640172_02163.jpg,0
data/frames/frame_1764640172_02164.jpg,0
data/frames/frame_1764640172_02165.jpg,0
data/frames/frame_1764640172_02166.jpg,0
data/frames/frame_1764640172_02167.jpg,0
data/frames/frame_1764640173_02168.jpg,0
data/frames/frame_1764640173_02169.jpg,0
data/frames/frame_1764640173_02170.jpg,0
data/frames/frame_1764640173_02171.jpg,0
data/frames/frame_1764640173_02172.jpg,0
data/frames/frame_1764640174_02173.jpg,0
data/frames/frame_1764640174_02174.jpg,0
data/frames/frame_1764640174_02175.jpg,0
data/frames/frame_1764640174_02176.jpg,0
data/frames/frame_1764640174_02177.jpg,0
data/frames/frame_1764640175_02178.jpg,0
data/frames/frame_1764640175_02179.jpg,0
data/frames/frame_1764640175_02180.jpg,0
data/frames/frame_1764640175_02181.jpg,0
data/frames/frame_1764640175_02182.jpg,0
data/frames/frame_1764640176_02183.jpg,0
data/frames/frame_1764640176_02184.jpg,0
data/frames/frame_1764640176_02185.jpg,0
data/frames/frame_1764640176_02186.jpg,0
data/frames/frame_1764640176_02187.jpg,0
data/frames/frame_1764640177_02188.jpg,0
data/frames/frame_1764640177_02189.jpg,0
data/frames/frame_1764640177_02190.jpg,0
data/frames/frame_1764640177_02191.jpg,0
data/frames/frame_1764640177_02192.jpg,0
data/frames/frame_1764640178_02193.jpg,0
data/frames/frame_1764640178_02194.jpg,0
data/frames/frame_1764640178_02195.jpg,0
data/frames/frame_1764640178_02196.jpg,0
data/frames/frame_1764640178_02197.jpg,0
data/frames/frame_1764640179_02198.jpg,0
data/frames/frame_1764640179_02199.jpg,0
data/frames/frame_1764640179_02200.jpg,0
data/frames/frame_1764640179_02201.jpg,0
data/frames/frame_1764640179_02202.jpg,0
data/frames/frame_1764640180_02203.jpg,0
data/frames/frame_1764640180_02204.jpg,0
data/frames/frame_1764640180_02205.jpg,0
data/frames/frame_1764640180_02206.jpg,0
data/frames/frame_1764640180_02207.jpg,0
data/frames/frame_1764640180_02208.jpg,0
data/frames/frame_1764640181_02209.jpg,0
data/frames/frame_1764640181_02210.jpg,0
data/frames/frame_1764640181_02211.jpg,0
data/frames/frame_1764640181_02212.jpg,0
data/frames/frame_1764640181_02213.jpg,0
data/frames/frame_1764640182_02214.jpg,0
data/frames/frame_1764640182_02215.jpg,0
data/frames/frame_1764640182_02216.jpg,0
data/frames/frame_1764640182_02217.jpg,0
data/frames/frame_1764640182_02218.jpg,0
data/frames/frame_1764640183_02219.jpg,0
data/frames/frame_1764640183_02220.jpg,0
data/frames/frame_1764640183_02221.jpg,0
data/frames/frame_1764640183_02222.jpg,0
data/frames/frame_1764640183_02223.jpg,0
data/frames/frame_1764640184_02224.jpg,0
data/frames/frame_1764640184_02225.jpg,0
data/frames/frame_1764640184_02226.jpg,0
data/frames/frame_1764640184_02227.jpg,0
data/frames/frame_1764640184_02228.jpg,0
data/frames/frame_1764640185_02229.jpg,0
data/frames/frame_1764640185_02230.jpg,0
data/frames/frame_1764640185_02231.jpg,0
data/frames/frame_1764640185_02232.jpg,0
data/frames/frame_1764640185_02233.jpg,0
data/frames/frame_1764640186_02234.jpg,0
data/frames/frame_1764640186_02235.jpg,0
data/frames/frame_1764640186_02236.jpg,0
data/frames/frame_1764640186_02237.jpg,0
data/frames/frame_1764640186_02238.jpg,0
data/frames/frame_1764640187_02239.jpg,0
data/frames/frame_1764640187_02240.jpg,0
data/frames/frame_1764640187_02241.jpg,0
data/frames/frame_1764640187_02242.jpg,0
data/frames/frame_1764640187_02243.jpg,0
data/frames/frame_1764640188_02244.jpg,0
data/frames/frame_1764640188_02245.jpg,0
data/frames/frame_1764640188_02246.jpg,0
data/frames/frame_1764640188_02247.jpg,0
data/frames/frame_1764640188_02248.jpg,1
data/frames/frame_1764640189_02249.jpg,1
data/frames/frame_1764640189_02250.jpg,1
data/frames/frame_1764640189_02251.jpg,1
data/frames/frame_1764640189_02252.jpg,1
data/frames/frame_1764640189_02253.jpg,1
data/frames/frame_1764640190_02254.jpg,1
data/frames/frame_1764640190_02255.jpg,1
data/frames/frame_1764640190_02256.jpg,1
data/frames/frame_1764640190_02257.jpg,1
data/frames/frame_1764640190_02258.jpg,1
data/frames/frame_1764640191_02259.jpg,1
data/frames/frame_1764640191_02260.jpg,1
data/frames/frame_1764640191_02261.jpg,1
data/frames/frame_1764640191_02262.jpg,1
data/frames/frame_1764640191_02263.jpg,1
data/frames/frame_1764640192_02264.jpg,1
data/frames/frame_1764640192_02265.jpg,1
data/frames/frame_1764640192_02266.jpg,1
data/frames/frame_1764640192_02267.jpg,1
data/frames/frame_1764640192_02268.jpg,1
data/frames/frame_1764640193_02269.jpg,1
data/frames/frame_1764640193_02270.jpg,1
data/frames/frame_1764640193_02271.jpg,1
data/frames/frame_1764640193_02272.jpg,1
data/frames/frame_1764640193_02273.jpg,1
data/frames/frame_1764640194_02274.jpg,1
data/frames/frame_1764640194_02275.jpg,1
data/frames/frame_1764640194_02276.jpg,1
data/frames/frame_1764640194_02277.jpg,1
data/frames/frame_1764640194_02278.jpg,1
data/frames/frame_1764640194_02279.jpg,1
data/frames/frame_1764640195_02280.jpg,1
data/frames/frame_1764640195_02281.jpg,1
data/frames/frame_1764640195_02282.jpg,1
data/frames/frame_1764640195_02283.jpg,1
data/frames/frame_1764640195_02284.jpg,1
data/frames/frame_1764640196_02285.jpg,1
data/frames/frame_1764640196_02286.jpg,1
data/frames/frame_1764640196_02287.jpg,1
data/frames/frame_1764640196_02288.jpg,1
data/frames/frame_1764640196_02289.jpg,1
data/frames/frame_1764640197_02290.jpg,1
data/frames/frame_1764640197_02291.jpg,1
data/frames/frame_1764640197_02292.jpg,0
data/frames/frame_1764640197_02293.jpg,0
data/frames/frame_1764640197_02294.jpg,0
data/frames/frame_1764640198_02295.jpg,0
data/frames/frame_1764640198_02296.jpg,0
data/frames/frame_1764640198_02297.jpg,0
data/frames/frame_1764640198_02298.jpg,0
data/frames/frame_1764640198_02299.jpg,0
data/frames/frame_1764640199_02300.jpg,0
data/frames/frame_1764640199_02301.jpg,0
data/frames/frame_1764640199_02302.jpg,0
data/frames/frame_1764640199_02303.jpg,0
data/frames/frame_1764640199_02304.jpg,0
data/frames/frame_1764640200_02305.jpg,0
data/frames/frame_1764640200_02306.jpg,0
data/frames/frame_1764640200_02307.jpg,0
data/frames/frame_1764640200_02308.jpg,0
data/frames/frame_1764640200_02309.jpg,0
data/frames/frame_1764640201_02310.jpg,0
data/frames/frame_1764640201_02311.jpg,0
data/frames/frame_1764640201_02312.jpg,0
data/frames/frame_1764640201_02313.jpg,0
data/frames/frame_1764640201_02314.jpg,0
data/frames/frame_1764640202_02315.jpg,0
data/frames/frame_1764640202_02316.jpg,0
data/frames/frame_1764640202_02317.jpg,0
data/frames/frame_1764640202_02318.jpg,0
data/frames/frame_1764640202_02319.jpg,0
data/frames/frame_1764640203_02320.jpg,0
data/frames/frame_1764640203_02321.jpg,0
data/frames/frame_1764640203_02322.jpg,0
data/frames/frame_1764640203_02323.jpg,0
data/frames/frame_1764640204_02324.jpg,0
data/frames/frame_1764640204_02325.jpg,0
data/frames/frame_1764640204_02326.jpg,0
data/frames/frame_1764640204_02327.jpg,0
data/frames/frame_1764640204_02328.jpg,0
data/frames/frame_1764640204_02329.jpg,0
data/frames/frame_1764640205_02330.jpg,0
data/frames/frame_1764640205_02331.jpg,0
data/frames/frame_1764640205_02332.jpg,0
data/frames/frame_1764640205_02333.jpg,0
data/frames/frame_1764640205_02334.jpg,0
data/frames/frame_1764640206_02335.jpg,0
data/frames/frame_1764640206_02336.jpg,0
data/frames/frame_1764640206_02337.jpg,0
data/frames/frame_1764640206_02338.jpg,0
data/frames/frame_1764640206_02339.jpg,0
data/frames/frame_1764640207_02340.jpg,0
data/frames/frame_1764640207_02341.jpg,0
data/frames/frame_1764640207_02342.jpg,0
data/frames/frame_1764640207_02343.jpg,0
data/frames/frame_1764640207_02344.jpg,0
data/frames/frame_1764640208_02345.jpg,0
data/frames/frame_1764640208_02346.jpg,0
data/frames/frame_1764640208_02347.jpg,0
data/frames/frame_1764640208_02348.jpg,0
data/frames/frame_1764640208_02349.jpg,0
data/frames/frame_1764640209_02350.jpg,0
data/frames/frame_1764640209_02351.jpg,0
data/frames/frame_1764640209_02352.jpg,0
data/frames/frame_1764640209_02353.jpg,0
data/frames/frame_1764640209_02354.jpg,0
data/frames/frame_1764640210_02355.jpg,0
data/frames/frame_1764640210_02356.jpg,0
data/frames/frame_1764640210_02357.jpg,0
data/frames/frame_1764640210_02358.jpg,0
data/frames/frame_1764640210_02359.jpg,0
data/frames/frame_1764640211_02360.jpg,0
data/frames/frame_1764640211_02361.jpg,0
data/frames/frame_1764640211_02362.jpg,0
data/frames/frame_1764640211_02363.jpg,0
data/frames/frame_1764640211_02364.jpg,0
data/frames/frame_1764640212_02365.jpg,0
data/frames/frame_1764640212_02366.jpg,0
data/frames/frame_1764640212_02367.jpg,0
data/frames/frame_1764640212_02368.jpg,0
data/frames/frame_1764640212_02369.jpg,0
data/frames/frame_1764640213_02370.jpg,0
data/frames/frame_1764640213_02371.jpg,0
data/frames/frame_1764640213_02372.jpg,0
data/frames/frame_1764640213_02373.jpg,0
data/frames/frame_1764640213_02374.jpg,0
data/frames/frame_1764640214_02375.jpg,0
data/frames/frame_1764640214_02376.jpg,0
data/frames/frame_1764640214_02377.jpg,0
data/frames/frame_1764640214_02378.jpg,0
data/frames/frame_1764640214_02379.jpg,0
data/frames/frame_1764640215_02380.jpg,0
data/frames/frame_1764640215_02381.jpg,0
data/frames/frame_1764640215_02382.jpg,0
data/frames/frame_1764640215_02383.jpg,0
data/frames/frame_1764640215_02384.jpg,0
data/frames/frame_1764640216_02385.jpg,0
data/frames/frame_1764640216_02386.jpg,0
data/frames/frame_1764640216_02387.jpg,0
data/frames/frame_1764640216_02388.jpg,0
data/frames/frame_1764640216_02389.jpg,0
data/frames/frame_1764640217_02390.jpg,0
data/frames/frame_1764640217_02391.jpg,0
data/frames/frame_1764640217_02392.jpg,0
data/frames/frame_1764640217_02393.jpg,0
data/frames/frame_1764640217_02394.jpg,0
data/frames/frame_1764640218_02395.jpg,0
data/frames/frame_1764640218_02396.jpg,0
data/frames/frame_1764640218_02397.jpg,0
data/frames/frame_1764640218_02398.jpg,0
data/frames/frame_1764640218_02399.jpg,0
data/frames/frame_1764640219_02400.jpg,0
data/frames/frame_1764640219_02401.jpg,0
data/frames/frame_1764640219_02402.jpg,0
data/frames/frame_1764640219_02403.jpg,0
data/frames/frame_1764640219_02404.jpg,0
data/frames/frame_1764640220_02405.jpg,0
data/frames/frame_1764640220_02406.jpg,0
data/frames/frame_1764640220_02407.jpg,0
data/frames/frame_1764640220_02408.jpg,0
data/frames/frame_1764640220_02409.jpg,0
data/frames/frame_1764640221_02410.jpg,0
data/frames/frame_1764640221_02411.jpg,0
data/frames/frame_1764640221_02412.jpg,0
data/frames/frame_1764640221_02413.jpg,0
data/frames/frame_1764640221_02414.jpg,0
data/frames/frame_1764640222_02415.jpg,0
data/frames/frame_1764640222_02416.jpg,0
data/frames/frame_1764640222_02417.jpg,0
data/frames/frame_1764640222_02418.jpg,0
data/frames/frame_1764640222_02419.jpg,0
data/frames/frame_1764640222_02420.jpg,0
data/frames/frame_1764640223_02421.jpg,0
data/frames/frame_1764640223_02422.jpg,0
data/frames/frame_1764640223_02423.jpg,0
data/frames/frame_1764640223_02424.jpg,0
data/frames/frame_1764640223_02425.jpg,0
data/frames/frame_1764640224_02426.jpg,0
data/frames/frame_1764640224_02427.jpg,0
data/frames/frame_1764640224_02428.jpg,0
data/frames/frame_1764640224_02429.jpg,0
data/frames/frame_1764640224_02430.jpg,0
data/frames/frame_1764640225_02431.jpg,0
data/frames/frame_1764640225_02432.jpg,0
data/frames/frame_1764640225_02433.jpg,0
data/frames/frame_1764640225_02434.jpg,0
data/frames/frame_1764640225_02435.jpg,0
data/frames/frame_1764640226_02436.jpg,0
data/frames/frame_1764640226_02437.jpg,0
data/frames/frame_1764640226_02438.jpg,0
data/frames/frame_1764640226_02439.jpg,0
data/frames/frame_1764640226_02440.jpg,0
data/frames/frame_1764640227_02441.jpg,0
data/frames/frame_1764640227_02442.jpg,0
data/frames/frame_1764640227_02443.jpg,0
data/frames/frame_1764640227_02444.jpg,0
data/frames/frame_1764640227_02445.jpg,0
data/frames/frame_1764640228_02446.jpg,0
data/frames/frame_1764640228_02447.jpg,0
data/frames/frame_1764640228_02448.jpg,0
data/frames/frame_1764640228_02449.jpg,0
data/frames/frame_1764640228_02450.jpg,0
data/frames/frame_1764640229_02451.jpg,0
data/frames/frame_1764640229_02452.jpg,0
data/frames/frame_1764640229_02453.jpg,0
data/frames/frame_1764640229_02454.jpg,0
data/frames/frame_1764640229_02455.jpg,0
data/frames/frame_1764640230_02456.jpg,0
data/frames/frame_1764640230_02457.jpg,0
data/frames/frame_1764640230_02458.jpg,0
data/frames/frame_1764640230_02459.jpg,0
data/frames/frame_1764640230_02460.jpg,0
data/frames/frame_1764640231_02461.jpg,0
data/frames/frame_1764640231_02462.jpg,0
data/frames/frame_1764640231_02463.jpg,0
data/frames/frame_1764640231_02464.jpg,0
data/frames/frame_1764640231_02465.jpg,0
data/frames/frame_1764640232_02466.jpg,0
data/frames/frame_1764640232_02467.jpg,0
data/frames/frame_1764640232_02468.jpg,0
data/frames/frame_1764640232_02469.jpg,0
data/frames/frame_1764640232_02470.jpg,0
data/frames/frame_1764640233_02471.jpg,0
data/frames/frame_1764640233_02472.jpg,0
data/frames/frame_1764640233_02473.jpg,0
data/frames/frame_1764640233_02474.jpg,0
data/frames/frame_1764640233_02475.jpg,0
data/frames/frame_1764640234_02476.jpg,0
data/frames/frame_1764640234_02477.jpg,0
data/frames/frame_1764640234_02478.jpg,0
data/frames/frame_1764640234_02479.jpg,0
data/frames/frame_1764640234_02480.jpg,0
data/frames/frame_1764640235_02481.jpg,0
data/frames/frame_1764640235_02482.jpg,0
data/frames/frame_1764640235_02483.jpg,0
data/frames/frame_1764640235_02484.jpg,0
data/frames/frame_1764640235_02485.jpg,0
data/frames/frame_1764640236_02486.jpg,0
data/frames/frame_1764640236_02487.jpg,0
data/frames/frame_1764640236_02488.jpg,0
data/frames/frame_1764640236_02489.jpg,0
data/frames/frame_1764640236_02490.jpg,0
data/frames/frame_1764640237_02491.jpg,0
data/frames/frame_1764640237_02492.jpg,0
data/frames/frame_1764640237_02493.jpg,0
data/frames/frame_1764640237_02494.jpg,1
data/frames/frame_1764640237_02495.jpg,1
data/frames/frame_1764640238_02496.jpg,1
data/frames/frame_1764640238_02497.jpg,1
data/frames/frame_1764640238_02498.jpg,1
data/frames/frame_1764640238_02499.jpg,1
data/frames/frame_1764640238_02500.jpg,1
data/frames/frame_1764640239_02501.jpg,1
data/frames/frame_1764640239_02502.jpg,1
data/frames/frame_1764640239_02503.jpg,1
data/frames/frame_1764640239_02504.jpg,1
data/frames/frame_1764640239_02505.jpg,1
data/frames/frame_1764640240_02506.jpg,1
data/frames/frame_1764640240_02507.jpg,1
data/frames/frame_1764640240_02508.jpg,1
data/frames/frame_1764640240_02509.jpg,1
data/frames/frame_1764640240_02510.jpg,1
data/frames/frame_1764640241_02511.jpg,1
data/frames/frame_1764640241_02512.jpg,1
data/frames/frame_1764640241_02513.jpg,1
data/frames/frame_1764640241_02514.jpg,1
data/frames/frame_1764640241_02515.jpg,1
data/frames/frame_1764640242_02516.jpg,1
data/frames/frame_1764640242_02517.jpg,1
data/frames/frame_1764640242_02518.jpg,1
data/frames/frame_1764640242_02519.jpg,1
data/frames/frame_1764640242_02520.jpg,1
data/frames/frame_1764640243_02521.jpg,1
data/frames/frame_1764640243_02522.jpg,1
data/frames/frame_1764640243_02523.jpg,1
data/frames/frame_1764640243_02524.jpg,1
data/frames/frame_1764640243_02525.jpg,1
data/frames/frame_1764640244_02526.jpg,1
data/frames/frame_1764640244_02527.jpg,1
data/frames/frame_1764640244_02528.jpg,1
data/frames/frame_1764640244_02529.jpg,1
data/frames/frame_1764640244_02530.jpg,1
data/frames/frame_1764640244_02531.jpg,1
data/frames/frame_1764640245_02532.jpg,1
data/frames/frame_1764640245_02533.jpg,1
data/frames/frame_1764640245_02534.jpg,1
data/frames/frame_1764640245_02535.jpg,0
data/frames/frame_1764640246_02536.jpg,0
data/frames/frame_1764640246_02537.jpg,0
data/frames/frame_1764640246_02538.jpg,0
data/frames/frame_1764640246_02539.jpg,0
data/frames/frame_1764640246_02540.jpg,0
data/frames/frame_1764640246_02541.jpg,0
data/frames/frame_1764640247_02542.jpg,0
data/frames/frame_1764640247_02543.jpg,0
data/frames/frame_1764640247_02544.jpg,0
data/frames/frame_1764640247_02545.jpg,0
data/frames/frame_1764640248_02546.jpg,0
data/frames/frame_1764640248_02547.jpg,0
data/frames/frame_1764640248_02548.jpg,0
data/frames/frame_1764640248_02549.jpg,0
data/frames/frame_1764640248_02550.jpg,0
data/frames/frame_1764640248_02551.jpg,0
data/frames/frame_1764640249_02552.jpg,0
data/frames/frame_1764640249_02553.jpg,0
data/frames/frame_1764640249_02554.jpg,0
data/frames/frame_1764640249_02555.jpg,0
data/frames/frame_1764640249_02556.jpg,0
data/frames/frame_1764640250_02557.jpg,0
data/frames/frame_1764640250_02558.jpg,0
data/frames/frame_1764640250_02559.jpg,0
data/frames/frame_1764640250_02560.jpg,0
data/frames/frame_1764640250_02561.jpg,0
data/frames/frame_1764640251_02562.jpg,0
data/frames/frame_1764640251_02563.jpg,0
data/frames/frame_1764640251_02564.jpg,0
data/frames/frame_1764640251_02565.jpg,0
data/frames/frame_1764640251_02566.jpg,0
data/frames/frame_1764640252_02567.jpg,0
data/frames/frame_1764640252_02568.jpg,0
data/frames/frame_1764640252_02569.jpg,0
data/frames/frame_1764640252_02570.jpg,0
data/frames/frame_1764640252_02571.jpg,0
data/frames/frame_1764640253_02572.jpg,0
data/frames/frame_1764640253_02573.jpg,0
data/frames/frame_1764640253_02574.jpg,0
data/frames/frame_1764640253_02575.jpg,0
data/frames/frame_1764640253_02576.jpg,0
data/frames/frame_1764640254_02577.jpg,0
data/frames/frame_1764640254_02578.jpg,0
data/frames/frame_1764640254_02579.jpg,0
data/frames/frame_1764640254_02580.jpg,0
data/frames/frame_1764640254_02581.jpg,0
data/frames/frame_1764640254_02582.jpg,0
data/frames/frame_1764640255_02583.jpg,0
data/frames/frame_1764640255_02584.jpg,0
data/frames/frame_1764640255_02585.jpg,0
data/frames/frame_1764640255_02586.jpg,0
data/frames/frame_1764640255_02587.jpg,0
data/frames/frame_1764640256_02588.jpg,0
data/frames/frame_1764640256_02589.jpg,1
data/frames/frame_1764640256_02590.jpg,1
data/frames/frame_1764640256_02591.jpg,1
data/frames/frame_1764640256_02592.jpg,1
data/frames/frame_1764640257_02593.jpg,1
data/frames/frame_1764640257_02594.jpg,1
data/frames/frame_1764640257_02595.jpg,0
data/frames/frame_1764640257_02596.jpg,0
data/frames/frame_1764640257_02597.jpg,0
data/frames/frame_1764640258_02598.jpg,0
data/frames/frame_1764640258_02599.jpg,0
data/frames/frame_1764640258_02600.jpg,0
data/frames/frame_1764640258_02601.jpg,0
data/frames/frame_1764640258_02602.jpg,0
data/frames/frame_1764640259_02603.jpg,0
data/frames/frame_1764640259_02604.jpg,0
data/frames/frame_1764640259_02605.jpg,0
data/frames/frame_1764640259_02606.jpg,0
data/frames/frame_1764640259_02607.jpg,0
data/frames/frame_1764640260_02608.jpg,0
data/frames/frame_1764640260_02609.jpg,0
data/frames/frame_1764640260_02610.jpg,1
data/frames/frame_1764640260_02611.jpg,1
data/frames/frame_1764640260_02612.jpg,1
data/frames/frame_1764640261_02613.jpg,1
data/frames/frame_1764640261_02614.jpg,1
data/frames/frame_1764640261_02615.jpg,1
data/frames/frame_1764640261_02616.jpg,1
data/frames/frame_1764640261_02617.jpg,1
data/frames/frame_1764640262_02618.jpg,1
data/frames/frame_1764640262_02619.jpg,1
data/frames/frame_1764640262_02620.jpg,1
data/frames/frame_1764640262_02621.jpg,1
data/frames/frame_1764640262_02622.jpg,1
data/frames/frame_1764640263_02623.jpg,0
data/frames/frame_1764640263_02624.jpg,0
data/frames/frame_1764640263_02625.jpg,0
data/frames/frame_1764640263_02626.jpg,0
data/frames/frame_1764640263_02627.jpg,0
data/frames/frame_1764640264_02628.jpg,0
data/frames/frame_1764640264_02629.jpg,0
data/frames/frame_1764640264_02630.jpg,0
data/frames/frame_1764640264_02631.jpg,0
data/frames/frame_1764640264_02632.jpg,0
data/frames/frame_1764640265_02633.jpg,0
data/frames/frame_1764640265_02634.jpg,0
data/frames/frame_1764640265_02635.jpg,0
data/frames/frame_1764640265_02636.jpg,0
data/frames/frame_1764640265_02637.jpg,0
data/frames/frame_1764640266_02638.jpg,0
data/frames/frame_1764640266_02639.jpg,0
data/frames/frame_1764640266_02640.jpg,0
data/frames/frame_1764640266_02641.jpg,0
data/frames/frame_1764640266_02642.jpg,0
data/frames/frame_1764640267_02643.jpg,0
data/frames/frame_1764640267_02644.jpg,0
data/frames/frame_1764640267_02645.jpg,0
data/frames/frame_1764640267_02646.jpg,0
data/frames/frame_1764640267_02647.jpg,0
data/frames/frame_1764640267_02648.jpg,0
data/frames/frame_1764640268_02649.jpg,0
data/frames/frame_1764640268_02650.jpg,0
data/frames/frame_1764640268_02651.jpg,0
data/frames/frame_1764640268_02652.jpg,0
data/frames/frame_1764640268_02653.jpg,0
data/frames/frame_1764640269_02654.jpg,0
data/frames/frame_1764640269_02655.jpg,0
data/frames/frame_1764640269_02656.jpg,0
data/frames/frame_1764640269_02657.jpg,0
data/frames/frame_1764640269_02658.jpg,0
data/frames/frame_1764640270_02659.jpg,0
data/frames/frame_1764640270_02660.jpg,0
data/frames/frame_1764640270_02661.jpg,1
data/frames/frame_1764640270_02662.jpg,1
data/frames/frame_1764640270_02663.jpg,1
data/frames/frame_1764640271_02664.jpg,1
data/frames/frame_1764640271_02665.jpg,1
data/frames/frame_1764640271_02666.jpg,1
data/frames/frame_1764640271_02667.jpg,1
data/frames/frame_1764640271_02668.jpg,1
data/frames/frame_1764640272_02669.jpg,1
data/frames/frame_1764640272_02670.jpg,1
data/frames/frame_1764640272_02671.jpg,1
data/frames/frame_1764640272_02672.jpg,1
data/frames/frame_1764640272_02673.jpg,1
data/frames/frame_1764640273_02674.jpg,1
data/frames/frame_1764640273_02675.jpg,1
data/frames/frame_1764640273_02676.jpg,1
data/frames/frame_1764640273_02677.jpg,1
data/frames/frame_1764640273_02678.jpg,1
data/frames/frame_1764640274_02679.jpg,0
data/frames/frame_1764640274_02680.jpg,0
data/frames/frame_1764640274_02681.jpg,0
data/frames/frame_1764640274_02682.jpg,0
data/frames/frame_1764640274_02683.jpg,0
data/frames/frame_1764640275_02684.jpg,0
data/frames/frame_1764640275_02685.jpg,0
data/frames/frame_1764640275_02686.jpg,0
data/frames/frame_1764640275_02687.jpg,0
data/frames/frame_1764640275_02688.jpg,0
data/frames/frame_1764640276_02689.jpg,1
data/frames/frame_1764640276_02690.jpg,1
data/frames/frame_1764640276_02691.jpg,1
data/frames/frame_1764640276_02692.jpg,1
data/frames/frame_1764640276_02693.jpg,1
data/frames/frame_1764640277_02694.jpg,1
data/frames/frame_1764640277_02695.jpg,1
data/frames/frame_1764640277_02696.jpg,1
data/frames/frame_1764640277_02697.jpg,1
data/frames/frame_1764640277_02698.jpg,1
data/frames/frame_1764640278_02699.jpg,1
data/frames/frame_1764640278_02700.jpg,1
data/frames/frame_1764640278_02701.jpg,1
data/frames/frame_1764640278_02702.jpg,1
data/frames/frame_1764640278_02703.jpg,1
data/frames/frame_1764640279_02704.jpg,1
data/frames/frame_1764640279_02705.jpg,1
data/frames/frame_1764640279_02706.jpg,1
data/frames/frame_1764640279_02707.jpg,1
data/frames/frame_1764640279_02708.jpg,1
data/frames/frame_1764640280_02709.jpg,0
data/frames/frame_1764640280_02710.jpg,0
data/frames/frame_1764640280_02711.jpg,0
data/frames/frame_1764640280_02712.jpg,0
data/frames/frame_1764640280_02713.jpg,0
data/frames/frame_1764640281_02714.jpg,0
data/frames/frame_1764640281_02715.jpg,0
data/frames/frame_1764640281_02716.jpg,0
data/frames/frame_1764640281_02717.jpg,0
data/frames/frame_1764640281_02718.jpg,0
data/frames/frame_1764640281_02719.jpg,0
data/frames/frame_1764640282_02720.jpg,0
data/frames/frame_1764640282_02721.jpg,0
data/frames/frame_1764640282_02722.jpg,0
data/frames/frame_1764640282_02723.jpg,0
data/frames/frame_1764640282_02724.jpg,0
data/frames/frame_1764640283_02725.jpg,0
data/frames/frame_1764640283_02726.jpg,0
data/frames/frame_1764640283_02727.jpg,0
data/frames/frame_1764640283_02728.jpg,0
data/frames/frame_1764640283_02729.jpg,0
data/frames/frame_1764640284_02730.jpg,0
data/frames/frame_1764640284_02731.jpg,0
data/frames/frame_1764640284_02732.jpg,0
data/frames/frame_1764640284_02733.jpg,0
data/frames/frame_1764640284_02734.jpg,0
data/frames/frame_1764640285_02735.jpg,0
data/frames/frame_1764640285_02736.jpg,0
data/frames/frame_1764640285_02737.jpg,0
data/frames/frame_1764640285_02738.jpg,0
data/frames/frame_1764640285_02739.jpg,0
data/frames/frame_1764640286_02740.jpg,0
data/frames/frame_1764640286_02741.jpg,0
data/frames/frame_1764640286_02742.jpg,0
data/frames/frame_1764640286_02743.jpg,0
data/frames/frame_1764640286_02744.jpg,0
data/frames/frame_1764640287_02745.jpg,0
data/frames/frame_1764640287_02746.jpg,0
data/frames/frame_1764640287_02747.jpg,0
data/frames/frame_1764640287_02748.jpg,0
data/frames/frame_1764640287_02749.jpg,0
data/frames/frame_1764640288_02750.jpg,0
data/frames/frame_1764640288_02751.jpg,0
data/frames/frame_1764640288_02752.jpg,0
data/frames/frame_1764640288_02753.jpg,0
data/frames/frame_1764640288_02754.jpg,0
data/frames/frame_1764640289_02755.jpg,0
data/frames/frame_1764640289_02756.jpg,0
data/frames/frame_1764640289_02757.jpg,0
data/frames/frame_1764640289_02758.jpg,0
data/frames/frame_1764640289_02759.jpg,0
data/frames/frame_1764640290_02760.jpg,0
data/frames/frame_1764640290_02761.jpg,0
data/frames/frame_1764640290_02762.jpg,0
data/frames/frame_1764640290_02763.jpg,0
data/frames/frame_1764640290_02764.jpg,0
data/frames/frame_1764640291_02765.jpg,0
data/frames/frame_1764640291_02766.jpg,0
data/frames/frame_1764640291_02767.jpg,0
data/frames/frame_1764640291_02768.jpg,0
data/frames/frame_1764640291_02769.jpg,0
data/frames/frame_1764640292_02770.jpg,0
data/frames/frame_1764640292_02771.jpg,0
data/frames/frame_1764640292_02772.jpg,0
data/frames/frame_1764640292_02773.jpg,0
data/frames/frame_1764640292_02774.jpg,0
data/frames/frame_1764640293_02775.jpg,0
data/frames/frame_1764640293_02776.jpg,0
data/frames/frame_1764640293_02777.jpg,0
data/frames/frame_1764640293_02778.jpg,0
data/frames/frame_1764640293_02779.jpg,0
data/frames/frame_1764640294_02780.jpg,0
data/frames/frame_1764640294_02781.jpg,0
data/frames/frame_1764640294_02782.jpg,0
data/frames/frame_1764640294_02783.jpg,0
data/frames/frame_1764640294_02784.jpg,0
data/frames/frame_1764640295_02785.jpg,0
data/frames/frame_1764640295_02786.jpg,0
data/frames/frame_1764640295_02787.jpg,0
data/frames/frame_1764640295_02788.jpg,0
data/frames/frame_1764640295_02789.jpg,0
data/frames/frame_1764640296_02790.jpg,0
data/frames/frame_1764640296_02791.jpg,0
data/frames/frame_1764640296_02792.jpg,0
data/frames/frame_1764640296_02793.jpg,0
data/frames/frame_1764640296_02794.jpg,0
data/frames/frame_1764640297_02795.jpg,0
data/frames/frame_1764640297_02796.jpg,0
data/frames/frame_1764640297_02797.jpg,0
data/frames/frame_1764640297_02798.jpg,0
data/frames/frame_1764640297_02799.jpg,0
data/frames/frame_1764640297_02800.jpg,0
data/frames/frame_1764640298_02801.jpg,0
data/frames/frame_1764640298_02802.jpg,0
data/frames/frame_1764640298_02803.jpg,0
data/frames/frame_1764640298_02804.jpg,0
data/frames/frame_1764640298_02805.jpg,0
data/frames/frame_1764640299_02806.jpg,0
data/frames/frame_1764640299_02807.jpg,0
data/frames/frame_1764640299_02808.jpg,0
data/frames/frame_1764640299_02809.jpg,0
data/frames/frame_1764640299_02810.jpg,0
data/frames/frame_1764640300_02811.jpg,0
data/frames/frame_1764640300_02812.jpg,0
data/frames/frame_1764640300_02813.jpg,0
data/frames/frame_1764640300_02814.jpg,0
data/frames/frame_1764640300_02815.jpg,0
data/frames/frame_1764640301_02816.jpg,0
data/frames/frame_1764640301_02817.jpg,0
data/frames/frame_1764640301_02818.jpg,0
data/frames/frame_1764640301_02819.jpg,0
data/frames/frame_1764640301_02820.jpg,0
data/frames/frame_1764640302_02821.jpg,0
data/frames/frame_1764640302_02822.jpg,0
data/frames/frame_1764640302_02823.jpg,0
data/frames/frame_1764640302_02824.jpg,0
data/frames/frame_1764640302_02825.jpg,0
data/frames/frame_1764640303_02826.jpg,0
data/frames/frame_1764640303_02827.jpg,0
data/frames/frame_1764640303_02828.jpg,0
data/frames/frame_1764640303_02829.jpg,0
data/frames/frame_1764640303_02830.jpg,0
data/frames/frame_1764640304_02831.jpg,0
data/frames/frame_1764640304_02832.jpg,0
data/frames/frame_1764640304_02833.jpg,0
data/frames/frame_1764640304_02834.jpg,0
data/frames/frame_1764640304_02835.jpg,0
data/frames/frame_1764640305_02836.jpg,0
data/frames/frame_1764640305_02837.jpg,0
data/frames/frame_1764640305_02838.jpg,0
data/frames/frame_1764640305_02839.jpg,0
data/frames/frame_1764640305_02840.jpg,0
data/frames/frame_1764640306_02841.jpg,0
data/frames/frame_1764640306_02842.jpg,0
data/frames/frame_1764640306_02843.jpg,0
data/frames/frame_1764640306_02844.jpg,0
data/frames/frame_1764640307_02845.jpg,0
data/frames/frame_1764640307_02846.jpg,0
data/frames/frame_1764640307_02847.jpg,0
data/frames/frame_1764640307_02848.jpg,0
data/frames/frame_1764640307_02849.jpg,0
data/frames/frame_1764640308_02850.jpg,0
data/frames/frame_1764640308_02851.jpg,0
data/frames/frame_1764640308_02852.jpg,1
data/frames/frame_1764640308_02853.jpg,1
data/frames/frame_1764640308_02854.jpg,1
data/frames/frame_1764640308_02855.jpg,1
data/frames/frame_1764640309_02856.jpg,1
data/frames/frame_1764640309_02857.jpg,1
data/frames/frame_1764640309_02858.jpg,1
data/frames/frame_1764640309_02859.jpg,1
data/frames/frame_1764640309_02860.jpg,1
data/frames/frame_1764640310_02861.jpg,1
data/frames/frame_1764640310_02862.jpg,0
data/frames/frame_1764640310_02863.jpg,0
data/frames/frame_1764640310_02864.jpg,0
data/frames/frame_1764640310_02865.jpg,0
data/frames/frame_1764640311_02866.jpg,0
data/frames/frame_1764640311_02867.jpg,0
data/frames/frame_1764640311_02868.jpg,0
data/frames/frame_1764640311_02869.jpg,0
data/frames/frame_1764640311_02870.jpg,0
data/frames/frame_1764640312_02871.jpg,0
data/frames/frame_1764640312_02872.jpg,0
data/frames/frame_1764640312_02873.jpg,0
data/frames/frame_1764640312_02874.jpg,0
data/frames/frame_1764640312_02875.jpg,0
data/frames/frame_1764640313_02876.jpg,0
data/frames/frame_1764640313_02877.jpg,0
data/frames/frame_1764640313_02878.jpg,0
data/frames/frame_1764640313_02879.jpg,0
data/frames/frame_1764640313_02880.jpg,0
data/frames/frame_1764640314_02881.jpg,0
data/frames/frame_1764640314_02882.jpg,0
data/frames/frame_1764640314_02883.jpg,0
data/frames/frame_1764640314_02884.jpg,0
data/frames/frame_1764640314_02885.jpg,0
data/frames/frame_1764640315_02886.jpg,0
data/frames/frame_1764640315_02887.jpg,0
data/frames/frame_1764640315_02888.jpg,0
data/frames/frame_1764640315_02889.jpg,0
data/frames/frame_1764640315_02890.jpg,0
data/frames/frame_1764640316_02891.jpg,0
data/frames/frame_1764640316_02892.jpg,0
data/frames/frame_1764640316_02893.jpg,0
data/frames/frame_1764640316_02894.jpg,0
data/frames/frame_1764640316_02895.jpg,0
data/frames/frame_1764640317_02896.jpg,0
data/frames/frame_1764640317_02897.jpg,0
data/frames/frame_1764640317_02898.jpg,0
data/frames/frame_1764640317_02899.jpg,0
data/frames/frame_1764640317_02900.jpg,0
data/frames/frame_1764640318_02901.jpg,0
data/frames/frame_1764640318_02902.jpg,0
data/frames/frame_1764640318_02903.jpg,0
data/frames/frame_1764640318_02904.jpg,0
data/frames/frame_1764640318_02905.jpg,0
data/frames/frame_1764640319_02906.jpg,0
data/frames/frame_1764640319_02907.jpg,0
data/frames/frame_1764640319_02908.jpg,0
data/frames/frame_1764640319_02909.jpg,0
data/frames/frame_1764640319_02910.jpg,0
data/frames/frame_1764640320_02911.jpg,0
data/frames/frame_1764640320_02912.jpg,0
data/frames/frame_1764640320_02913.jpg,0
data/frames/frame_1764640320_02914.jpg,0
data/frames/frame_1764640320_02915.jpg,0
data/frames/frame_1764640321_02916.jpg,0
data/frames/frame_1764640321_02917.jpg,0
data/frames/frame_1764640321_02918.jpg,0
data/frames/frame_1764640321_02919.jpg,0
data/frames/frame_1764640321_02920.jpg,0
data/frames/frame_1764640321_02921.jpg,0
data/frames/frame_1764640322_02922.jpg,0
data/frames/frame_1764640322_02923.jpg,0
data/frames/frame_1764640322_02924.jpg,0
data/frames/frame_1764640322_02925.jpg,0
data/frames/frame_1764640322_02926.jpg,0
data/frames/frame_1764640323_02927.jpg,0
data/frames/frame_1764640323_02928.jpg,0
data/frames/frame_1764640323_02929.jpg,0
data/frames/frame_1764640323_02930.jpg,0
data/frames/frame_1764640323_02931.jpg,0
data/frames/frame_1764640324_02932.jpg,0
data/frames/frame_1764640324_02933.jpg,0
data/frames/frame_1764640324_02934.jpg,0
data/frames/frame_1764640324_02935.jpg,0
data/frames/frame_1764640325_02936.jpg,0
data/frames/frame_1764640325_02937.jpg,0
data/frames/frame_1764640325_02938.jpg,0
data/frames/frame_1764640325_02939.jpg,0
data/frames/frame_1764640325_02940.jpg,0
data/frames/frame_1764640326_02941.jpg,0
data/frames/frame_1764640326_02942.jpg,0
data/frames/frame_1764640326_02943.jpg,0
data/frames/frame_1764640326_02944.jpg,0
data/frames/frame_1764640326_02945.jpg,0
data/frames/frame_1764640326_02946.jpg,0
data/frames/frame_1764640327_02947.jpg,0
data/frames/frame_1764640327_02948.jpg,0
data/frames/frame_1764640327_02949.jpg,0
data/frames/frame_1764640327_02950.jpg,0
data/frames/frame_1764640327_02951.jpg,0
data/frames/frame_1764640328_02952.jpg,0
data/frames/frame_1764640328_02953.jpg,0
data/frames/frame_1764640328_02954.jpg,0
data/frames/frame_1764640328_02955.jpg,0
data/frames/frame_1764640328_02956.jpg,0
data/frames/frame_1764640329_02957.jpg,0
data/frames/frame_1764640329_02958.jpg,0
data/frames/frame_1764640329_02959.jpg,0
data/frames/frame_1764640329_02960.jpg,0
data/frames/frame_1764640329_02961.jpg,0
data/frames/frame_1764640330_02962.jpg,0
data/frames/frame_1764640330_02963.jpg,0
data/frames/frame_1764640330_02964.jpg,0
data/frames/frame_1764640330_02965.jpg,0
data/frames/frame_1764640330_02966.jpg,0
data/frames/frame_1764640331_02967.jpg,0
data/frames/frame_1764640331_02968.jpg,0
data/frames/frame_1764640331_02969.jpg,0
data/frames/frame_1764640331_02970.jpg,0
data/frames/frame_1764640331_02971.jpg,0
data/frames/frame_1764640332_02972.jpg,0
data/frames/frame_1764640332_02973.jpg,0
data/frames/frame_1764640332_02974.jpg,0
data/frames/frame_1764640332_02975.jpg,0
data/frames/frame_1764640332_02976.jpg,0
data/frames/frame_1764640333_02977.jpg,0
data/frames/frame_1764640333_02978.jpg,0
data/frames/frame_1764640333_02979.jpg,0
data/frames/frame_1764640333_02980.jpg,0
data/frames/frame_1764640333_02981.jpg,0
data/frames/frame_1764640334_02982.jpg,0
data/frames/frame_1764640334_02983.jpg,0
data/frames/frame_1764640334_02984.jpg,0
data/frames/frame_1764640334_02985.jpg,0
data/frames/frame_1764640334_02986.jpg,0
data/frames/frame_1764640335_02987.jpg,0
data/frames/frame_1764640335_02988.jpg,0
data/frames/frame_1764640335_02989.jpg,0
data/frames/frame_1764640335_02990.jpg,0
data/frames/frame_1764640335_02991.jpg,0
data/frames/frame_1764640336_02992.jpg,0
data/frames/frame_1764640336_02993.jpg,0
data/frames/frame_1764640336_02994.jpg,0
data/frames/frame_1764640336_02995.jpg,0
data/frames/frame_1764640336_02996.jpg,0
data/frames/frame_1764640337_02997.jpg,0
data/frames/frame_1764640337_02998.jpg,0
data/frames/frame_1764640337_02999.jpg,0
data/frames/frame_1764640337_03000.jpg,0
data/frames/frame_1764640337_03001.jpg,0
data/frames/frame_1764640338_03002.jpg,0
data/frames/frame_1764640338_03003.jpg,0
data/frames/frame_1764640338_03004.jpg,0
data/frames/frame_1764640338_03005.jpg,0
data/frames/frame_1764640338_03006.jpg,0
data/frames/frame_1764640338_03007.jpg,0
data/frames/frame_1764640339_03008.jpg,0
data/frames/frame_1764640339_03009.jpg,0
data/frames/frame_1764640339_03010.jpg,0
data/frames/frame_1764640339_03011.jpg,0
data/frames/frame_1764640339_03012.jpg,0
data/frames/frame_1764640340_03013.jpg,0
data/frames/frame_1764640340_03014.jpg,0
data/frames/frame_1764640340_03015.jpg,0
data/frames/frame_1764640340_03016.jpg,0
data/frames/frame_1764640340_03017.jpg,0
data/frames/frame_1764640341_03018.jpg,0
data/frames/frame_1764640341_03019.jpg,0
data/frames/frame_1764640341_03020.jpg,0
data/frames/frame_1764640341_03021.jpg,0
data/frames/frame_1764640341_03022.jpg,0
data/frames/frame_1764640342_03023.jpg,0
data/frames/frame_1764640342_03024.jpg,0
data/frames/frame_1764640342_03025.jpg,0
data/frames/frame_1764640342_03026.jpg,0
data/frames/frame_1764640342_03027.jpg,0
data/frames/frame_1764640343_03028.jpg,0
data/frames/frame_1764640343_03029.jpg,0
data/frames/frame_1764640343_03030.jpg,0
data/frames/frame_1764640343_03031.jpg,0
data/frames/frame_1764640343_03032.jpg,0
data/frames/frame_1764640344_03033.jpg,0
data/frames/frame_1764640344_03034.jpg,0
data/frames/frame_1764640344_03035.jpg,0
data/frames/frame_1764640344_03036.jpg,0
data/frames/frame_1764640344_03037.jpg,0
data/frames/frame_1764640345_03038.jpg,0
data/frames/frame_1764640345_03039.jpg,0
data/frames/frame_1764640345_03040.jpg,1
data/frames/frame_1764640345_03041.jpg,1
data/frames/frame_1764640345_03042.jpg,1
data/frames/frame_1764640346_03043.jpg,1
data/frames/frame_1764640346_03044.jpg,1
data/frames/frame_1764640346_03045.jpg,1
data/frames/frame_1764640346_03046.jpg,1
data/frames/frame_1764640346_03047.jpg,1
data/frames/frame_1764640347_03048.jpg,1
data/frames/frame_1764640347_03049.jpg,1
data/frames/frame_1764640347_03050.jpg,0
data/frames/frame_1764640347_03051.jpg,0
data/frames/frame_1764640347_03052.jpg,0
data/frames/frame_1764640348_03053.jpg,0
data/frames/frame_1764640348_03054.jpg,0
data/frames/frame_1764640348_03055.jpg,0
data/frames/frame_1764640348_03056.jpg,0
data/frames/frame_1764640348_03057.jpg,0
data/frames/frame_1764640349_03058.jpg,0
data/frames/frame_1764640349_03059.jpg,0
data/frames/frame_1764640349_03060.jpg,0
data/frames/frame_1764640349_03061.jpg,0
data/frames/frame_1764640349_03062.jpg,0
data/frames/frame_1764640350_03063.jpg,0
data/frames/frame_1764640350_03064.jpg,0
data/frames/frame_1764640350_03065.jpg,0
data/frames/frame_1764640350_03066.jpg,0
data/frames/frame_1764640350_03067.jpg,0
data/frames/frame_1764640351_03068.jpg,0
data/frames/frame_1764640351_03069.jpg,0
data/frames/frame_1764640351_03070.jpg,0
data/frames/frame_1764640351_03071.jpg,0
data/frames/frame_1764640351_03072.jpg,0
data/frames/frame_1764640352_03073.jpg,0
data/frames/frame_1764640352_03074.jpg,0
data/frames/frame_1764640352_03075.jpg,0
data/frames/frame_1764640352_03076.jpg,0
data/frames/frame_1764640352_03077.jpg,0
data/frames/frame_1764640352_03078.jpg,0
data/frames/frame_1764640353_03079.jpg,0
data/frames/frame_1764640353_03080.jpg,0
data/frames/frame_1764640353_03081.jpg,0
data/frames/frame_1764640353_03082.jpg,0
data/frames/frame_1764640354_03083.jpg,0
data/frames/frame_1764640354_03084.jpg,0
data/frames/frame_1764640354_03085.jpg,0
data/frames/frame_1764640354_03086.jpg,0
data/frames/frame_1764640354_03087.jpg,0
data/frames/frame_1764640355_03088.jpg,0
data/frames/frame_1764640355_03089.jpg,0
data/frames/frame_1764640355_03090.jpg,0
data/frames/frame_1764640355_03091.jpg,0
data/frames/frame_1764640355_03092.jpg,0
data/frames/frame_1764640356_03093.jpg,0
data/frames/frame_1764640356_03094.jpg,0
data/frames/frame_1764640356_03095.jpg,0
data/frames/frame_1764640356_03096.jpg,0
data/frames/frame_1764640356_03097.jpg,0
data/frames/frame_1764640356_03098.jpg,0
data/frames/frame_1764640357_03099.jpg,0
data/frames/frame_1764640357_03100.jpg,0
data/frames/frame_1764640357_03101.jpg,0
data/frames/frame_1764640357_03102.jpg,0
data/frames/frame_1764640357_03103.jpg,0
data/frames/frame_1764640358_03104.jpg,0
data/frames/frame_1764640358_03105.jpg,0
data/frames/frame_1764640358_03106.jpg,0
data/frames/frame_1764640358_03107.jpg,0
data/frames/frame_1764640358_03108.jpg,0
data/frames/frame_1764640359_03109.jpg,0
data/frames/frame_1764640359_03110.jpg,0
data/frames/frame_1764640359_03111.jpg,0
data/frames/frame_1764640359_03112.jpg,0
data/frames/frame_1764640359_03113.jpg,0
data/frames/frame_1764640360_03114.jpg,0
data/frames/frame_1764640360_03115.jpg,0
data/frames/frame_1764640360_03116.jpg,0
data/frames/frame_1764640360_03117.jpg,0
data/frames/frame_1764640360_03118.jpg,0
data/frames/frame_1764640361_03119.jpg,0
data/frames/frame_1764640361_03120.jpg,0
data/frames/frame_1764640361_03121.jpg,0
data/frames/frame_1764640361_03122.jpg,0
data/frames/frame_1764640361_03123.jpg,0
data/frames/frame_1764640362_03124.jpg,0
data/frames/frame_1764640362_03125.jpg,0
data/frames/frame_1764640362_03126.jpg,0
data/frames/frame_1764640362_03127.jpg,0
data/frames/frame_1764640362_03128.jpg,0
data/frames/frame_1764640363_03129.jpg,0
data/frames/frame_1764640363_03130.jpg,1
data/frames/frame_1764640363_03131.jpg,0
data/frames/frame_1764640363_03132.jpg,0
data/frames/frame_1764640363_03133.jpg,0
data/frames/frame_1764640364_03134.jpg,1
data/frames/frame_1764640364_03135.jpg,1
data/frames/frame_1764640364_03136.jpg,1
data/frames/frame_1764640364_03137.jpg,1
data/frames/frame_1764640364_03138.jpg,1
data/frames/frame_1764640365_03139.jpg,1
data/frames/frame_1764640365_03140.jpg,1
data/frames/frame_1764640365_03141.jpg,1
data/frames/frame_1764640365_03142.jpg,1
data/frames/frame_1764640365_03143.jpg,1
data/frames/frame_1764640366_03144.jpg,0
data/frames/frame_1764640366_03145.jpg,0
data/frames/frame_1764640366_03146.jpg,0
data/frames/frame_1764640366_03147.jpg,0
data/frames/frame_1764640366_03148.jpg,0
data/frames/frame_1764640367_03149.jpg,0
data/frames/frame_1764640367_03150.jpg,0
data/frames/frame_1764640367_03151.jpg,0
data/frames/frame_1764640367_03152.jpg,0
data/frames/frame_1764640367_03153.jpg,0
data/frames/frame_1764640367_03154.jpg,0
data/frames/frame_1764640368_03155.jpg,0
data/frames/frame_1764640368_03156.jpg,0
data/frames/frame_1764640368_03157.jpg,0
data/frames/frame_1764640368_03158.jpg,0
data/frames/frame_1764640368_03159.jpg,0
data/frames/frame_1764640369_03160.jpg,0
data/frames/frame_1764640369_03161.jpg,0
data/frames/frame_1764640369_03162.jpg,0
data/frames/frame_1764640369_03163.jpg,0
data/frames/frame_1764640369_03164.jpg,0
data/frames/frame_1764640370_03165.jpg,0
data/frames/frame_1764640370_03166.jpg,0
data/frames/frame_1764640370_03167.jpg,0
data/frames/frame_1764640370_03168.jpg,0
data/frames/frame_1764640370_03169.jpg,0
data/frames/frame_1764640371_03170.jpg,0
data/frames/frame_1764640371_03171.jpg,0
data/frames/frame_1764640371_03172.jpg,0
data/frames/frame_1764640371_03173.jpg,0
data/frames/frame_1764640371_03174.jpg,0
data/frames/frame_1764640372_03175.jpg,0
data/frames/frame_1764640372_03176.jpg,0
data/frames/frame_1764640372_03177.jpg,0
data/frames/frame_1764640372_03178.jpg,0
data/frames/frame_1764640372_03179.jpg,0
data/frames/frame_1764640373_03180.jpg,0
data/frames/frame_1764640373_03181.jpg,0
data/frames/frame_1764640373_03182.jpg,0
data/frames/frame_1764640373_03183.jpg,0
data/frames/frame_1764640373_03184.jpg,0
data/frames/frame_1764640374_03185.jpg,0
data/frames/frame_1764640374_03186.jpg,0
data/frames/frame_1764640374_03187.jpg,0
data/frames/frame_1764640374_03188.jpg,0
data/frames/frame_1764640374_03189.jpg,0
data/frames/frame_1764640375_03190.jpg,0
data/frames/frame_1764640375_03191.jpg,0
data/frames/frame_1764640375_03192.jpg,0
data/frames/frame_1764640375_03193.jpg,0
data/frames/frame_1764640375_03194.jpg,0
data/frames/frame_1764640376_03195.jpg,0
data/frames/frame_1764640376_03196.jpg,0
data/frames/frame_1764640376_03197.jpg,0
data/frames/frame_1764640376_03198.jpg,0
data/frames/frame_1764640376_03199.jpg,0
data/frames/frame_1764640377_03200.jpg,0
data/frames/frame_1764640377_03201.jpg,0
data/frames/frame_1764640377_03202.jpg,0
data/frames/frame_1764640377_03203.jpg,0
data/frames/frame_1764640377_03204.jpg,0
data/frames/frame_1764640378_03205.jpg,0
data/frames/frame_1764640378_03206.jpg,0
data/frames/frame_1764640378_03207.jpg,0
data/frames/frame_1764640378_03208.jpg,0
data/frames/frame_1764640378_03209.jpg,0
data/frames/frame_1764640379_03210.jpg,0
data/frames/frame_1764640379_03211.jpg,0
data/frames/frame_1764640379_03212.jpg,0
data/frames/frame_1764640379_03213.jpg,0
data/frames/frame_1764640379_03214.jpg,0
data/frames/frame_1764640380_03215.jpg,0
data/frames/frame_1764640380_03216.jpg,0
data/frames/frame_1764640380_03217.jpg,0
data/frames/frame_1764640380_03218.jpg,0
data/frames/frame_1764640380_03219.jpg,0
data/frames/frame_1764640381_03220.jpg,0
data/frames/frame_1764640381_03221.jpg,0
data/frames/frame_1764640381_03222.jpg,0
data/frames/frame_1764640381_03223.jpg,0
data/frames/frame_1764640381_03224.jpg,0
data/frames/frame_1764640382_03225.jpg,0
data/frames/frame_1764640382_03226.jpg,0
data/frames/frame_1764640382_03227.jpg,0
data/frames/frame_1764640382_03228.jpg,0
data/frames/frame_1764640382_03229.jpg,0
data/frames/frame_1764640383_03230.jpg,0
data/frames/frame_1764640383_03231.jpg,0
data/frames/frame_1764640383_03232.jpg,0
data/frames/frame_1764640383_03233.jpg,0
data/frames/frame_1764640383_03234.jpg,0
data/frames/frame_1764640384_03235.jpg,0
data/frames/frame_1764640384_03236.jpg,0
data/frames/frame_1764640384_03237.jpg,0
data/frames/frame_1764640384_03238.jpg,0
data/frames/frame_1764640384_03239.jpg,0
data/frames/frame_1764640385_03240.jpg,0
data/frames/frame_1764640385_03241.jpg,0
data/frames/frame_1764640385_03242.jpg,0
data/frames/frame_1764640385_03243.jpg,0
data/frames/frame_1764640386_03244.jpg,0
data/frames/frame_1764640386_03245.jpg,0
data/frames/frame_1764640386_03246.jpg,0
data/frames/frame_1764640386_03247.jpg,0
data/frames/frame_1764640386_03248.jpg,0
data/frames/frame_1764640386_03249.jpg,0
data/frames/frame_1764640387_03250.jpg,0
data/frames/frame_1764640387_03251.jpg,0
data/frames/frame_1764640387_03252.jpg,0
data/frames/frame_1764640387_03253.jpg,0
data/frames/frame_1764640387_03254.jpg,0
data/frames/frame_1764640388_03255.jpg,0
data/frames/frame_1764640388_03256.jpg,0
data/frames/frame_1764640388_03257.jpg,0
data/frames/frame_1764640388_03258.jpg,0
data/frames/frame_1764640388_03259.jpg,0
data/frames/frame_1764640389_03260.jpg,0
data/frames/frame_1764640389_03261.jpg,0
data/frames/frame_1764640389_03262.jpg,0
data/frames/frame_1764640389_03263.jpg,0
data/frames/frame_1764640389_03264.jpg,0
data/frames/frame_1764640390_03265.jpg,0
data/frames/frame_1764640390_03266.jpg,0
data/frames/frame_1764640390_03267.jpg,0
data/frames/frame_1764640390_03268.jpg,0
data/frames/frame_1764640390_03269.jpg,0
data/frames/frame_1764640391_03270.jpg,0
data/frames/frame_1764640391_03271.jpg,0
data/frames/frame_1764640391_03272.jpg,0
data/frames/frame_1764640391_03273.jpg,0
data/frames/frame_1764640391_03274.jpg,0
data/frames/frame_1764640392_03275.jpg,0
data/frames/frame_1764640392_03276.jpg,0
data/frames/frame_1764640392_03277.jpg,0
data/frames/frame_1764640392_03278.jpg,0
data/frames/frame_1764640392_03279.jpg,0
data/frames/frame_1764640393_03280.jpg,0
data/frames/frame_1764640393_03281.jpg,0
data/frames/frame_1764640393_03282.jpg,0
data/frames/frame_1764640393_03283.jpg,0
data/frames/frame_1764640393_03284.jpg,0
data/frames/frame_1764640394_03285.jpg,0
data/frames/frame_1764640394_03286.jpg,0
data/frames/frame_1764640394_03287.jpg,0
data/frames/frame_1764640394_03288.jpg,0
data/frames/frame_1764640394_03289.jpg,0
data/frames/frame_1764640395_03290.jpg,0
data/frames/frame_1764640395_03291.jpg,0
data/frames/frame_1764640395_03292.jpg,0
data/frames/frame_1764640395_03293.jpg,0
data/frames/frame_1764640395_03294.jpg,0
data/frames/frame_1764640396_03295.jpg,0
data/frames/frame_1764640396_03296.jpg,0
data/frames/frame_1764640396_03297.jpg,0
data/frames/frame_1764640396_03298.jpg,0
data/frames/frame_1764640396_03299.jpg,0
data/frames/frame_1764640397_03300.jpg,0
data/frames/frame_1764640397_03301.jpg,0
data/frames/frame_1764640397_03302.jpg,0
data/frames/frame_1764640397_03303.jpg,0
data/frames/frame_1764640397_03304.jpg,0
data/frames/frame_1764640398_03305.jpg,0
data/frames/frame_1764640398_03306.jpg,0
data/frames/frame_1764640398_03307.jpg,0
data/frames/frame_1764640398_03308.jpg,0
data/frames/frame_1764640398_03309.jpg,0
data/frames/frame_1764640399_03310.jpg,0
data/frames/frame_1764640399_03311.jpg,0
data/frames/frame_1764640399_03312.jpg,0
data/frames/frame_1764640399_03313.jpg,0
data/frames/frame_1764640399_03314.jpg,0
data/frames/frame_1764640400_03315.jpg,0
data/frames/frame_1764640400_03316.jpg,0
data/frames/frame_1764640400_03317.jpg,0
data/frames/frame_1764640400_03318.jpg,0
data/frames/frame_1764640400_03319.jpg,0
data/frames/frame_1764640401_03320.jpg,0
data/frames/frame_1764640401_03321.jpg,0
data/frames/frame_1764640401_03322.jpg,0
data/frames/frame_1764640401_03323.jpg,0
data/frames/frame_1764640401_03324.jpg,0
data/frames/frame_1764640402_03325.jpg,0
data/frames/frame_1764640402_03326.jpg,0
data/frames/frame_1764640402_03327.jpg,0
data/frames/frame_1764640402_03328.jpg,0
data/frames/frame_1764640402_03329.jpg,0
data/frames/frame_1764640403_03330.jpg,0
data/frames/frame_1764640403_03331.jpg,0
data/frames/frame_1764640403_03332.jpg,0
data/frames/frame_1764640403_03333.jpg,0
data/frames/frame_1764640403_03334.jpg,0
data/frames/frame_1764640404_03335.jpg,0
data/frames/frame_1764640404_03336.jpg,0
data/frames/frame_1764640404_03337.jpg,0
data/frames/frame_1764640404_03338.jpg,0
data/frames/frame_1764640404_03339.jpg,0
data/frames/frame_1764640405_03340.jpg,0
data/frames/frame_1764640405_03341.jpg,0
data/frames/frame_1764640405_03342.jpg,0
data/frames/frame_1764640405_03343.jpg,0
data/frames/frame_1764640405_03344.jpg,0
data/frames/frame_1764640406_03345.jpg,0
data/frames/frame_1764640406_03346.jpg,0
data/frames/frame_1764640406_03347.jpg,0
data/frames/frame_1764640406_03348.jpg,0
data/frames/frame_1764640406_03349.jpg,0
data/frames/frame_1764640407_03350.jpg,0
data/frames/frame_1764640407_03351.jpg,1
data/frames/frame_1764640407_03352.jpg,1
data/frames/frame_1764640407_03353.jpg,1
data/frames/frame_1764640407_03354.jpg,1
data/frames/frame_1764640408_03355.jpg,1
data/frames/frame_1764640408_03356.jpg,1
data/frames/frame_1764640408_03357.jpg,1
data/frames/frame_1764640408_03358.jpg,1
data/frames/frame_1764640408_03359.jpg,1
data/frames/frame_1764640408_03360.jpg,1
data/frames/frame_1764640409_03361.jpg,1
data/frames/frame_1764640409_03362.jpg,1
data/frames/frame_1764640409_03363.jpg,1
data/frames/frame_1764640409_03364.jpg,1
data/frames/frame_1764640409_03365.jpg,1
data/frames/frame_1764640410_03366.jpg,1
data/frames/frame_1764640410_03367.jpg,1
data/frames/frame_1764640410_03368.jpg,1
data/frames/frame_1764640410_03369.jpg,1
data/frames/frame_1764640410_03370.jpg,1
data/frames/frame_1764640411_03371.jpg,1
data/frames/frame_1764640411_03372.jpg,1
data/frames/frame_1764640411_03373.jpg,1
data/frames/frame_1764640411_03374.jpg,1
data/frames/frame_1764640411_03375.jpg,0
data/frames/frame_1764640412_03376.jpg,0
data/frames/frame_1764640412_03377.jpg,0
data/frames/frame_1764640412_03378.jpg,0
data/frames/frame_1764640412_03379.jpg,0
data/frames/frame_1764640412_03380.jpg,0
data/frames/frame_1764640413_03381.jpg,0
data/frames/frame_1764640413_03382.jpg,0
data/frames/frame_1764640413_03383.jpg,0
data/frames/frame_1764640413_03384.jpg,0
data/frames/frame_1764640413_03385.jpg,0
data/frames/frame_1764640414_03386.jpg,0
data/frames/frame_1764640414_03387.jpg,0
data/frames/frame_1764640414_03388.jpg,0
data/frames/frame_1764640414_03389.jpg,0
data/frames/frame_1764640414_03390.jpg,0
data/frames/frame_1764640415_03391.jpg,0
data/frames/frame_1764640415_03392.jpg,0
data/frames/frame_1764640415_03393.jpg,0
data/frames/frame_1764640415_03394.jpg,0
data/frames/frame_1764640415_03395.jpg,0
data/frames/frame_1764640416_03396.jpg,0
data/frames/frame_1764640416_03397.jpg,0
data/frames/frame_1764640416_03398.jpg,0
data/frames/frame_1764640416_03399.jpg,0
data/frames/frame_1764640416_03400.jpg,0
data/frames/frame_1764640417_03401.jpg,0
data/frames/frame_1764640417_03402.jpg,0
data/frames/frame_1764640417_03403.jpg,0
data/frames/frame_1764640417_03404.jpg,0
data/frames/frame_1764640417_03405.jpg,0
data/frames/frame_1764640418_03406.jpg,0
data/frames/frame_1764640418_03407.jpg,0
data/frames/frame_1764640418_03408.jpg,0
data/frames/frame_1764640418_03409.jpg,0
data/frames/frame_1764640418_03410.jpg,0
data/frames/frame_1764640419_03411.jpg,0
data/frames/frame_1764640419_03412.jpg,0
data/frames/frame_1764640419_03413.jpg,0
data/frames/frame_1764640419_03414.jpg,0
data/frames/frame_1764640419_03415.jpg,0
data/frames/frame_1764640420_03416.jpg,0
data/frames/frame_1764640420_03417.jpg,0
data/frames/frame_1764640420_03418.jpg,0
data/frames/frame_1764640420_03419.jpg,0
data/frames/frame_1764640420_03420.jpg,0
data/frames/frame_1764640420_03421.jpg,0
data/frames/frame_1764640421_03422.jpg,0
data/frames/frame_1764640421_03423.jpg,0
data/frames/frame_1764640421_03424.jpg,0
data/frames/frame_1764640421_03425.jpg,0
data/frames/frame_1764640422_03426.jpg,0
data/frames/frame_1764640422_03427.jpg,0
data/frames/frame_1764640422_03428.jpg,0
data/frames/frame_1764640422_03429.jpg,0
data/frames/frame_1764640422_03430.jpg,0
data/frames/frame_1764640422_03431.jpg,0
data/frames/frame_1764640423_03432.jpg,0
data/frames/frame_1764640423_03433.jpg,0
data/frames/frame_1764640423_03434.jpg,0
data/frames/frame_1764640423_03435.jpg,0
data/frames/frame_1764640424_03436.jpg,0
data/frames/frame_1764640424_03437.jpg,0
data/frames/frame_1764640424_03438.jpg,0
data/frames/frame_1764640424_03439.jpg,0
data/frames/frame_1764640424_03440.jpg,0
data/frames/frame_1764640424_03441.jpg,0
data/frames/frame_1764640425_03442.jpg,0
data/frames/frame_1764640425_03443.jpg,0
data/frames/frame_1764640425_03444.jpg,0
data/frames/frame_1764640425_03445.jpg,0
data/frames/frame_1764640425_03446.jpg,0
data/frames/frame_1764640426_03447.jpg,0
data/frames/frame_1764640426_03448.jpg,0
data/frames/frame_1764640426_03449.jpg,0
data/frames/frame_1764640426_03450.jpg,0
data/frames/frame_1764640426_03451.jpg,0
data/frames/frame_1764640427_03452.jpg,0
data/frames/frame_1764640427_03453.jpg,0
data/frames/frame_1764640427_03454.jpg,0
data/frames/frame_1764640427_03455.jpg,0
data/frames/frame_1764640427_03456.jpg,0
data/frames/frame_1764640428_03457.jpg,0
data/frames/frame_1764640428_03458.jpg,0
data/frames/frame_1764640428_03459.jpg,0
data/frames/frame_1764640428_03460.jpg,0
data/frames/frame_1764640428_03461.jpg,0
data/frames/frame_1764640429_03462.jpg,0
data/frames/frame_1764640429_03463.jpg,0
data/frames/frame_1764640429_03464.jpg,0
data/frames/frame_1764640429_03465.jpg,0
data/frames/frame_1764640429_03466.jpg,0
data/frames/frame_1764640430_03467.jpg,0
data/frames/frame_1764640430_03468.jpg,0
data/frames/frame_1764640430_03469.jpg,0
data/frames/frame_1764640430_03470.jpg,0
data/frames/frame_1764640430_03471.jpg,0
data/frames/frame_1764640431_03472.jpg,0
data/frames/frame_1764640431_03473.jpg,0
data/frames/frame_1764640431_03474.jpg,0
data/frames/frame_1764640431_03475.jpg,0
data/frames/frame_1764640431_03476.jpg,0
data/frames/frame_1764640432_03477.jpg,0
data/frames/frame_1764640432_03478.jpg,0
data/frames/frame_1764640432_03479.jpg,0
data/frames/frame_1764640432_03480.jpg,0
data/frames/frame_1764640432_03481.jpg,0
data/frames/frame_1764640433_03482.jpg,0
data/frames/frame_1764640433_03483.jpg,0
data/frames/frame_1764640433_03484.jpg,0
data/frames/frame_1764640433_03485.jpg,0
data/frames/frame_1764640433_03486.jpg,0
data/frames/frame_1764640434_03487.jpg,0
data/frames/frame_1764640434_03488.jpg,0
data/frames/frame_1764640434_03489.jpg,0
data/frames/frame_1764640434_03490.jpg,0
data/frames/frame_1764640434_03491.jpg,0
data/frames/frame_1764640435_03492.jpg,0
data/frames/frame_1764640435_03493.jpg,0
data/frames/frame_1764640435_03494.jpg,0
data/frames/frame_1764640435_03495.jpg,0
data/frames/frame_1764640435_03496.jpg,0
data/frames/frame_1764640436_03497.jpg,0
data/frames/frame_1764640436_03498.jpg,0
data/frames/frame_1764640436_03499.jpg,0
data/frames/frame_1764640436_03500.jpg,0
data/frames/frame_1764640436_03501.jpg,0
data/frames/frame_1764640437_03502.jpg,0
data/frames/frame_1764640437_03503.jpg,0
data/frames/frame_1764640437_03504.jpg,0
data/frames/frame_1764640437_03505.jpg,0
data/frames/frame_1764640437_03506.jpg,0
data/frames/frame_1764640438_03507.jpg,0
data/frames/frame_1764640438_03508.jpg,0
data/frames/frame_1764640438_03509.jpg,0
data/frames/frame_1764640438_03510.jpg,0
data/frames/frame_1764640438_03511.jpg,0
data/frames/frame_1764640439_03512.jpg,0
data/frames/frame_1764640439_03513.jpg,0
data/frames/frame_1764640439_03514.jpg,0
data/frames/frame_1764640439_03515.jpg,0
data/frames/frame_1764640439_03516.jpg,0
data/frames/frame_1764640440_03517.jpg,0
data/frames/frame_1764640440_03518.jpg,0
data/frames/frame_1764640440_03519.jpg,0
data/frames/frame_1764640440_03520.jpg,0
data/frames/frame_1764640440_03521.jpg,0
data/frames/frame_1764640441_03522.jpg,0
data/frames/frame_1764640441_03523.jpg,0
data/frames/frame_1764640441_03524.jpg,0
data/frames/frame_1764640441_03525.jpg,0
data/frames/frame_1764640441_03526.jpg,0
data/frames/frame_1764640442_03527.jpg,0
data/frames/frame_1764640442_03528.jpg,0
data/frames/frame_1764640442_03529.jpg,0
data/frames/frame_1764640442_03530.jpg,0
data/frames/frame_1764640442_03531.jpg,0
data/frames/frame_1764640443_03532.jpg,0
data/frames/frame_1764640443_03533.jpg,0
data/frames/frame_1764640443_03534.jpg,0
data/frames/frame_1764640443_03535.jpg,0
data/frames/frame_1764640443_03536.jpg,0
data/frames/frame_1764640444_03537.jpg,0
data/frames/frame_1764640444_03538.jpg,0
data/frames/frame_1764640444_03539.jpg,0
data/frames/frame_1764640444_03540.jpg,0
data/frames/frame_1764640444_03541.jpg,0
data/frames/frame_1764640445_03542.jpg,0
data/frames/frame_1764640445_03543.jpg,0
data/frames/frame_1764640445_03544.jpg,0
data/frames/frame_1764640445_03545.jpg,0
data/frames/frame_1764640445_03546.jpg,0
data/frames/frame_1764640446_03547.jpg,0
data/frames/frame_1764640446_03548.jpg,0
data/frames/frame_1764640446_03549.jpg,0
data/frames/frame_1764640446_03550.jpg,0
data/frames/frame_1764640446_03551.jpg,0
data/frames/frame_1764640447_03552.jpg,0
data/frames/frame_1764640447_03553.jpg,0
data/frames/frame_1764640447_03554.jpg,0
data/frames/frame_1764640447_03555.jpg,0
data/frames/frame_1764640447_03556.jpg,0
data/frames/frame_1764640448_03557.jpg,0
data/frames/frame_1764640448_03558.jpg,0
data/frames/frame_1764640448_03559.jpg,0
data/frames/frame_1764640448_03560.jpg,0
data/frames/frame_1764640448_03561.jpg,0
data/frames/frame_1764640449_03562.jpg,0
data/frames/frame_1764640449_03563.jpg,0
data/frames/frame_1764640449_03564.jpg,0
data/frames/frame_1764640449_03565.jpg,0
data/frames/frame_1764640449_03566.jpg,0
data/frames/frame_1764640450_03567.jpg,0
data/frames/frame_1764640450_03568.jpg,0
data/frames/frame_1764640450_03569.jpg,0
data/frames/frame_1764640450_03570.jpg,0
data/frames/frame_1764640450_03571.jpg,0
data/frames/frame_1764640451_03572.jpg,0
data/frames/frame_1764640451_03573.jpg,0
data/frames/frame_1764640451_03574.jpg,0
data/frames/frame_1764640451_03575.jpg,0
data/frames/frame_1764640451_03576.jpg,0
data/frames/frame_1764640452_03577.jpg,0
data/frames/frame_1764640452_03578.jpg,0
data/frames/frame_1764640452_03579.jpg,0
data/frames/frame_1764640452_03580.jpg,0
data/frames/frame_1764640452_03581.jpg,0
data/frames/frame_1764640452_03582.jpg,0
data/frames/frame_1764640453_03583.jpg,0
data/frames/frame_1764640453_03584.jpg,0
data/frames/frame_1764640453_03585.jpg,0
data/frames/frame_1764640453_03586.jpg,0
data/frames/frame_1764640453_03587.jpg,0
data/frames/frame_1764640454_03588.jpg,0
data/frames/frame_1764640454_03589.jpg,0
data/frames/frame_1764640454_03590.jpg,0
data/frames/frame_1764640454_03591.jpg,0
data/frames/frame_1764640454_03592.jpg,0
data/frames/frame_1764640455_03593.jpg,0
data/frames/frame_1764640455_03594.jpg,0
data/frames/frame_1764640455_03595.jpg,0
data/frames/frame_1764640455_03596.jpg,0
data/frames/frame_1764640455_03597.jpg,0
data/frames/frame_1764640455_03598.jpg,0
data/frames/frame_1764640456_03599.jpg,0
data/frames/frame_1764640456_03600.jpg,0
data/frames/frame_1764640456_03601.jpg,0
data/frames/frame_1764640456_03602.jpg,0
data/frames/frame_1764640456_03603.jpg,0
data/frames/frame_1764640457_03604.jpg,0
data/frames/frame_1764640457_03605.jpg,0
data/frames/frame_1764640457_03606.jpg,0
data/frames/frame_1764640457_03607.jpg,0
data/frames/frame_1764640457_03608.jpg,0
data/frames/frame_1764640458_03609.jpg,0
data/frames/frame_1764640458_03610.jpg,0
data/frames/frame_1764640458_03611.jpg,0
data/frames/frame_1764640458_03612.jpg,0
data/frames/frame_1764640458_03613.jpg,0
data/frames/frame_1764640459_03614.jpg,0
data/frames/frame_1764640459_03615.jpg,0
data/frames/frame_1764640459_03616.jpg,0
data/frames/frame_1764640459_03617.jpg,0
data/frames/frame_1764640459_03618.jpg,0
data/frames/frame_1764640459_03619.jpg,0
data/frames/frame_1764640460_03620.jpg,0
data/frames/frame_1764640460_03621.jpg,0
data/frames/frame_1764640460_03622.jpg,0
data/frames/frame_1764640460_03623.jpg,0
data/frames/frame_1764640460_03624.jpg,0
data/frames/frame_1764640461_03625.jpg,0
data/frames/frame_1764640461_03626.jpg,0
data/frames/frame_1764640461_03627.jpg,0
data/frames/frame_1764640461_03628.jpg,0
data/frames/frame_1764640461_03629.jpg,0
data/frames/frame_1764640462_03630.jpg,0
data/frames/frame_1764640462_03631.jpg,0
data/frames/frame_1764640462_03632.jpg,0
data/frames/frame_1764640462_03633.jpg,0
data/frames/frame_1764640462_03634.jpg,0
data/frames/frame_1764640462_03635.jpg,0
data/frames/frame_1764640463_03636.jpg,0
data/frames/frame_1764640463_03637.jpg,0
data/frames/frame_1764640463_03638.jpg,0
data/frames/frame_1764640463_03639.jpg,0
data/frames/frame_1764640463_03640.jpg,0
data/frames/frame_1764640464_03641.jpg,0
data/frames/frame_1764640464_03642.jpg,0
data/frames/frame_1764640464_03643.jpg,0
data/frames/frame_1764640464_03644.jpg,0
data/frames/frame_1764640464_03645.jpg,0
data/frames/frame_1764640465_03646.jpg,0
data/frames/frame_1764640465_03647.jpg,0
data/frames/frame_1764640465_03648.jpg,0
data/frames/frame_1764640465_03649.jpg,0
data/frames/frame_1764640465_03650.jpg,0
data/frames/frame_1764640466_03651.jpg,0
data/frames/frame_1764640466_03652.jpg,0
data/frames/frame_1764640466_03653.jpg,0
data/frames/frame_1764640466_03654.jpg,0
data/frames/frame_1764640466_03655.jpg,0
data/frames/frame_1764640467_03656.jpg,0
data/frames/frame_1764640467_03657.jpg,0
data/frames/frame_1764640467_03658.jpg,0
data/frames/frame_1764640467_03659.jpg,0
data/frames/frame_1764640467_03660.jpg,0
data/frames/frame_1764640468_03661.jpg,0
data/frames/frame_1764640468_03662.jpg,0
data/frames/frame_1764640468_03663.jpg,0
data/frames/frame_1764640468_03664.jpg,0
data/frames/frame_1764640468_03665.jpg,0
data/frames/frame_1764640469_03666.jpg,0
data/frames/frame_1764640469_03667.jpg,0
data/frames/frame_1764640469_03668.jpg,0
data/frames/frame_1764640469_03669.jpg,0
data/frames/frame_1764640469_03670.jpg,0
data/frames/frame_1764640470_03671.jpg,0
data/frames/frame_1764640470_03672.jpg,0
data/frames/frame_1764640470_03673.jpg,0
data/frames/frame_1764640470_03674.jpg,0
data/frames/frame_1764640470_03675.jpg,0
data/frames/frame_1764640470_03676.jpg,0
data/frames/frame_1764640471_03677.jpg,0
data/frames/frame_1764640471_03678.jpg,0
data/frames/frame_1764640471_03679.jpg,0
data/frames/frame_1764640471_03680.jpg,0
data/frames/frame_1764640471_03681.jpg,0
data/frames/frame_1764640472_03682.jpg,0
data/frames/frame_1764640472_03683.jpg,0
data/frames/frame_1764640472_03684.jpg,0
data/frames/frame_1764640472_03685.jpg,0
data/frames/frame_1764640472_03686.jpg,0
data/frames/frame_1764640473_03687.jpg,0
data/frames/frame_1764640473_03688.jpg,0
data/frames/frame_1764640473_03689.jpg,0
data/frames/frame_1764640473_03690.jpg,0
data/frames/frame_1764640473_03691.jpg,0
data/frames/frame_1764640474_03692.jpg,0
data/frames/frame_1764640474_03693.jpg,0
data/frames/frame_1764640474_03694.jpg,0
data/frames/frame_1764640474_03695.jpg,0
data/frames/frame_1764640474_03696.jpg,0
data/frames/frame_1764640475_03697.jpg,0
data/frames/frame_1764640475_03698.jpg,0
data/frames/frame_1764640475_03699.jpg,0
data/frames/frame_1764640475_03700.jpg,0
data/frames/frame_1764640475_03701.jpg,0
data/frames/frame_1764640476_03702.jpg,0
data/frames/frame_1764640476_03703.jpg,0
data/frames/frame_1764640476_03704.jpg,0
data/frames/frame_1764640476_03705.jpg,0
data/frames/frame_1764640476_03706.jpg,0
data/frames/frame_1764640477_03707.jpg,0
data/frames/frame_1764640477_03708.jpg,0
data/frames/frame_1764640477_03709.jpg,0
data/frames/frame_1764640477_03710.jpg,0
data/frames/frame_1764640477_03711.jpg,0
data/frames/frame_1764640478_03712.jpg,0
data/frames/frame_1764640478_03713.jpg,0
data/frames/frame_1764640478_03714.jpg,0
data/frames/frame_1764640478_03715.jpg,0
data/frames/frame_1764640478_03716.jpg,0
data/frames/frame_1764640479_03717.jpg,0
data/frames/frame_1764640479_03718.jpg,0
data/frames/frame_1764640479_03719.jpg,0
data/frames/frame_1764640479_03720.jpg,0
data/frames/frame_1764640479_03721.jpg,0
data/frames/frame_1764640480_03722.jpg,0
data/frames/frame_1764640480_03723.jpg,0
data/frames/frame_1764640480_03724.jpg,0
data/frames/frame_1764640480_03725.jpg,0
data/frames/frame_1764640480_03726.jpg,0
data/frames/frame_1764640481_03727.jpg,0
data/frames/frame_1764640481_03728.jpg,0
data/frames/frame_1764640481_03729.jpg,0
data/frames/frame_1764640481_03730.jpg,0
data/frames/frame_1764640481_03731.jpg,0
data/frames/frame_1764640482_03732.jpg,0
data/frames/frame_1764640482_03733.jpg,0
data/frames/frame_1764640482_03734.jpg,0
data/frames/frame_1764640482_03735.jpg,0
data/frames/frame_1764640482_03736.jpg,0
data/frames/frame_1764640483_03737.jpg,0
data/frames/frame_1764640483_03738.jpg,0
data/frames/frame_1764640483_03739.jpg,0
data/frames/frame_1764640483_03740.jpg,0
data/frames/frame_1764640483_03741.jpg,0
data/frames/frame_1764640484_03742.jpg,0
data/frames/frame_1764640484_03743.jpg,0
data/frames/frame_1764640484_03744.jpg,0
data/frames/frame_1764640484_03745.jpg,0
data/frames/frame_1764640484_03746.jpg,0
data/frames/frame_1764640485_03747.jpg,0
data/frames/frame_1764640485_03748.jpg,0
data/frames/frame_1764640485_03749.jpg,0
data/frames/frame_1764640485_03750.jpg,0
data/frames/frame_1764640485_03751.jpg,0
data/frames/frame_1764640486_03752.jpg,0
data/frames/frame_1764640486_03753.jpg,0
data/frames/frame_1764640486_03754.jpg,0
data/frames/frame_1764640486_03755.jpg,0
data/frames/frame_1764640486_03756.jpg,0
data/frames/frame_1764640487_03757.jpg,0
data/frames/frame_1764640487_03758.jpg,0
data/frames/frame_1764640487_03759.jpg,0
data/frames/frame_1764640487_03760.jpg,0
data/frames/frame_1764640487_03761.jpg,0
data/frames/frame_1764640487_03762.jpg,0
data/frames/frame_1764640488_03763.jpg,0
data/frames/frame_1764640488_03764.jpg,0
data/frames/frame_1764640488_03765.jpg,0
data/frames/frame_1764640488_03766.jpg,0
data/frames/frame_1764640489_03767.jpg,0
data/frames/frame_1764640489_03768.jpg,0
data/frames/frame_1764640489_03769.jpg,0
data/frames/frame_1764640489_03770.jpg,0
data/frames/frame_1764640489_03771.jpg,0
data/frames/frame_1764640489_03772.jpg,0
data/frames/frame_1764640490_03773.jpg,0
data/frames/frame_1764640490_03774.jpg,0
data/frames/frame_1764640490_03775.jpg,0
data/frames/frame_1764640490_03776.jpg,0
data/frames/frame_1764640490_03777.jpg,0
data/frames/frame_1764640491_03778.jpg,0
data/frames/frame_1764640491_03779.jpg,0
data/frames/frame_1764640491_03780.jpg,0
data/frames/frame_1764640491_03781.jpg,0
data/frames/frame_1764640491_03782.jpg,0
data/frames/frame_1764640492_03783.jpg,0
data/frames/frame_1764640492_03784.jpg,0
data/frames/frame_1764640492_03785.jpg,0
data/frames/frame_1764640492_03786.jpg,0
data/frames/frame_1764640492_03787.jpg,0
data/frames/frame_1764640493_03788.jpg,0
data/frames/frame_1764640493_03789.jpg,0
data/frames/frame_1764640493_03790.jpg,0
data/frames/frame_1764640493_03791.jpg,0
data/frames/frame_1764640493_03792.jpg,0
data/frames/frame_1764640493_03793.jpg,0
data/frames/frame_1764640494_03794.jpg,0
data/frames/frame_1764640494_03795.jpg,0
data/frames/frame_1764640494_03796.jpg,0
data/frames/frame_1764640494_03797.jpg,0
data/frames/frame_1764640494_03798.jpg,0
data/frames/frame_1764640495_03799.jpg,0
data/frames/frame_1764640495_03800.jpg,0
data/frames/frame_1764640495_03801.jpg,0
data/frames/frame_1764640495_03802.jpg,0
data/frames/frame_1764640496_03803.jpg,0
data/frames/frame_1764640496_03804.jpg,0
data/frames/frame_1764640496_03805.jpg,0
data/frames/frame_1764640496_03806.jpg,0
data/frames/frame_1764640496_03807.jpg,0
data/frames/frame_1764640497_03808.jpg,0
data/frames/frame_1764640497_03809.jpg,0
data/frames/frame_1764640497_03810.jpg,0
data/frames/frame_1764640497_03811.jpg,0
data/frames/frame_1764640497_03812.jpg,0
data/frames/frame_1764640498_03813.jpg,0
data/frames/frame_1764640498_03814.jpg,0
data/frames/frame_1764640498_03815.jpg,0
data/frames/frame_1764640498_03816.jpg,0
data/frames/frame_1764640498_03817.jpg,0
data/frames/frame_1764640499_03818.jpg,0
data/frames/frame_1764640499_03819.jpg,0
data/frames/frame_1764640499_03820.jpg,0
data/frames/frame_1764640499_03821.jpg,0
data/frames/frame_1764640499_03822.jpg,0
data/frames/frame_1764640499_03823.jpg,0
data/frames/frame_1764640500_03824.jpg,0
data/frames/frame_1764640500_03825.jpg,0
data/frames/frame_1764640500_03826.jpg,0
data/frames/frame_1764640500_03827.jpg,0
data/frames/frame_1764640500_03828.jpg,0
data/frames/frame_1764640501_03829.jpg,0
data/frames/frame_1764640501_03830.jpg,0
data/frames/frame_1764640501_03831.jpg,0
data/frames/frame_1764640501_03832.jpg,0
data/frames/frame_1764640501_03833.jpg,0
data/frames/frame_1764640502_03834.jpg,0
data/frames/frame_1764640502_03835.jpg,0
data/frames/frame_1764640502_03836.jpg,0
data/frames/frame_1764640502_03837.jpg,0
data/frames/frame_1764640502_03838.jpg,0
data/frames/frame_1764640503_03839.jpg,0
data/frames/frame_1764640503_03840.jpg,0
data/frames/frame_1764640503_03841.jpg,0
data/frames/frame_1764640503_03842.jpg,0
data/frames/frame_1764640503_03843.jpg,0
data/frames/frame_1764640504_03844.jpg,0
data/frames/frame_1764640504_03845.jpg,0
data/frames/frame_1764640504_03846.jpg,0
data/frames/frame_1764640504_03847.jpg,0
data/frames/frame_1764640504_03848.jpg,0
data/frames/frame_1764640505_03849.jpg,0
data/frames/frame_1764640505_03850.jpg,0
data/frames/frame_1764640505_03851.jpg,0
data/frames/frame_1764640505_03852.jpg,0
data/frames/frame_1764640505_03853.jpg,0
data/frames/frame_1764640506_03854.jpg,0
data/frames/frame_1764640506_03855.jpg,0
data/frames/frame_1764640506_03856.jpg,0
data/frames/frame_1764640506_03857.jpg,0
data/frames/frame_1764640506_03858.jpg,0
data/frames/frame_1764640507_03859.jpg,0
data/frames/frame_1764640507_03860.jpg,0
data/frames/frame_1764640507_03861.jpg,0
data/frames/frame_1764640507_03862.jpg,0
data/frames/frame_1764640507_03863.jpg,0
data/frames/frame_1764640508_03864.jpg,0
data/frames/frame_1764640508_03865.jpg,0
data/frames/frame_1764640508_03866.jpg,0
data/frames/frame_1764640508_03867.jpg,0
data/frames/frame_1764640508_03868.jpg,0
data/frames/frame_1764640509_03869.jpg,0
data/frames/frame_1764640509_03870.jpg,0
data/frames/frame_1764640509_03871.jpg,0
data/frames/frame_1764640509_03872.jpg,0
data/frames/frame_1764640510_03873.jpg,0
data/frames/frame_1764640510_03874.jpg,0
data/frames/frame_1764640510_03875.jpg,0
data/frames/frame_1764640510_03876.jpg,0
data/frames/frame_1764640510_03877.jpg,0
data/frames/frame_1764640510_03878.jpg,0
data/frames/frame_1764640511_03879.jpg,0
data/frames/frame_1764640511_03880.jpg,0
data/frames/frame_1764640511_03881.jpg,0
data/frames/frame_1764640511_03882.jpg,0
data/frames/frame_1764640511_03883.jpg,0
data/frames/frame_1764640512_03884.jpg,0
data/frames/frame_1764640512_03885.jpg,0
data/frames/frame_1764640512_03886.jpg,0
data/frames/frame_1764640512_03887.jpg,0
data/frames/frame_1764640512_03888.jpg,0
data/frames/frame_1764640513_03889.jpg,0
data/frames/frame_1764640513_03890.jpg,0
data/frames/frame_1764640513_03891.jpg,0
data/frames/frame_1764640513_03892.jpg,0
data/frames/frame_1764640513_03893.jpg,0
data/frames/frame_1764640514_03894.jpg,0
data/frames/frame_1764640514_03895.jpg,0
data/frames/frame_1764640514_03896.jpg,0
data/frames/frame_1764640514_03897.jpg,0
data/frames/frame_1764640514_03898.jpg,0
data/frames/frame_1764640515_03899.jpg,0
data/frames/frame_1764640515_03900.jpg,0
data/frames/frame_1764640515_03901.jpg,0
data/frames/frame_1764640515_03902.jpg,0
data/frames/frame_1764640515_03903.jpg,0
data/frames/frame_1764640516_03904.jpg,0
data/frames/frame_1764640516_03905.jpg,0
data/frames/frame_1764640516_03906.jpg,0
data/frames/frame_1764640516_03907.jpg,0
data/frames/frame_1764640516_03908.jpg,0
data/frames/frame_1764640517_03909.jpg,0
data/frames/frame_1764640517_03910.jpg,0
data/frames/frame_1764640517_03911.jpg,0
data/frames/frame_1764640517_03912.jpg,0
data/frames/frame_1764640517_03913.jpg,0
data/frames/frame_1764640518_03914.jpg,0
data/frames/frame_1764640518_03915.jpg,0
data/frames/frame_1764640518_03916.jpg,0
data/frames/frame_1764640518_03917.jpg,0
data/frames/frame_1764640518_03918.jpg,0
data/frames/frame_1764640519_03919.jpg,0
data/frames/frame_1764640519_03920.jpg,0
data/frames/frame_1764640519_03921.jpg,0
data/frames/frame_1764640519_03922.jpg,0
data/frames/frame_1764640519_03923.jpg,0
data/frames/frame_1764640520_03924.jpg,0
data/frames/frame_1764640520_03925.jpg,0
data/frames/frame_1764640520_03926.jpg,0
data/frames/frame_1764640520_03927.jpg,1
data/frames/frame_1764640520_03928.jpg,1
data/frames/frame_1764640520_03929.jpg,1
data/frames/frame_1764640521_03930.jpg,1
data/frames/frame_1764640521_03931.jpg,1
data/frames/frame_1764640521_03932.jpg,1
data/frames/frame_1764640521_03933.jpg,1
data/frames/frame_1764640521_03934.jpg,1
data/frames/frame_1764640522_03935.jpg,1
data/frames/frame_1764640522_03936.jpg,1
data/frames/frame_1764640522_03937.jpg,1
data/frames/frame_1764640522_03938.jpg,1
data/frames/frame_1764640522_03939.jpg,0
data/frames/frame_1764640523_03940.jpg,0
data/frames/frame_1764640523_03941.jpg,0
data/frames/frame_1764640523_03942.jpg,0
data/frames/frame_1764640523_03943.jpg,0
data/frames/frame_1764640523_03944.jpg,0
data/frames/frame_1764640524_03945.jpg,0
data/frames/frame_1764640524_03946.jpg,0
data/frames/frame_1764640524_03947.jpg,0
data/frames/frame_1764640524_03948.jpg,0
data/frames/frame_1764640524_03949.jpg,0
data/frames/frame_1764640525_03950.jpg,0
data/frames/frame_1764640525_03951.jpg,0
data/frames/frame_1764640525_03952.jpg,0
data/frames/frame_1764640525_03953.jpg,0
data/frames/frame_1764640525_03954.jpg,0
data/frames/frame_1764640525_03955.jpg,0
data/frames/frame_1764640526_03956.jpg,0
data/frames/frame_1764640526_03957.jpg,0
data/frames/frame_1764640526_03958.jpg,0
data/frames/frame_1764640526_03959.jpg,0
data/frames/frame_1764640526_03960.jpg,0
data/frames/frame_1764640527_03961.jpg,0
data/frames/frame_1764640527_03962.jpg,0
data/frames/frame_1764640527_03963.jpg,0
data/frames/frame_1764640527_03964.jpg,0
data/frames/frame_1764640527_03965.jpg,0
data/frames/frame_1764640528_03966.jpg,0
data/frames/frame_1764640528_03967.jpg,0
data/frames/frame_1764640528_03968.jpg,0
data/frames/frame_1764640528_03969.jpg,0
data/frames/frame_1764640528_03970.jpg,0
data/frames/frame_1764640529_03971.jpg,0
data/frames/frame_1764640529_03972.jpg,0
data/frames/frame_1764640529_03973.jpg,0
data/frames/frame_1764640529_03974.jpg,0
data/frames/frame_1764640530_03975.jpg,0
data/frames/frame_1764640530_03976.jpg,0
data/frames/frame_1764640530_03977.jpg,0
data/frames/frame_1764640530_03978.jpg,0
data/frames/frame_1764640530_03979.jpg,0
data/frames/frame_1764640530_03980.jpg,0
data/frames/frame_1764640531_03981.jpg,0
data/frames/frame_1764640531_03982.jpg,0
data/frames/frame_1764640531_03983.jpg,0
data/frames/frame_1764640531_03984.jpg,0
data/frames/frame_1764640531_03985.jpg,0
data/frames/frame_1764640532_03986.jpg,0
data/frames/frame_1764640532_03987.jpg,0
data/frames/frame_1764640532_03988.jpg,0
data/frames/frame_1764640532_03989.jpg,0
data/frames/frame_1764640532_03990.jpg,0
data/frames/frame_1764640533_03991.jpg,0
data/frames/frame_1764640533_03992.jpg,0
data/frames/frame_1764640533_03993.jpg,0
data/frames/frame_1764640533_03994.jpg,0
data/frames/frame_1764640533_03995.jpg,0
data/frames/frame_1764640534_03996.jpg,0
data/frames/frame_1764640534_03997.jpg,0
data/frames/frame_1764640534_03998.jpg,0
data/frames/frame_1764640534_03999.jpg,0
data/frames/frame_1764640534_04000.jpg,0
data/frames/frame_1764640535_04001.jpg,0
data/frames/frame_1764640535_04002.jpg,0
data/frames/frame_1764640535_04003.jpg,0
data/frames/frame_1764640535_04004.jpg,0
data/frames/frame_1764640535_04005.jpg,0
data/frames/frame_1764640536_04006.jpg,0
data/frames/frame_1764640536_04007.jpg,0
data/frames/frame_1764640536_04008.jpg,0
data/frames/frame_1764640536_04009.jpg,0
data/frames/frame_1764640536_04010.jpg,0
data/frames/frame_1764640537_04011.jpg,0
data/frames/frame_1764640537_04012.jpg,0
data/frames/frame_1764640537_04013.jpg,0
data/frames/frame_1764640537_04014.jpg,0
data/frames/frame_1764640537_04015.jpg,0
data/frames/frame_1764640537_04016.jpg,0
data/frames/frame_1764640538_04017.jpg,0
data/frames/frame_1764640538_04018.jpg,0
data/frames/frame_1764640538_04019.jpg,0
data/frames/frame_1764640538_04020.jpg,0
data/frames/frame_1764640538_04021.jpg,0
data/frames/frame_1764640539_04022.jpg,0
data/frames/frame_1764640539_04023.jpg,0
data/frames/frame_1764640539_04024.jpg,0
data/frames/frame_1764640539_04025.jpg,0
data/frames/frame_1764640539_04026.jpg,0
data/frames/frame_1764640540_04027.jpg,0
data/frames/frame_1764640540_04028.jpg,0
data/frames/frame_1764640540_04029.jpg,0
data/frames/frame_1764640540_04030.jpg,0
data/frames/frame_1764640540_04031.jpg,0
data/frames/frame_1764640541_04032.jpg,0
data/frames/frame_1764640541_04033.jpg,0
data/frames/frame_1764640541_04034.jpg,0
data/frames/frame_1764640541_04035.jpg,0
data/frames/frame_1764640541_04036.jpg,0
data/frames/frame_1764640542_04037.jpg,0
data/frames/frame_1764640542_04038.jpg,0
data/frames/frame_1764640542_04039.jpg,0
data/frames/frame_1764640542_04040.jpg,0
data/frames/frame_1764640542_04041.jpg,0
data/frames/frame_1764640543_04042.jpg,0
data/frames/frame_1764640543_04043.jpg,0
data/frames/frame_1764640543_04044.jpg,0
data/frames/frame_1764640543_04045.jpg,0
data/frames/frame_1764640543_04046.jpg,0
data/frames/frame_1764640544_04047.jpg,0
data/frames/frame_1764640544_04048.jpg,0
data/frames/frame_1764640544_04049.jpg,0
data/frames/frame_1764640544_04050.jpg,0
data/frames/frame_1764640544_04051.jpg,0
data/frames/frame_1764640545_04052.jpg,0
data/frames/frame_1764640545_04053.jpg,0
data/frames/frame_1764640545_04054.jpg,0
data/frames/frame_1764640545_04055.jpg,0
data/frames/frame_1764640545_04056.jpg,0
data/frames/frame_1764640546_04057.jpg,0
data/frames/frame_1764640546_04058.jpg,0
data/frames/frame_1764640546_04059.jpg,0
data/frames/frame_1764640546_04060.jpg,0
data/frames/frame_1764640546_04061.jpg,0
data/frames/frame_1764640547_04062.jpg,0
data/frames/frame_1764640547_04063.jpg,0
data/frames/frame_1764640547_04064.jpg,0
data/frames/frame_1764640547_04065.jpg,0
data/frames/frame_1764640547_04066.jpg,0
data/frames/frame_1764640548_04067.jpg,0
data/frames/frame_1764640548_04068.jpg,0
data/frames/frame_1764640548_04069.jpg,0
data/frames/frame_1764640548_04070.jpg,0
data/frames/frame_1764640548_04071.jpg,0
data/frames/frame_1764640549_04072.jpg,0
data/frames/frame_1764640549_04073.jpg,0
data/frames/frame_1764640549_04074.jpg,0
data/frames/frame_1764640549_04075.jpg,0
data/frames/frame_1764640549_04076.jpg,0
data/frames/frame_1764640549_04077.jpg,0
data/frames/frame_1764640550_04078.jpg,0
data/frames/frame_1764640550_04079.jpg,0
data/frames/frame_1764640550_04080.jpg,0
data/frames/frame_1764640550_04081.jpg,0
data/frames/frame_1764640550_04082.jpg,0
data/frames/frame_1764640551_04083.jpg,0
data/frames/frame_1764640551_04084.jpg,0
data/frames/frame_1764640551_04085.jpg,0
data/frames/frame_1764640551_04086.jpg,0
data/frames/frame_1764640551_04087.jpg,0
data/frames/frame_1764640552_04088.jpg,0
data/frames/frame_1764640552_04089.jpg,0
data/frames/frame_1764640552_04090.jpg,0
data/frames/frame_1764640552_04091.jpg,0
data/frames/frame_1764640552_04092.jpg,0
data/frames/frame_1764640553_04093.jpg,0
data/frames/frame_1764640553_04094.jpg,0
data/frames/frame_1764640553_04095.jpg,0
data/frames/frame_1764640553_04096.jpg,0
data/frames/frame_1764640553_04097.jpg,0
data/frames/frame_1764640554_04098.jpg,0
data/frames/frame_1764640554_04099.jpg,0
data/frames/frame_1764640554_04100.jpg,0
data/frames/frame_1764640554_04101.jpg,0
data/frames/frame_1764640554_04102.jpg,0
data/frames/frame_1764640555_04103.jpg,0
data/frames/frame_1764640555_04104.jpg,0
data/frames/frame_1764640555_04105.jpg,0
data/frames/frame_1764640555_04106.jpg,0
data/frames/frame_1764640555_04107.jpg,0
data/frames/frame_1764640556_04108.jpg,0
data/frames/frame_1764640556_04109.jpg,0
data/frames/frame_1764640556_04110.jpg,0
data/frames/frame_1764640556_04111.jpg,0
data/frames/frame_1764640556_04112.jpg,0
data/frames/frame_1764640557_04113.jpg,0
data/frames/frame_1764640557_04114.jpg,0
data/frames/frame_1764640557_04115.jpg,0
data/frames/frame_1764640557_04116.jpg,0
data/frames/frame_1764640557_04117.jpg,0
data/frames/frame_1764640558_04118.jpg,0
data/frames/frame_1764640558_04119.jpg,0
data/frames/frame_1764640558_04120.jpg,0
data/frames/frame_1764640558_04121.jpg,0
data/frames/frame_1764640558_04122.jpg,0
data/frames/frame_1764640558_04123.jpg,0
data/frames/frame_1764640559_04124.jpg,0
data/frames/frame_1764640559_04125.jpg,0
data/frames/frame_1764640559_04126.jpg,0
data/frames/frame_1764640559_04127.jpg,0
data/frames/frame_1764640559_04128.jpg,0
data/frames/frame_1764640560_04129.jpg,0
data/frames/frame_1764640560_04130.jpg,0
data/frames/frame_1764640560_04131.jpg,0
data/frames/frame_1764640560_04132.jpg,0
data/frames/frame_1764640560_04133.jpg,0
data/frames/frame_1764640561_04134.jpg,0
data/frames/frame_1764640561_04135.jpg,0
data/frames/frame_1764640561_04136.jpg,0
data/frames/frame_1764640561_04137.jpg,0
data/frames/frame_1764640561_04138.jpg,0
data/frames/frame_1764640562_04139.jpg,0
data/frames/frame_1764640562_04140.jpg,0
data/frames/frame_1764640562_04141.jpg,0
data/frames/frame_1764640562_04142.jpg,0
data/frames/frame_1764640562_04143.jpg,0
data/frames/frame_1764640563_04144.jpg,0
data/frames/frame_1764640563_04145.jpg,0
data/frames/frame_1764640563_04146.jpg,0
data/frames/frame_1764640563_04147.jpg,0
data/frames/frame_1764640563_04148.jpg,0
data/frames/frame_1764640564_04149.jpg,0
data/frames/frame_1764640564_04150.jpg,0
data/frames/frame_1764640564_04151.jpg,0
data/frames/frame_1764640564_04152.jpg,0
data/frames/frame_1764640564_04153.jpg,0
data/frames/frame_1764640565_04154.jpg,0
data/frames/frame_1764640565_04155.jpg,0
data/frames/frame_1764640565_04156.jpg,0
data/frames/frame_1764640565_04157.jpg,0
data/frames/frame_1764640565_04158.jpg,0
data/frames/frame_1764640566_04159.jpg,0
data/frames/frame_1764640566_04160.jpg,0
data/frames/frame_1764640566_04161.jpg,0
data/frames/frame_1764640566_04162.jpg,0
data/frames/frame_1764640566_04163.jpg,0
data/frames/frame_1764640567_04164.jpg,0
data/frames/frame_1764640567_04165.jpg,0
data/frames/frame_1764640567_04166.jpg,0
data/frames/frame_1764640567_04167.jpg,0
data/frames/frame_1764640567_04168.jpg,0
data/frames/frame_1764640568_04169.jpg,0
data/frames/frame_1764640568_04170.jpg,0
data/frames/frame_1764640568_04171.jpg,0
data/frames/frame_1764640568_04172.jpg,0
data/frames/frame_1764640568_04173.jpg,0
data/frames/frame_1764640569_04174.jpg,0
data/frames/frame_1764640569_04175.jpg,0
data/frames/frame_1764640569_04176.jpg,0
data/frames/frame_1764640569_04177.jpg,0
data/frames/frame_1764640569_04178.jpg,0
data/frames/frame_1764640570_04179.jpg,0
data/frames/frame_1764640570_04180.jpg,0
data/frames/frame_1764640570_04181.jpg,0
data/frames/frame_1764640570_04182.jpg,0
data/frames/frame_1764640570_04183.jpg,0
data/frames/frame_1764640570_04184.jpg,0
data/frames/frame_1764640571_04185.jpg,0
data/frames/frame_1764640571_04186.jpg,0
data/frames/frame_1764640571_04187.jpg,0
data/frames/frame_1764640571_04188.jpg,0
data/frames/frame_1764640571_04189.jpg,0
data/frames/frame_1764640572_04190.jpg,0
data/frames/frame_1764640572_04191.jpg,0
data/frames/frame_1764640572_04192.jpg,1
data/frames/frame_1764640572_04193.jpg,1
data/frames/frame_1764640572_04194.jpg,1
data/frames/frame_1764640573_04195.jpg,1
data/frames/frame_1764640573_04196.jpg,1
data/frames/frame_1764640573_04197.jpg,1
data/frames/frame_1764640573_04198.jpg,1
data/frames/frame_1764640573_04199.jpg,1
data/frames/frame_1764640574_04200.jpg,1
data/frames/frame_1764640574_04201.jpg,1
data/frames/frame_1764640574_04202.jpg,1
data/frames/frame_1764640574_04203.jpg,1
data/frames/frame_1764640574_04204.jpg,1
data/frames/frame_1764640575_04205.jpg,1
data/frames/frame_1764640575_04206.jpg,1
data/frames/frame_1764640575_04207.jpg,1
data/frames/frame_1764640575_04208.jpg,1
data/frames/frame_1764640575_04209.jpg,1
data/frames/frame_1764640576_04210.jpg,1
data/frames/frame_1764640576_04211.jpg,1
data/frames/frame_1764640576_04212.jpg,1
data/frames/frame_1764640576_04213.jpg,1
data/frames/frame_1764640576_04214.jpg,0
data/frames/frame_1764640577_04215.jpg,0
data/frames/frame_1764640577_04216.jpg,0
data/frames/frame_1764640577_04217.jpg,0
data/frames/frame_1764640577_04218.jpg,0
data/frames/frame_1764640577_04219.jpg,0
data/frames/frame_1764640578_04220.jpg,0
data/frames/frame_1764640578_04221.jpg,0
data/frames/frame_1764640578_04222.jpg,0
data/frames/frame_1764640578_04223.jpg,0
data/frames/frame_1764640578_04224.jpg,0
data/frames/frame_1764640579_04225.jpg,0
data/frames/frame_1764640579_04226.jpg,0
data/frames/frame_1764640579_04227.jpg,0
data/frames/frame_1764640579_04228.jpg,0
data/frames/frame_1764640579_04229.jpg,0
data/frames/frame_1764640580_04230.jpg,0
data/frames/frame_1764640580_04231.jpg,0
data/frames/frame_1764640580_04232.jpg,0
data/frames/frame_1764640580_04233.jpg,0
data/frames/frame_1764640580_04234.jpg,0
data/frames/frame_1764640581_04235.jpg,0
data/frames/frame_1764640581_04236.jpg,0
data/frames/frame_1764640581_04237.jpg,0
data/frames/frame_1764640581_04238.jpg,0
data/frames/frame_1764640581_04239.jpg,0
data/frames/frame_1764640582_04240.jpg,0
data/frames/frame_1764640582_04241.jpg,0
data/frames/frame_1764640582_04242.jpg,0
data/frames/frame_1764640582_04243.jpg,0
data/frames/frame_1764640582_04244.jpg,0
data/frames/frame_1764640583_04245.jpg,0
data/frames/frame_1764640583_04246.jpg,0
data/frames/frame_1764640583_04247.jpg,0
data/frames/frame_1764640583_04248.jpg,0
data/frames/frame_1764640583_04249.jpg,0
data/frames/frame_1764640584_04250.jpg,0
data/frames/frame_1764640584_04251.jpg,0
data/frames/frame_1764640584_04252.jpg,0
data/frames/frame_1764640584_04253.jpg,0
data/frames/frame_1764640584_04254.jpg,0
data/frames/frame_1764640584_04255.jpg,0
data/frames/frame_1764640585_04256.jpg,0
data/frames/frame_1764640585_04257.jpg,0
data/frames/frame_1764640585_04258.jpg,0
data/frames/frame_1764640585_04259.jpg,0
data/frames/frame_1764640585_04260.jpg,0
data/frames/frame_1764640586_04261.jpg,0
data/frames/frame_1764640586_04262.jpg,0
data/frames/frame_1764640586_04263.jpg,0
data/frames/frame_1764640586_04264.jpg,0
data/frames/frame_1764640586_04265.jpg,0
data/frames/frame_1764640587_04266.jpg,0
data/frames/frame_1764640587_04267.jpg,0
data/frames/frame_1764640587_04268.jpg,0
data/frames/frame_1764640587_04269.jpg,0
data/frames/frame_1764640587_04270.jpg,0
data/frames/frame_1764640588_04271.jpg,0
data/frames/frame_1764640588_04272.jpg,0
data/frames/frame_1764640588_04273.jpg,0
data/frames/frame_1764640588_04274.jpg,0
data/frames/frame_1764640588_04275.jpg,0
data/frames/frame_1764640589_04276.jpg,0
data/frames/frame_1764640589_04277.jpg,0
data/frames/frame_1764640589_04278.jpg,0
data/frames/frame_1764640589_04279.jpg,0
data/frames/frame_1764640589_04280.jpg,0
data/frames/frame_1764640590_04281.jpg,0
data/frames/frame_1764640590_04282.jpg,0
data/frames/frame_1764640590_04283.jpg,0
data/frames/frame_1764640590_04284.jpg,0
data/frames/frame_1764640590_04285.jpg,0
data/frames/frame_1764640591_04286.jpg,0
data/frames/frame_1764640591_04287.jpg,0
data/frames/frame_1764640591_04288.jpg,0
data/frames/frame_1764640591_04289.jpg,0
data/frames/frame_1764640591_04290.jpg,0
data/frames/frame_1764640592_04291.jpg,0
data/frames/frame_1764640592_04292.jpg,0
data/frames/frame_1764640592_04293.jpg,0
data/frames/frame_1764640592_04294.jpg,0
data/frames/frame_1764640592_04295.jpg,0
data/frames/frame_1764640593_04296.jpg,0
data/frames/frame_1764640593_04297.jpg,0
data/frames/frame_1764640593_04298.jpg,0
data/frames/frame_1764640593_04299.jpg,0
data/frames/frame_1764640593_04300.jpg,0
data/frames/frame_1764640594_04301.jpg,0
data/frames/frame_1764640594_04302.jpg,0
data/frames/frame_1764640594_04303.jpg,0
data/frames/frame_1764640594_04304.jpg,0
data/frames/frame_1764640594_04305.jpg,0
data/frames/frame_1764640595_04306.jpg,0
data/frames/frame_1764640595_04307.jpg,0
data/frames/frame_1764640595_04308.jpg,0
data/frames/frame_1764640595_04309.jpg,0
data/frames/frame_1764640595_04310.jpg,0
data/frames/frame_1764640595_04311.jpg,0
data/frames/frame_1764640596_04312.jpg,0
data/frames/frame_1764640596_04313.jpg,0
data/frames/frame_1764640596_04314.jpg,0
data/frames/frame_1764640596_04315.jpg,0
data/frames/frame_1764640596_04316.jpg,0
data/frames/frame_1764640597_04317.jpg,0
data/frames/frame_1764640597_04318.jpg,0
data/frames/frame_1764640597_04319.jpg,0
data/frames/frame_1764640597_04320.jpg,0
data/frames/frame_1764640597_04321.jpg,0
data/frames/frame_1764640598_04322.jpg,0
data/frames/frame_1764640598_04323.jpg,0
data/frames/frame_1764640598_04324.jpg,0
data/frames/frame_1764640598_04325.jpg,0
data/frames/frame_1764640598_04326.jpg,0
data/frames/frame_1764640599_04327.jpg,0
data/frames/frame_1764640599_04328.jpg,0
data/frames/frame_1764640599_04329.jpg,0
data/frames/frame_1764640599_04330.jpg,0
data/frames/frame_1764640599_04331.jpg,0
data/frames/frame_1764640600_04332.jpg,0
data/frames/frame_1764640600_04333.jpg,0
data/frames/frame_1764640600_04334.jpg,0
data/frames/frame_1764640600_04335.jpg,0
data/frames/frame_1764640600_04336.jpg,0
data/frames/frame_1764640601_04337.jpg,0
data/frames/frame_1764640601_04338.jpg,0
data/frames/frame_1764640601_04339.jpg,1
data/frames/frame_1764640601_04340.jpg,1
data/frames/frame_1764640601_04341.jpg,1
data/frames/frame_1764640602_04342.jpg,1
data/frames/frame_1764640602_04343.jpg,1
data/frames/frame_1764640602_04344.jpg,1
data/frames/frame_1764640602_04345.jpg,1
data/frames/frame_1764640602_04346.jpg,1
data/frames/frame_1764640603_04347.jpg,1
data/frames/frame_1764640603_04348.jpg,1
data/frames/frame_1764640603_04349.jpg,1
data/frames/frame_1764640603_04350.jpg,1
data/frames/frame_1764640603_04351.jpg,1
data/frames/frame_1764640604_04352.jpg,1
data/frames/frame_1764640604_04353.jpg,0
data/frames/frame_1764640604_04354.jpg,0
data/frames/frame_1764640604_04355.jpg,0
data/frames/frame_1764640604_04356.jpg,0
data/frames/frame_1764640605_04357.jpg,0
data/frames/frame_1764640605_04358.jpg,0
data/frames/frame_1764640605_04359.jpg,0
data/frames/frame_1764640605_04360.jpg,0
data/frames/frame_1764640605_04361.jpg,0
data/frames/frame_1764640606_04362.jpg,0
data/frames/frame_1764640606_04363.jpg,0
data/frames/frame_1764640606_04364.jpg,0
data/frames/frame_1764640606_04365.jpg,0
data/frames/frame_1764640606_04366.jpg,0
data/frames/frame_1764640607_04367.jpg,0
data/frames/frame_1764640607_04368.jpg,0
data/frames/frame_1764640607_04369.jpg,0
data/frames/frame_1764640607_04370.jpg,0
data/frames/frame_1764640607_04371.jpg,0
data/frames/frame_1764640608_04372.jpg,0
data/frames/frame_1764640608_04373.jpg,0
data/frames/frame_1764640608_04374.jpg,0
data/frames/frame_1764640608_04375.jpg,0
data/frames/frame_1764640608_04376.jpg,0
data/frames/frame_1764640609_04377.jpg,0
data/frames/frame_1764640609_04378.jpg,0
data/frames/frame_1764640609_04379.jpg,0
data/frames/frame_1764640609_04380.jpg,0
data/frames/frame_1764640609_04381.jpg,0
data/frames/frame_1764640610_04382.jpg,0
data/frames/frame_1764640610_04383.jpg,0
data/frames/frame_1764640610_04384.jpg,0
data/frames/frame_1764640610_04385.jpg,0
data/frames/frame_1764640610_04386.jpg,0
data/frames/frame_1764640610_04387.jpg,0
data/frames/frame_1764640611_04388.jpg,0
data/frames/frame_1764640611_04389.jpg,0
data/frames/frame_1764640611_04390.jpg,0
data/frames/frame_1764640611_04391.jpg,0
data/frames/frame_1764640611_04392.jpg,0
data/frames/frame_1764640612_04393.jpg,0
data/frames/frame_1764640612_04394.jpg,0
data/frames/frame_1764640612_04395.jpg,0
data/frames/frame_1764640612_04396.jpg,0
data/frames/frame_1764640612_04397.jpg,0
data/frames/frame_1764640613_04398.jpg,0
data/frames/frame_1764640613_04399.jpg,0
data/frames/frame_1764640613_04400.jpg,0
data/frames/frame_1764640613_04401.jpg,0
data/frames/frame_1764640613_04402.jpg,0
data/frames/frame_1764640614_04403.jpg,0
data/frames/frame_1764640614_04404.jpg,0
data/frames/frame_1764640614_04405.jpg,0
data/frames/frame_1764640614_04406.jpg,0
data/frames/frame_1764640614_04407.jpg,0
data/frames/frame_1764640615_04408.jpg,0
data/frames/frame_1764640615_04409.jpg,0
data/frames/frame_1764640615_04410.jpg,0
data/frames/frame_1764640615_04411.jpg,0
data/frames/frame_1764640615_04412.jpg,0
data/frames/frame_1764640616_04413.jpg,0
data/frames/frame_1764640616_04414.jpg,0
data/frames/frame_1764640616_04415.jpg,0
data/frames/frame_1764640616_04416.jpg,0
data/frames/frame_1764640616_04417.jpg,0
data/frames/frame_1764640617_04418.jpg,0
data/frames/frame_1764640617_04419.jpg,0
data/frames/frame_1764640617_04420.jpg,0
data/frames/frame_1764640617_04421.jpg,0
data/frames/frame_1764640617_04422.jpg,0
data/frames/frame_1764640618_04423.jpg,0
data/frames/frame_1764640618_04424.jpg,0
data/frames/frame_1764640618_04425.jpg,0
data/frames/frame_1764640618_04426.jpg,0
data/frames/frame_1764640618_04427.jpg,0
data/frames/frame_1764640619_04428.jpg,0
data/frames/frame_1764640619_04429.jpg,0
data/frames/frame_1764640619_04430.jpg,0
data/frames/frame_1764640619_04431.jpg,0
data/frames/frame_1764640619_04432.jpg,0
data/frames/frame_1764640620_04433.jpg,0
data/frames/frame_1764640620_04434.jpg,0
data/frames/frame_1764640620_04435.jpg,0
data/frames/frame_1764640620_04436.jpg,0
data/frames/frame_1764640620_04437.jpg,0
data/frames/frame_1764640621_04438.jpg,0
data/frames/frame_1764640621_04439.jpg,0
data/frames/frame_1764640621_04440.jpg,0
data/frames/frame_1764640621_04441.jpg,0
data/frames/frame_1764640621_04442.jpg,0
data/frames/frame_1764640622_04443.jpg,0
data/frames/frame_1764640622_04444.jpg,0
data/frames/frame_1764640622_04445.jpg,0
data/frames/frame_1764640622_04446.jpg,0
data/frames/frame_1764640622_04447.jpg,0
data/frames/frame_1764640623_04448.jpg,0
data/frames/frame_1764640623_04449.jpg,0
data/frames/frame_1764640623_04450.jpg,0
data/frames/frame_1764640623_04451.jpg,0
data/frames/frame_1764640623_04452.jpg,0
data/frames/frame_1764640623_04453.jpg,0
data/frames/frame_1764640624_04454.jpg,0
data/frames/frame_1764640624_04455.jpg,0
data/frames/frame_1764640624_04456.jpg,0
data/frames/frame_1764640624_04457.jpg,0
data/frames/frame_1764640624_04458.jpg,0
data/frames/frame_1764640625_04459.jpg,0
data/frames/frame_1764640625_04460.jpg,0
data/frames/frame_1764640625_04461.jpg,0
data/frames/frame_1764640625_04462.jpg,0
data/frames/frame_1764640625_04463.jpg,0
data/frames/frame_1764640626_04464.jpg,0
data/frames/frame_1764640626_04465.jpg,0
data/frames/frame_1764640626_04466.jpg,0
data/frames/frame_1764640626_04467.jpg,0
data/frames/frame_1764640626_04468.jpg,0
data/frames/frame_1764640627_04469.jpg,0
data/frames/frame_1764640627_04470.jpg,0
data/frames/frame_1764640627_04471.jpg,0
data/frames/frame_1764640627_04472.jpg,0
data/frames/frame_1764640627_04473.jpg,0
data/frames/frame_1764640628_04474.jpg,0
data/frames/frame_1764640628_04475.jpg,0
data/frames/frame_1764640628_04476.jpg,0
data/frames/frame_1764640628_04477.jpg,0
data/frames/frame_1764640628_04478.jpg,0
data/frames/frame_1764640629_04479.jpg,0
data/frames/frame_1764640629_04480.jpg,0
data/frames/frame_1764640629_04481.jpg,0
data/frames/frame_1764640629_04482.jpg,0
data/frames/frame_1764640629_04483.jpg,0
data/frames/frame_1764640630_04484.jpg,0
data/frames/frame_1764640630_04485.jpg,0
data/frames/frame_1764640630_04486.jpg,0
data/frames/frame_1764640630_04487.jpg,0
data/frames/frame_1764640630_04488.jpg,0
data/frames/frame_1764640631_04489.jpg,0
data/frames/frame_1764640631_04490.jpg,0
data/frames/frame_1764640631_04491.jpg,0
data/frames/frame_1764640631_04492.jpg,0
data/frames/frame_1764640631_04493.jpg,0
data/frames/frame_1764640632_04494.jpg,0
data/frames/frame_1764640632_04495.jpg,0
data/frames/frame_1764640632_04496.jpg,0
data/frames/frame_1764640632_04497.jpg,0
data/frames/frame_1764640632_04498.jpg,0
data/frames/frame_1764640633_04499.jpg,0
data/frames/frame_1764640633_04500.jpg,0
data/frames/frame_1764640633_04501.jpg,0
data/frames/frame_1764640633_04502.jpg,0
data/frames/frame_1764640633_04503.jpg,0
data/frames/frame_1764640634_04504.jpg,0
data/frames/frame_1764640634_04505.jpg,0
data/frames/frame_1764640634_04506.jpg,0
data/frames/frame_1764640634_04507.jpg,0
data/frames/frame_1764640634_04508.jpg,0
data/frames/frame_1764640635_04509.jpg,0
data/frames/frame_1764640635_04510.jpg,0
data/frames/frame_1764640635_04511.jpg,0
data/frames/frame_1764640635_04512.jpg,0
data/frames/frame_1764640635_04513.jpg,0
data/frames/frame_1764640636_04514.jpg,0
data/frames/frame_1764640636_04515.jpg,0
data/frames/frame_1764640636_04516.jpg,0
data/frames/frame_1764640636_04517.jpg,0
data/frames/frame_1764640636_04518.jpg,0
data/frames/frame_1764640637_04519.jpg,0
data/frames/frame_1764640637_04520.jpg,0
data/frames/frame_1764640637_04521.jpg,0
data/frames/frame_1764640637_04522.jpg,0
data/frames/frame_1764640637_04523.jpg,0
data/frames/frame_1764640638_04524.jpg,0
data/frames/frame_1764640638_04525.jpg,0
data/frames/frame_1764640638_04526.jpg,0
data/frames/frame_1764640638_04527.jpg,0
data/frames/frame_1764640638_04528.jpg,0
data/frames/frame_1764640639_04529.jpg,0
data/frames/frame_1764640639_04530.jpg,0
data/frames/frame_1764640639_04531.jpg,0
data/frames/frame_1764640639_04532.jpg,0
data/frames/frame_1764640639_04533.jpg,0
data/frames/frame_1764640640_04534.jpg,0
data/frames/frame_1764640640_04535.jpg,0
data/frames/frame_1764640640_04536.jpg,0
data/frames/frame_1764640640_04537.jpg,0
data/frames/frame_1764640640_04538.jpg,0
data/frames/frame_1764640641_04539.jpg,0
data/frames/frame_1764640641_04540.jpg,0
data/frames/frame_1764640641_04541.jpg,0
data/frames/frame_1764640641_04542.jpg,0
data/frames/frame_1764640641_04543.jpg,0
data/frames/frame_1764640642_04544.jpg,0
data/frames/frame_1764640642_04545.jpg,0
data/frames/frame_1764640642_04546.jpg,0
data/frames/frame_1764640642_04547.jpg,0
data/frames/frame_1764640642_04548.jpg,0
data/frames/frame_1764640643_04549.jpg,0
data/frames/frame_1764640643_04550.jpg,0
data/frames/frame_1764640643_04551.jpg,0
data/frames/frame_1764640643_04552.jpg,0
data/frames/frame_1764640643_04553.jpg,0
data/frames/frame_1764640644_04554.jpg,0
data/frames/frame_1764640644_04555.jpg,0
data/frames/frame_1764640644_04556.jpg,0
data/frames/frame_1764640644_04557.jpg,0
data/frames/frame_1764640644_04558.jpg,0
data/frames/frame_1764640645_04559.jpg,0
data/frames/frame_1764640645_04560.jpg,0
data/frames/frame_1764640645_04561.jpg,0
data/frames/frame_1764640645_04562.jpg,0
data/frames/frame_1764640645_04563.jpg,0
data/frames/frame_1764640646_04564.jpg,0
data/frames/frame_1764640646_04565.jpg,0
data/frames/frame_1764640646_04566.jpg,0
data/frames/frame_1764640646_04567.jpg,0
data/frames/frame_1764640646_04568.jpg,0
data/frames/frame_1764640647_04569.jpg,0
data/frames/frame_1764640647_04570.jpg,0
data/frames/frame_1764640647_04571.jpg,0
data/frames/frame_1764640647_04572.jpg,0
data/frames/frame_1764640647_04573.jpg,0
data/frames/frame_1764640648_04574.jpg,0
data/frames/frame_1764640648_04575.jpg,0
data/frames/frame_1764640648_04576.jpg,0
data/frames/frame_1764640648_04577.jpg,0
data/frames/frame_1764640648_04578.jpg,0
data/frames/frame_1764640649_04579.jpg,0
data/frames/frame_1764640649_04580.jpg,0
data/frames/frame_1764640649_04581.jpg,0
data/frames/frame_1764640649_04582.jpg,0
data/frames/frame_1764640649_04583.jpg,0
data/frames/frame_1764640650_04584.jpg,0
data/frames/frame_1764640650_04585.jpg,0
data/frames/frame_1764640650_04586.jpg,0
data/frames/frame_1764640650_04587.jpg,0
data/frames/frame_1764640650_04588.jpg,0
data/frames/frame_1764640651_04589.jpg,0
data/frames/frame_1764640651_04590.jpg,0
data/frames/frame_1764640651_04591.jpg,0
data/frames/frame_1764640651_04592.jpg,0
data/frames/frame_1764640651_04593.jpg,0
data/frames/frame_1764640652_04594.jpg,0
data/frames/frame_1764640652_04595.jpg,0
data/frames/frame_1764640652_04596.jpg,0
data/frames/frame_1764640652_04597.jpg,0
data/frames/frame_1764640652_04598.jpg,0
data/frames/frame_1764640653_04599.jpg,0
data/frames/frame_1764640653_04600.jpg,0
data/frames/frame_1764640653_04601.jpg,0
data/frames/frame_1764640653_04602.jpg,0
data/frames/frame_1764640653_04603.jpg,0
data/frames/frame_1764640653_04604.jpg,0
data/frames/frame_1764640654_04605.jpg,0
data/frames/frame_1764640654_04606.jpg,0
data/frames/frame_1764640654_04607.jpg,0
data/frames/frame_1764640654_04608.jpg,0
data/frames/frame_1764640654_04609.jpg,0
data/frames/frame_1764640655_04610.jpg,0
data/frames/frame_1764640655_04611.jpg,0
data/frames/frame_1764640655_04612.jpg,0
data/frames/frame_1764640655_04613.jpg,0
data/frames/frame_1764640655_04614.jpg,0
data/frames/frame_1764640656_04615.jpg,0
data/frames/frame_1764640656_04616.jpg,0
data/frames/frame_1764640656_04617.jpg,0
data/frames/frame_1764640656_04618.jpg,0
data/frames/frame_1764640656_04619.jpg,0
data/frames/frame_1764640657_04620.jpg,0
data/frames/frame_1764640657_04621.jpg,0
data/frames/frame_1764640657_04622.jpg,0
data/frames/frame_1764640657_04623.jpg,0
data/frames/frame_1764640657_04624.jpg,0
data/frames/frame_1764640658_04625.jpg,0
data/frames/frame_1764640658_04626.jpg,0
data/frames/frame_1764640658_04627.jpg,0
data/frames/frame_1764640658_04628.jpg,0
data/frames/frame_1764640658_04629.jpg,0
data/frames/frame_1764640659_04630.jpg,0
data/frames/frame_1764640659_04631.jpg,0
data/frames/frame_1764640659_04632.jpg,0
data/frames/frame_1764640659_04633.jpg,0
data/frames/frame_1764640659_04634.jpg,0
data/frames/frame_1764640660_04635.jpg,0
data/frames/frame_1764640660_04636.jpg,0
data/frames/frame_1764640660_04637.jpg,0
data/frames/frame_1764640660_04638.jpg,0
data/frames/frame_1764640660_04639.jpg,0
data/frames/frame_1764640661_04640.jpg,0
data/frames/frame_1764640661_04641.jpg,0
data/frames/frame_1764640661_04642.jpg,0
data/frames/frame_1764640661_04643.jpg,0
data/frames/frame_1764640661_04644.jpg,0
data/frames/frame_1764640662_04645.jpg,0
data/frames/frame_1764640662_04646.jpg,0
data/frames/frame_1764640662_04647.jpg,0
data/frames/frame_1764640662_04648.jpg,0
data/frames/frame_1764640662_04649.jpg,0
data/frames/frame_1764640663_04650.jpg,0
data/frames/frame_1764640663_04651.jpg,0
data/frames/frame_1764640663_04652.jpg,0
data/frames/frame_1764640663_04653.jpg,0
data/frames/frame_1764640663_04654.jpg,0
data/frames/frame_1764640664_04655.jpg,0
data/frames/frame_1764640664_04656.jpg,0
data/frames/frame_1764640664_04657.jpg,0
data/frames/frame_1764640664_04658.jpg,0
data/frames/frame_1764640664_04659.jpg,0
data/frames/frame_1764640665_04660.jpg,0
data/frames/frame_1764640665_04661.jpg,0
data/frames/frame_1764640665_04662.jpg,0
data/frames/frame_1764640665_04663.jpg,0
data/frames/frame_1764640665_04664.jpg,0
data/frames/frame_1764640666_04665.jpg,0
data/frames/frame_1764640666_04666.jpg,0
data/frames/frame_1764640666_04667.jpg,0
data/frames/frame_1764640666_04668.jpg,0
data/frames/frame_1764640666_04669.jpg,0
data/frames/frame_1764640667_04670.jpg,0
data/frames/frame_1764640667_04671.jpg,0
data/frames/frame_1764640667_04672.jpg,0
data/frames/frame_1764640667_04673.jpg,0
data/frames/frame_1764640667_04674.jpg,0
data/frames/frame_1764640667_04675.jpg,0
data/frames/frame_1764640668_04676.jpg,0
data/frames/frame_1764640668_04677.jpg,0
data/frames/frame_1764640668_04678.jpg,0
data/frames/frame_1764640668_04679.jpg,0
data/frames/frame_1764640668_04680.jpg,0
data/frames/frame_1764640669_04681.jpg,0
data/frames/frame_1764640669_04682.jpg,0
data/frames/frame_1764640669_04683.jpg,0
data/frames/frame_1764640669_04684.jpg,0
data/frames/frame_1764640669_04685.jpg,0
data/frames/frame_1764640670_04686.jpg,0
data/frames/frame_1764640670_04687.jpg,0
data/frames/frame_1764640670_04688.jpg,0
data/frames/frame_1764640670_04689.jpg,0
data/frames/frame_1764640670_04690.jpg,0
data/frames/frame_1764640671_04691.jpg,0
data/frames/frame_1764640671_04692.jpg,0
data/frames/frame_1764640671_04693.jpg,0
data/frames/frame_1764640671_04694.jpg,0
data/frames/frame_1764640671_04695.jpg,0
data/frames/frame_1764640672_04696.jpg,0
data/frames/frame_1764640672_04697.jpg,0
data/frames/frame_1764640672_04698.jpg,0
data/frames/frame_1764640672_04699.jpg,0
data/frames/frame_1764640672_04700.jpg,0
data/frames/frame_1764640673_04701.jpg,0
data/frames/frame_1764640673_04702.jpg,0
data/frames/frame_1764640673_04703.jpg,0
data/frames/frame_1764640673_04704.jpg,0
data/frames/frame_1764640673_04705.jpg,0
data/frames/frame_1764640673_04706.jpg,0
data/frames/frame_1764640674_04707.jpg,0
data/frames/frame_1764640674_04708.jpg,0
data/frames/frame_1764640674_04709.jpg,0
data/frames/frame_1764640674_04710.jpg,0
data/frames/frame_1764640674_04711.jpg,0
data/frames/frame_1764640675_04712.jpg,0
data/frames/frame_1764640675_04713.jpg,0
data/frames/frame_1764640675_04714.jpg,0
data/frames/frame_1764640675_04715.jpg,0
data/frames/frame_1764640675_04716.jpg,0
data/frames/frame_1764640676_04717.jpg,0
data/frames/frame_1764640676_04718.jpg,0
data/frames/frame_1764640676_04719.jpg,0
data/frames/frame_1764640676_04720.jpg,0
data/frames/frame_1764640676_04721.jpg,0
data/frames/frame_1764640677_04722.jpg,0
data/frames/frame_1764640677_04723.jpg,0
data/frames/frame_1764640677_04724.jpg,0
data/frames/frame_1764640677_04725.jpg,0
data/frames/frame_1764640677_04726.jpg,0
data/frames/frame_1764640678_04727.jpg,0
data/frames/frame_1764640678_04728.jpg,0
data/frames/frame_1764640678_04729.jpg,0
data/frames/frame_1764640678_04730.jpg,0
data/frames/frame_1764640678_04731.jpg,0
data/frames/frame_1764640679_04732.jpg,0
data/frames/frame_1764640679_04733.jpg,0
data/frames/frame_1764640679_04734.jpg,0
data/frames/frame_1764640679_04735.jpg,0
data/frames/frame_1764640679_04736.jpg,0
data/frames/frame_1764640680_04737.jpg,0
data/frames/frame_1764640680_04738.jpg,0
data/frames/frame_1764640680_04739.jpg,0
data/frames/frame_1764640680_04740.jpg,0
data/frames/frame_1764640680_04741.jpg,0
data/frames/frame_1764640681_04742.jpg,0
data/frames/frame_1764640681_04743.jpg,0
data/frames/frame_1764640681_04744.jpg,0
data/frames/frame_1764640681_04745.jpg,0
data/frames/frame_1764640681_04746.jpg,0
data/frames/frame_1764640682_04747.jpg,0
data/frames/frame_1764640682_04748.jpg,0
data/frames/frame_1764640682_04749.jpg,0
data/frames/frame_1764640682_04750.jpg,0
data/frames/frame_1764640682_04751.jpg,0
data/frames/frame_1764640683_04752.jpg,0
data/frames/frame_1764640683_04753.jpg,0
data/frames/frame_1764640683_04754.jpg,0
data/frames/frame_1764640683_04755.jpg,0
data/frames/frame_1764640683_04756.jpg,0
data/frames/frame_1764640684_04757.jpg,0
data/frames/frame_1764640684_04758.jpg,0
data/frames/frame_1764640684_04759.jpg,0
data/frames/frame_1764640684_04760.jpg,0
data/frames/frame_1764640684_04761.jpg,0
data/frames/frame_1764640685_04762.jpg,0
data/frames/frame_1764640685_04763.jpg,0
data/frames/frame_1764640685_04764.jpg,0
data/frames/frame_1764640685_04765.jpg,0
data/frames/frame_1764640685_04766.jpg,0
data/frames/frame_1764640686_04767.jpg,0
data/frames/frame_1764640686_04768.jpg,0
data/frames/frame_1764640686_04769.jpg,0
data/frames/frame_1764640686_04770.jpg,0
data/frames/frame_1764640686_04771.jpg,0
data/frames/frame_1764640687_04772.jpg,0
data/frames/frame_1764640687_04773.jpg,0
data/frames/frame_1764640687_04774.jpg,0
data/frames/frame_1764640687_04775.jpg,0
data/frames/frame_1764640687_04776.jpg,0
data/frames/frame_1764640688_04777.jpg,0
data/frames/frame_1764640688_04778.jpg,0
data/frames/frame_1764640688_04779.jpg,0
data/frames/frame_1764640688_04780.jpg,0
data/frames/frame_1764640688_04781.jpg,0
data/frames/frame_1764640689_04782.jpg,0
data/frames/frame_1764640689_04783.jpg,0
data/frames/frame_1764640689_04784.jpg,0
data/frames/frame_1764640689_04785.jpg,0
data/frames/frame_1764640689_04786.jpg,0
data/frames/frame_1764640689_04787.jpg,0
data/frames/frame_1764640690_04788.jpg,0
data/frames/frame_1764640690_04789.jpg,0
data/frames/frame_1764640690_04790.jpg,0
data/frames/frame_1764640690_04791.jpg,0
data/frames/frame_1764640690_04792.jpg,0
data/frames/frame_1764640691_04793.jpg,0
data/frames/frame_1764640691_04794.jpg,0
data/frames/frame_1764640691_04795.jpg,0
data/frames/frame_1764640691_04796.jpg,0
data/frames/frame_1764640691_04797.jpg,0
data/frames/frame_1764640692_04798.jpg,0
data/frames/frame_1764640692_04799.jpg,0
data/frames/frame_1764640692_04800.jpg,0
data/frames/frame_1764640692_04801.jpg,0
data/frames/frame_1764640692_04802.jpg,0
data/frames/frame_1764640693_04803.jpg,0
data/frames/frame_1764640693_04804.jpg,0
data/frames/frame_1764640693_04805.jpg,0
data/frames/frame_1764640693_04806.jpg,0
data/frames/frame_1764640693_04807.jpg,0
data/frames/frame_1764640694_04808.jpg,0
data/frames/frame_1764640694_04809.jpg,0
data/frames/frame_1764640694_04810.jpg,0
data/frames/frame_1764640694_04811.jpg,0
data/frames/frame_1764640694_04812.jpg,0
data/frames/frame_1764640695_04813.jpg,0
data/frames/frame_1764640695_04814.jpg,0
data/frames/frame_1764640695_04815.jpg,0
data/frames/frame_1764640695_04816.jpg,0
data/frames/frame_1764640695_04817.jpg,0
data/frames/frame_1764640696_04818.jpg,0
data/frames/frame_1764640696_04819.jpg,0
data/frames/frame_1764640696_04820.jpg,1
data/frames/frame_1764640696_04821.jpg,1
data/frames/frame_1764640696_04822.jpg,1
data/frames/frame_1764640697_04823.jpg,1
data/frames/frame_1764640697_04824.jpg,1
data/frames/frame_1764640697_04825.jpg,1
data/frames/frame_1764640697_04826.jpg,1
data/frames/frame_1764640697_04827.jpg,1
data/frames/frame_1764640698_04828.jpg,1
data/frames/frame_1764640698_04829.jpg,1
data/frames/frame_1764640698_04830.jpg,1
data/frames/frame_1764640698_04831.jpg,1
data/frames/frame_1764640698_04832.jpg,1
data/frames/frame_1764640699_04833.jpg,1
data/frames/frame_1764640699_04834.jpg,1
data/frames/frame_1764640699_04835.jpg,1
data/frames/frame_1764640699_04836.jpg,1
data/frames/frame_1764640699_04837.jpg,1
data/frames/frame_1764640700_04838.jpg,1
data/frames/frame_1764640700_04839.jpg,1
data/frames/frame_1764640700_04840.jpg,1
data/frames/frame_1764640700_04841.jpg,1
data/frames/frame_1764640700_04842.jpg,0
data/frames/frame_1764640701_04843.jpg,0
data/frames/frame_1764640701_04844.jpg,0
data/frames/frame_1764640701_04845.jpg,0
data/frames/frame_1764640701_04846.jpg,0
data/frames/frame_1764640701_04847.jpg,0
data/frames/frame_1764640702_04848.jpg,0
data/frames/frame_1764640702_04849.jpg,0
data/frames/frame_1764640702_04850.jpg,0
data/frames/frame_1764640702_04851.jpg,0
data/frames/frame_1764640702_04852.jpg,0
data/frames/frame_1764640702_04853.jpg,0
data/frames/frame_1764640703_04854.jpg,0
data/frames/frame_1764640703_04855.jpg,0
data/frames/frame_1764640703_04856.jpg,0
data/frames/frame_1764640703_04857.jpg,0
data/frames/frame_1764640703_04858.jpg,0
data/frames/frame_1764640704_04859.jpg,0
data/frames/frame_1764640704_04860.jpg,0
data/frames/frame_1764640704_04861.jpg,0
data/frames/frame_1764640704_04862.jpg,0
data/frames/frame_1764640704_04863.jpg,0
data/frames/frame_1764640705_04864.jpg,0
data/frames/frame_1764640705_04865.jpg,0
data/frames/frame_1764640705_04866.jpg,0
data/frames/frame_1764640705_04867.jpg,0
data/frames/frame_1764640705_04868.jpg,0
data/frames/frame_1764640706_04869.jpg,0
data/frames/frame_1764640706_04870.jpg,0
data/frames/frame_1764640706_04871.jpg,0
data/frames/frame_1764640706_04872.jpg,0
data/frames/frame_1764640706_04873.jpg,0
data/frames/frame_1764640707_04874.jpg,0
data/frames/frame_1764640707_04875.jpg,0
data/frames/frame_1764640707_04876.jpg,0
data/frames/frame_1764640707_04877.jpg,0
data/frames/frame_1764640707_04878.jpg,0
data/frames/frame_1764640708_04879.jpg,0
data/frames/frame_1764640708_04880.jpg,0
data/frames/frame_1764640708_04881.jpg,0
data/frames/frame_1764640708_04882.jpg,0
data/frames/frame_1764640708_04883.jpg,0
data/frames/frame_1764640709_04884.jpg,0
data/frames/frame_1764640709_04885.jpg,0
data/frames/frame_1764640709_04886.jpg,0
data/frames/frame_1764640709_04887.jpg,0
data/frames/frame_1764640709_04888.jpg,0
data/frames/frame_1764640710_04889.jpg,0
data/frames/frame_1764640710_04890.jpg,0
data/frames/frame_1764640710_04891.jpg,0
data/frames/frame_1764640710_04892.jpg,0
data/frames/frame_1764640710_04893.jpg,0
data/frames/frame_1764640711_04894.jpg,0
data/frames/frame_1764640711_04895.jpg,0
data/frames/frame_1764640711_04896.jpg,0
data/frames/frame_1764640711_04897.jpg,0
data/frames/frame_1764640711_04898.jpg,0
data/frames/frame_1764640712_04899.jpg,0
data/frames/frame_1764640712_04900.jpg,0
data/frames/frame_1764640712_04901.jpg,0
data/frames/frame_1764640712_04902.jpg,0
data/frames/frame_1764640712_04903.jpg,0
data/frames/frame_1764640712_04904.jpg,0
data/frames/frame_1764640713_04905.jpg,0
data/frames/frame_1764640713_04906.jpg,0
data/frames/frame_1764640713_04907.jpg,0
data/frames/frame_1764640713_04908.jpg,0
data/frames/frame_1764640713_04909.jpg,0
data/frames/frame_1764640714_04910.jpg,0
data/frames/frame_1764640714_04911.jpg,0
data/frames/frame_1764640714_04912.jpg,0
data/frames/frame_1764640714_04913.jpg,0
data/frames/frame_1764640714_04914.jpg,0
data/frames/frame_1764640715_04915.jpg,0
data/frames/frame_1764640715_04916.jpg,0
data/frames/frame_1764640715_04917.jpg,0
data/frames/frame_1764640715_04918.jpg,0
data/frames/frame_1764640715_04919.jpg,0
data/frames/frame_1764640716_04920.jpg,0
data/frames/frame_1764640716_04921.jpg,0
data/frames/frame_1764640716_04922.jpg,0
data/frames/frame_1764640716_04923.jpg,0
data/frames/frame_1764640716_04924.jpg,0
data/frames/frame_1764640717_04925.jpg,0
data/frames/frame_1764640717_04926.jpg,0
data/frames/frame_1764640717_04927.jpg,0
data/frames/frame_1764640717_04928.jpg,0
data/frames/frame_1764640717_04929.jpg,0
data/frames/frame_1764640718_04930.jpg,0
data/frames/frame_1764640718_04931.jpg,0
data/frames/frame_1764640718_04932.jpg,0
data/frames/frame_1764640718_04933.jpg,0
data/frames/frame_1764640718_04934.jpg,0
data/frames/frame_1764640719_04935.jpg,0
data/frames/frame_1764640719_04936.jpg,0
data/frames/frame_1764640719_04937.jpg,0
data/frames/frame_1764640719_04938.jpg,0
data/frames/frame_1764640719_04939.jpg,0
data/frames/frame_1764640720_04940.jpg,0
data/frames/frame_1764640720_04941.jpg,0
data/frames/frame_1764640720_04942.jpg,0
data/frames/frame_1764640720_04943.jpg,0
data/frames/frame_1764640720_04944.jpg,0
data/frames/frame_1764640721_04945.jpg,0
data/frames/frame_1764640721_04946.jpg,0
data/frames/frame_1764640721_04947.jpg,0
data/frames/frame_1764640721_04948.jpg,0
data/frames/frame_1764640721_04949.jpg,0
data/frames/frame_1764640722_04950.jpg,0
data/frames/frame_1764640722_04951.jpg,0
data/frames/frame_1764640722_04952.jpg,0
data/frames/frame_1764640722_04953.jpg,0
data/frames/frame_1764640722_04954.jpg,0
data/frames/frame_1764640723_04955.jpg,0
data/frames/frame_1764640723_04956.jpg,0
data/frames/frame_1764640723_04957.jpg,0
data/frames/frame_1764640723_04958.jpg,0
data/frames/frame_1764640723_04959.jpg,0
data/frames/frame_1764640724_04960.jpg,0
data/frames/frame_1764640724_04961.jpg,0
data/frames/frame_1764640724_04962.jpg,0
data/frames/frame_1764640724_04963.jpg,0
data/frames/frame_1764640724_04964.jpg,0
data/frames/frame_1764640725_04965.jpg,0
data/frames/frame_1764640725_04966.jpg,0
data/frames/frame_1764640725_04967.jpg,0
data/frames/frame_1764640725_04968.jpg,0
data/frames/frame_1764640725_04969.jpg,0
data/frames/frame_1764640726_04970.jpg,0
data/frames/frame_1764640726_04971.jpg,0
data/frames/frame_1764640726_04972.jpg,0
data/frames/frame_1764640726_04973.jpg,0
data/frames/frame_1764640726_04974.jpg,0
data/frames/frame_1764640726_04975.jpg,0
data/frames/frame_1764640727_04976.jpg,0
data/frames/frame_1764640727_04977.jpg,0
data/frames/frame_1764640727_04978.jpg,0
data/frames/frame_1764640727_04979.jpg,0
data/frames/frame_1764640727_04980.jpg,0
data/frames/frame_1764640728_04981.jpg,0
data/frames/frame_1764640728_04982.jpg,0
data/frames/frame_1764640728_04983.jpg,0
data/frames/frame_1764640728_04984.jpg,0
data/frames/frame_1764640728_04985.jpg,0
data/frames/frame_1764640729_04986.jpg,0
data/frames/frame_1764640729_04987.jpg,0
data/frames/frame_1764640729_04988.jpg,0
data/frames/frame_1764640729_04989.jpg,0
data/frames/frame_1764640729_04990.jpg,0
data/frames/frame_1764640730_04991.jpg,0
data/frames/frame_1764640730_04992.jpg,0
data/frames/frame_1764640730_04993.jpg,0
data/frames/frame_1764640730_04994.jpg,0
data/frames/frame_1764640730_04995.jpg,0
data/frames/frame_1764640731_04996.jpg,0
data/frames/frame_1764640731_04997.jpg,0
data/frames/frame_1764640731_04998.jpg,0
data/frames/frame_1764640731_04999.jpg,0
data/frames/frame_1764640731_05000.jpg,0
data/frames/frame_1764640732_05001.jpg,0
data/frames/frame_1764640732_05002.jpg,0
data/frames/frame_1764640732_05003.jpg,0
data/frames/frame_1764640732_05004.jpg,0
data/frames/frame_1764640732_05005.jpg,0
data/frames/frame_1764640733_05006.jpg,0
data/frames/frame_1764640733_05007.jpg,0
data/frames/frame_1764640733_05008.jpg,0
data/frames/frame_1764640733_05009.jpg,0
data/frames/frame_1764640733_05010.jpg,0
data/frames/frame_1764640734_05011.jpg,0
data/frames/frame_1764640734_05012.jpg,0
data/frames/frame_1764640734_05013.jpg,0
data/frames/frame_1764640734_05014.jpg,0
data/frames/frame_1764640734_05015.jpg,0
data/frames/frame_1764640735_05016.jpg,0
data/frames/frame_1764640735_05017.jpg,0
data/frames/frame_1764640735_05018.jpg,0
data/frames/frame_1764640735_05019.jpg,0
data/frames/frame_1764640735_05020.jpg,0
data/frames/frame_1764640736_05021.jpg,1
data/frames/frame_1764640736_05022.jpg,1
data/frames/frame_1764640736_05023.jpg,1
data/frames/frame_1764640736_05024.jpg,1
data/frames/frame_1764640736_05025.jpg,1
data/frames/frame_1764640736_05026.jpg,1
data/frames/frame_1764640737_05027.jpg,1
data/frames/frame_1764640737_05028.jpg,1
data/frames/frame_1764640737_05029.jpg,1
data/frames/frame_1764640737_05030.jpg,1
data/frames/frame_1764640738_05031.jpg,1
data/frames/frame_1764640738_05032.jpg,1
data/frames/frame_1764640738_05033.jpg,1
data/frames/frame_1764640738_05034.jpg,1
data/frames/frame_1764640738_05035.jpg,0
data/frames/frame_1764640738_05036.jpg,0
data/frames/frame_1764640739_05037.jpg,0
data/frames/frame_1764640739_05038.jpg,0
data/frames/frame_1764640739_05039.jpg,0
data/frames/frame_1764640739_05040.jpg,0
data/frames/frame_1764640739_05041.jpg,0
data/frames/frame_1764640740_05042.jpg,0
data/frames/frame_1764640740_05043.jpg,0
data/frames/frame_1764640740_05044.jpg,0
data/frames/frame_1764640740_05045.jpg,0
data/frames/frame_1764640740_05046.jpg,0
data/frames/frame_1764640741_05047.jpg,0
data/frames/frame_1764640741_05048.jpg,0
data/frames/frame_1764640741_05049.jpg,0
data/frames/frame_1764640741_05050.jpg,0
data/frames/frame_1764640741_05051.jpg,0
data/frames/frame_1764640742_05052.jpg,0
data/frames/frame_1764640742_05053.jpg,0
data/frames/frame_1764640742_05054.jpg,0
data/frames/frame_1764640742_05055.jpg,0
data/frames/frame_1764640742_05056.jpg,0
data/frames/frame_1764640743_05057.jpg,0
data/frames/frame_1764640743_05058.jpg,0
data/frames/frame_1764640743_05059.jpg,0
data/frames/frame_1764640743_05060.jpg,0
data/frames/frame_1764640743_05061.jpg,0
data/frames/frame_1764640744_05062.jpg,0
data/frames/frame_1764640744_05063.jpg,0
data/frames/frame_1764640744_05064.jpg,0
data/frames/frame_1764640744_05065.jpg,0
data/frames/frame_1764640744_05066.jpg,0
data/frames/frame_1764640745_05067.jpg,0
data/frames/frame_1764640745_05068.jpg,0
data/frames/frame_1764640745_05069.jpg,0
data/frames/frame_1764640745_05070.jpg,0
data/frames/frame_1764640745_05071.jpg,0
data/frames/frame_1764640746_05072.jpg,0
data/frames/frame_1764640746_05073.jpg,0
data/frames/frame_1764640746_05074.jpg,0
data/frames/frame_1764640746_05075.jpg,0
data/frames/frame_1764640746_05076.jpg,0
data/frames/frame_1764640747_05077.jpg,0
data/frames/frame_1764640747_05078.jpg,0
data/frames/frame_1764640747_05079.jpg,0
data/frames/frame_1764640747_05080.jpg,0
data/frames/frame_1764640747_05081.jpg,0
data/frames/frame_1764640748_05082.jpg,0
data/frames/frame_1764640748_05083.jpg,0
data/frames/frame_1764640748_05084.jpg,0
data/frames/frame_1764640748_05085.jpg,1
data/frames/frame_1764640748_05086.jpg,1
data/frames/frame_1764640749_05087.jpg,1
data/frames/frame_1764640749_05088.jpg,1
data/frames/frame_1764640749_05089.jpg,1
data/frames/frame_1764640749_05090.jpg,1
data/frames/frame_1764640749_05091.jpg,1
data/frames/frame_1764640750_05092.jpg,1
data/frames/frame_1764640750_05093.jpg,1
data/frames/frame_1764640750_05094.jpg,1
data/frames/frame_1764640750_05095.jpg,1
data/frames/frame_1764640750_05096.jpg,1
data/frames/frame_1764640751_05097.jpg,0
data/frames/frame_1764640751_05098.jpg,0
data/frames/frame_1764640751_05099.jpg,0
data/frames/frame_1764640751_05100.jpg,0
data/frames/frame_1764640751_05101.jpg,0
data/frames/frame_1764640752_05102.jpg,0
data/frames/frame_1764640752_05103.jpg,0
data/frames/frame_1764640752_05104.jpg,0
data/frames/frame_1764640752_05105.jpg,0
data/frames/frame_1764640752_05106.jpg,0
data/frames/frame_1764640753_05107.jpg,0
data/frames/frame_1764640753_05108.jpg,0
data/frames/frame_1764640753_05109.jpg,0
data/frames/frame_1764640753_05110.jpg,0
data/frames/frame_1764640753_05111.jpg,0
data/frames/frame_1764640754_05112.jpg,0
data/frames/frame_1764640754_05113.jpg,0
data/frames/frame_1764640754_05114.jpg,0
data/frames/frame_1764640754_05115.jpg,0
data/frames/frame_1764640754_05116.jpg,0
data/frames/frame_1764640754_05117.jpg,0
data/frames/frame_1764640755_05118.jpg,0
data/frames/frame_1764640755_05119.jpg,0
data/frames/frame_1764640755_05120.jpg,0
data/frames/frame_1764640755_05121.jpg,0
data/frames/frame_1764640755_05122.jpg,0
data/frames/frame_1764640756_05123.jpg,0
data/frames/frame_1764640756_05124.jpg,0
data/frames/frame_1764640756_05125.jpg,0
data/frames/frame_1764640756_05126.jpg,0
data/frames/frame_1764640756_05127.jpg,0
data/frames/frame_1764640757_05128.jpg,0
data/frames/frame_1764640757_05129.jpg,0
data/frames/frame_1764640757_05130.jpg,0
data/frames/frame_1764640757_05131.jpg,0
data/frames/frame_1764640757_05132.jpg,0
data/frames/frame_1764640758_05133.jpg,0
data/frames/frame_1764640758_05134.jpg,0
data/frames/frame_1764640758_05135.jpg,0
data/frames/frame_1764640758_05136.jpg,0
data/frames/frame_1764640758_05137.jpg,0
data/frames/frame_1764640759_05138.jpg,0
data/frames/frame_1764640759_05139.jpg,0
data/frames/frame_1764640759_05140.jpg,0
data/frames/frame_1764640759_05141.jpg,0
data/frames/frame_1764640759_05142.jpg,0
data/frames/frame_1764640760_05143.jpg,0
data/frames/frame_1764640760_05144.jpg,0
data/frames/frame_1764640760_05145.jpg,0
data/frames/frame_1764640760_05146.jpg,0
data/frames/frame_1764640760_05147.jpg,0
data/frames/frame_1764640761_05148.jpg,0
data/frames/frame_1764640761_05149.jpg,0
data/frames/frame_1764640761_05150.jpg,0
data/frames/frame_1764640761_05151.jpg,0
data/frames/frame_1764640761_05152.jpg,0
data/frames/frame_1764640762_05153.jpg,0
data/frames/frame_1764640762_05154.jpg,0
data/frames/frame_1764640762_05155.jpg,0
data/frames/frame_1764640762_05156.jpg,0
data/frames/frame_1764640762_05157.jpg,0
data/frames/frame_1764640763_05158.jpg,0
data/frames/frame_1764640763_05159.jpg,0
data/frames/frame_1764640763_05160.jpg,0
data/frames/frame_1764640763_05161.jpg,0
data/frames/frame_1764640763_05162.jpg,0
data/frames/frame_1764640764_05163.jpg,0
data/frames/frame_1764640764_05164.jpg,0
data/frames/frame_1764640764_05165.jpg,0
data/frames/frame_1764640764_05166.jpg,0
data/frames/frame_1764640764_05167.jpg,0
data/frames/frame_1764640765_05168.jpg,0
data/frames/frame_1764640765_05169.jpg,0
data/frames/frame_1764640765_05170.jpg,0
data/frames/frame_1764640765_05171.jpg,0
data/frames/frame_1764640765_05172.jpg,0
data/frames/frame_1764640766_05173.jpg,0
data/frames/frame_1764640766_05174.jpg,0
data/frames/frame_1764640766_05175.jpg,0
data/frames/frame_1764640766_05176.jpg,0
data/frames/frame_1764640766_05177.jpg,0
data/frames/frame_1764640767_05178.jpg,0
data/frames/frame_1764640767_05179.jpg,0
data/frames/frame_1764640767_05180.jpg,0
data/frames/frame_1764640767_05181.jpg,0
data/frames/frame_1764640767_05182.jpg,0
data/frames/frame_1764640768_05183.jpg,0
data/frames/frame_1764640768_05184.jpg,0
data/frames/frame_1764640768_05185.jpg,0
data/frames/frame_1764640768_05186.jpg,0
data/frames/frame_1764640768_05187.jpg,0
data/frames/frame_1764640769_05188.jpg,0
data/frames/frame_1764640769_05189.jpg,0
data/frames/frame_1764640769_05190.jpg,0
data/frames/frame_1764640769_05191.jpg,0
data/frames/frame_1764640769_05192.jpg,0
data/frames/frame_1764640770_05193.jpg,0
data/frames/frame_1764640770_05194.jpg,0
data/frames/frame_1764640770_05195.jpg,0
data/frames/frame_1764640770_05196.jpg,0
data/frames/frame_1764640770_05197.jpg,0
data/frames/frame_1764640771_05198.jpg,0
data/frames/frame_1764640771_05199.jpg,0
data/frames/frame_1764640771_05200.jpg,0
data/frames/frame_1764640771_05201.jpg,0
data/frames/frame_1764640771_05202.jpg,0
data/frames/frame_1764640772_05203.jpg,0
data/frames/frame_1764640772_05204.jpg,0
data/frames/frame_1764640772_05205.jpg,0
data/frames/frame_1764640772_05206.jpg,0
data/frames/frame_1764640772_05207.jpg,0
data/frames/frame_1764640773_05208.jpg,0
data/frames/frame_1764640773_05209.jpg,0
data/frames/frame_1764640773_05210.jpg,0
data/frames/frame_1764640773_05211.jpg,0
data/frames/frame_1764640773_05212.jpg,0
data/frames/frame_1764640774_05213.jpg,0
data/frames/frame_1764640774_05214.jpg,0
data/frames/frame_1764640774_05215.jpg,0
data/frames/frame_1764640774_05216.jpg,0
data/frames/frame_1764640774_05217.jpg,0
data/frames/frame_1764640775_05218.jpg,0
data/frames/frame_1764640775_05219.jpg,0
data/frames/frame_1764640775_05220.jpg,0
data/frames/frame_1764640775_05221.jpg,0
data/frames/frame_1764640775_05222.jpg,0
data/frames/frame_1764640776_05223.jpg,0
data/frames/frame_1764640776_05224.jpg,0
data/frames/frame_1764640776_05225.jpg,0
data/frames/frame_1764640776_05226.jpg,0
data/frames/frame_1764640776_05227.jpg,0
data/frames/frame_1764640777_05228.jpg,0
data/frames/frame_1764640777_05229.jpg,0
data/frames/frame_1764640777_05230.jpg,0
data/frames/frame_1764640777_05231.jpg,0
data/frames/frame_1764640777_05232.jpg,0
data/frames/frame_1764640778_05233.jpg,0
data/frames/frame_1764640778_05234.jpg,1
data/frames/frame_1764640778_05235.jpg,0
data/frames/frame_1764640778_05236.jpg,0
data/frames/frame_1764640778_05237.jpg,1
data/frames/frame_1764640779_05238.jpg,1
data/frames/frame_1764640779_05239.jpg,1
data/frames/frame_1764640779_05240.jpg,1
data/frames/frame_1764640779_05241.jpg,1
data/frames/frame_1764640779_05242.jpg,1
data/frames/frame_1764640780_05243.jpg,1
data/frames/frame_1764640780_05244.jpg,1
data/frames/frame_1764640780_05245.jpg,1
data/frames/frame_1764640780_05246.jpg,1
data/frames/frame_1764640780_05247.jpg,0
data/frames/frame_1764640781_05248.jpg,0
data/frames/frame_1764640781_05249.jpg,0
data/frames/frame_1764640781_05250.jpg,0
data/frames/frame_1764640781_05251.jpg,0
data/frames/frame_1764640781_05252.jpg,0
data/frames/frame_1764640782_05253.jpg,0
data/frames/frame_1764640782_05254.jpg,0
data/frames/frame_1764640782_05255.jpg,0
data/frames/frame_1764640782_05256.jpg,0
data/frames/frame_1764640782_05257.jpg,0
data/frames/frame_1764640783_05258.jpg,0
data/frames/frame_1764640783_05259.jpg,0
data/frames/frame_1764640783_05260.jpg,0
data/frames/frame_1764640783_05261.jpg,0
data/frames/frame_1764640783_05262.jpg,0
data/frames/frame_1764640784_05263.jpg,0
data/frames/frame_1764640784_05264.jpg,0
data/frames/frame_1764640784_05265.jpg,0
data/frames/frame_1764640784_05266.jpg,0
data/frames/frame_1764640784_05267.jpg,0
data/frames/frame_1764640785_05268.jpg,0
data/frames/frame_1764640785_05269.jpg,0
data/frames/frame_1764640785_05270.jpg,0
data/frames/frame_1764640785_05271.jpg,0
data/frames/frame_1764640785_05272.jpg,0
data/frames/frame_1764640786_05273.jpg,0
data/frames/frame_1764640786_05274.jpg,0
data/frames/frame_1764640786_05275.jpg,0
data/frames/frame_1764640786_05276.jpg,0
data/frames/frame_1764640786_05277.jpg,0
data/frames/frame_1764640787_05278.jpg,0
data/frames/frame_1764640787_05279.jpg,0
data/frames/frame_1764640787_05280.jpg,0
data/frames/frame_1764640787_05281.jpg,0
data/frames/frame_1764640787_05282.jpg,0
data/frames/frame_1764640788_05283.jpg,0
data/frames/frame_1764640788_05284.jpg,0
data/frames/frame_1764640788_05285.jpg,0
data/frames/frame_1764640788_05286.jpg,0
data/frames/frame_1764640788_05287.jpg,0
data/frames/frame_1764640789_05288.jpg,0
data/frames/frame_1764640789_05289.jpg,0
data/frames/frame_1764640789_05290.jpg,0
data/frames/frame_1764640789_05291.jpg,0
data/frames/frame_1764640789_05292.jpg,0
data/frames/frame_1764640790_05293.jpg,0
data/frames/frame_1764640790_05294.jpg,0
data/frames/frame_1764640790_05295.jpg,0
data/frames/frame_1764640790_05296.jpg,0
data/frames/frame_1764640790_05297.jpg,0
data/frames/frame_1764640791_05298.jpg,0
data/frames/frame_1764640791_05299.jpg,0
data/frames/frame_1764640791_05300.jpg,0
data/frames/frame_1764640791_05301.jpg,0
data/frames/frame_1764640791_05302.jpg,0
data/frames/frame_1764640792_05303.jpg,0
data/frames/frame_1764640792_05304.jpg,0
data/frames/frame_1764640792_05305.jpg,0
data/frames/frame_1764640792_05306.jpg,0
data/frames/frame_1764640792_05307.jpg,0
data/frames/frame_1764640793_05308.jpg,0
data/frames/frame_1764640793_05309.jpg,0
data/frames/frame_1764640793_05310.jpg,0
data/frames/frame_1764640793_05311.jpg,0
data/frames/frame_1764640793_05312.jpg,0
data/frames/frame_1764640794_05313.jpg,0
data/frames/frame_1764640794_05314.jpg,0
data/frames/frame_1764640794_05315.jpg,0
data/frames/frame_1764640794_05316.jpg,0
data/frames/frame_1764640794_05317.jpg,0
data/frames/frame_1764640795_05318.jpg,0
data/frames/frame_1764640795_05319.jpg,0
data/frames/frame_1764640795_05320.jpg,0
data/frames/frame_1764640795_05321.jpg,0
data/frames/frame_1764640795_05322.jpg,0
data/frames/frame_1764640796_05323.jpg,0
data/frames/frame_1764640796_05324.jpg,0
data/frames/frame_1764640796_05325.jpg,0
data/frames/frame_1764640796_05326.jpg,0
data/frames/frame_1764640796_05327.jpg,0
data/frames/frame_1764640797_05328.jpg,0
data/frames/frame_1764640797_05329.jpg,0
data/frames/frame_1764640797_05330.jpg,0
data/frames/frame_1764640797_05331.jpg,0
data/frames/frame_1764640797_05332.jpg,0
data/frames/frame_1764640798_05333.jpg,0
data/frames/frame_1764640798_05334.jpg,0
data/frames/frame_1764640798_05335.jpg,0
data/frames/frame_1764640798_05336.jpg,0
data/frames/frame_1764640798_05337.jpg,0
data/frames/frame_1764640799_05338.jpg,0
data/frames/frame_1764640799_05339.jpg,0
data/frames/frame_1764640799_05340.jpg,0
data/frames/frame_1764640799_05341.jpg,0
data/frames/frame_1764640799_05342.jpg,0
data/frames/frame_1764640800_05343.jpg,0
data/frames/frame_1764640800_05344.jpg,0
data/frames/frame_1764640800_05345.jpg,0
data/frames/frame_1764640800_05346.jpg,0
data/frames/frame_1764640800_05347.jpg,0
data/frames/frame_1764640801_05348.jpg,0
data/frames/frame_1764640801_05349.jpg,0
data/frames/frame_1764640801_05350.jpg,0
data/frames/frame_1764640801_05351.jpg,0
data/frames/frame_1764640801_05352.jpg,0
data/frames/frame_1764640802_05353.jpg,0
data/frames/frame_1764640802_05354.jpg,0
data/frames/frame_1764640802_05355.jpg,0
data/frames/frame_1764640802_05356.jpg,0
data/frames/frame_1764640802_05357.jpg,0
data/frames/frame_1764640803_05358.jpg,0
data/frames/frame_1764640803_05359.jpg,0
data/frames/frame_1764640803_05360.jpg,0
data/frames/frame_1764640803_05361.jpg,0
data/frames/frame_1764640803_05362.jpg,0
data/frames/frame_1764640804_05363.jpg,0
data/frames/frame_1764640804_05364.jpg,0
data/frames/frame_1764640804_05365.jpg,0
data/frames/frame_1764640804_05366.jpg,0
data/frames/frame_1764640804_05367.jpg,0
data/frames/frame_1764640805_05368.jpg,0
data/frames/frame_1764640805_05369.jpg,0
data/frames/frame_1764640805_05370.jpg,0
data/frames/frame_1764640805_05371.jpg,0
data/frames/frame_1764640805_05372.jpg,0
data/frames/frame_1764640806_05373.jpg,0
data/frames/frame_1764640806_05374.jpg,0
data/frames/frame_1764640806_05375.jpg,0
data/frames/frame_1764640806_05376.jpg,0
data/frames/frame_1764640806_05377.jpg,0
data/frames/frame_1764640807_05378.jpg,0
data/frames/frame_1764640807_05379.jpg,0
data/frames/frame_1764640807_05380.jpg,0
data/frames/frame_1764640807_05381.jpg,0
data/frames/frame_1764640807_05382.jpg,0
data/frames/frame_1764640808_05383.jpg,0
data/frames/frame_1764640808_05384.jpg,0
data/frames/frame_1764640808_05385.jpg,0
data/frames/frame_1764640808_05386.jpg,0
data/frames/frame_1764640808_05387.jpg,0
data/frames/frame_1764640809_05388.jpg,0
data/frames/frame_1764640809_05389.jpg,0
data/frames/frame_1764640809_05390.jpg,0
data/frames/frame_1764640809_05391.jpg,0
data/frames/frame_1764640809_05392.jpg,0
data/frames/frame_1764640810_05393.jpg,0
data/frames/frame_1764640810_05394.jpg,0
data/frames/frame_1764640810_05395.jpg,0
data/frames/frame_1764640810_05396.jpg,0
data/frames/frame_1764640810_05397.jpg,0
data/frames/frame_1764640811_05398.jpg,0
data/frames/frame_1764640811_05399.jpg,0
data/frames/frame_1764640811_05400.jpg,0
data/frames/frame_1764640811_05401.jpg,0
data/frames/frame_1764640811_05402.jpg,0
data/frames/frame_1764640812_05403.jpg,0
data/frames/frame_1764640812_05404.jpg,0
data/frames/frame_1764640812_05405.jpg,0
data/frames/frame_1764640812_05406.jpg,0
data/frames/frame_1764640812_05407.jpg,0
data/frames/frame_1764640813_05408.jpg,0
data/frames/frame_1764640813_05409.jpg,0
data/frames/frame_1764640813_05410.jpg,0
data/frames/frame_1764640813_05411.jpg,0
data/frames/frame_1764640813_05412.jpg,0
data/frames/frame_1764640814_05413.jpg,0
data/frames/frame_1764640814_05414.jpg,0
data/frames/frame_1764640814_05415.jpg,0
data/frames/frame_1764640814_05416.jpg,0
data/frames/frame_1764640814_05417.jpg,0
data/frames/frame_1764640815_05418.jpg,0
data/frames/frame_1764640815_05419.jpg,0
data/frames/frame_1764640815_05420.jpg,0
data/frames/frame_1764640815_05421.jpg,0
data/frames/frame_1764640815_05422.jpg,0
data/frames/frame_1764640815_05423.jpg,0
data/frames/frame_1764640816_05424.jpg,0
data/frames/frame_1764640816_05425.jpg,0
data/frames/frame_1764640816_05426.jpg,0
data/frames/frame_1764640816_05427.jpg,0
data/frames/frame_1764640816_05428.jpg,0
data/frames/frame_1764640817_05429.jpg,0
data/frames/frame_1764640817_05430.jpg,0
data/frames/frame_1764640817_05431.jpg,0
data/frames/frame_1764640817_05432.jpg,0
data/frames/frame_1764640817_05433.jpg,0
data/frames/frame_1764640818_05434.jpg,0
data/frames/frame_1764640818_05435.jpg,0
data/frames/frame_1764640818_05436.jpg,0
data/frames/frame_1764640818_05437.jpg,0
data/frames/frame_1764640818_05438.jpg,0
data/frames/frame_1764640819_05439.jpg,0
data/frames/frame_1764640819_05440.jpg,0
data/frames/frame_1764640819_05441.jpg,0
data/frames/frame_1764640819_05442.jpg,0
data/frames/frame_1764640819_05443.jpg,0
data/frames/frame_1764640820_05444.jpg,0
data/frames/frame_1764640820_05445.jpg,0
data/frames/frame_1764640820_05446.jpg,0
data/frames/frame_1764640820_05447.jpg,0
data/frames/frame_1764640820_05448.jpg,0
data/frames/frame_1764640821_05449.jpg,0
data/frames/frame_1764640821_05450.jpg,0
data/frames/frame_1764640821_05451.jpg,0
data/frames/frame_1764640821_05452.jpg,0
data/frames/frame_1764640821_05453.jpg,0
data/frames/frame_1764640822_05454.jpg,0
data/frames/frame_1764640822_05455.jpg,0
data/frames/frame_1764640822_05456.jpg,0
data/frames/frame_1764640822_05457.jpg,0
data/frames/frame_1764640822_05458.jpg,0
data/frames/frame_1764640823_05459.jpg,0
data/frames/frame_1764640823_05460.jpg,0
data/frames/frame_1764640823_05461.jpg,0
data/frames/frame_1764640823_05462.jpg,0
data/frames/frame_1764640823_05463.jpg,0
data/frames/frame_1764640824_05464.jpg,0
data/frames/frame_1764640824_05465.jpg,0
data/frames/frame_1764640824_05466.jpg,0
data/frames/frame_1764640824_05467.jpg,0
data/frames/frame_1764640824_05468.jpg,0
data/frames/frame_1764640825_05469.jpg,0
data/frames/frame_1764640825_05470.jpg,0
data/frames/frame_1764640825_05471.jpg,0
data/frames/frame_1764640825_05472.jpg,0
data/frames/frame_1764640825_05473.jpg,0
data/frames/frame_1764640826_05474.jpg,0
data/frames/frame_1764640826_05475.jpg,0
data/frames/frame_1764640826_05476.jpg,0
data/frames/frame_1764640826_05477.jpg,0
data/frames/frame_1764640826_05478.jpg,0
data/frames/frame_1764640827_05479.jpg,0
data/frames/frame_1764640827_05480.jpg,0
data/frames/frame_1764640827_05481.jpg,0
data/frames/frame_1764640827_05482.jpg,0
data/frames/frame_1764640827_05483.jpg,0
data/frames/frame_1764640828_05484.jpg,0
data/frames/frame_1764640828_05485.jpg,0
data/frames/frame_1764640828_05486.jpg,0
data/frames/frame_1764640828_05487.jpg,0
data/frames/frame_1764640828_05488.jpg,0
data/frames/frame_1764640829_05489.jpg,0
data/frames/frame_1764640829_05490.jpg,0
data/frames/frame_1764640829_05491.jpg,0
data/frames/frame_1764640829_05492.jpg,0
data/frames/frame_1764640829_05493.jpg,0
data/frames/frame_1764640830_05494.jpg,0
data/frames/frame_1764640830_05495.jpg,0
data/frames/frame_1764640830_05496.jpg,0
data/frames/frame_1764640830_05497.jpg,0
data/frames/frame_1764640830_05498.jpg,0
data/frames/frame_1764640831_05499.jpg,0
data/frames/frame_1764640831_05500.jpg,0
data/frames/frame_1764640831_05501.jpg,0
data/frames/frame_1764640831_05502.jpg,0
data/frames/frame_1764640831_05503.jpg,0
data/frames/frame_1764640832_05504.jpg,0
data/frames/frame_1764640832_05505.jpg,0
data/frames/frame_1764640832_05506.jpg,0
data/frames/frame_1764640832_05507.jpg,0
data/frames/frame_1764640832_05508.jpg,0
data/frames/frame_1764640833_05509.jpg,0
data/frames/frame_1764640833_05510.jpg,0
data/frames/frame_1764640833_05511.jpg,0
data/frames/frame_1764640833_05512.jpg,0
data/frames/frame_1764640833_05513.jpg,0
data/frames/frame_1764640834_05514.jpg,0
data/frames/frame_1764640834_05515.jpg,0
data/frames/frame_1764640834_05516.jpg,0
data/frames/frame_1764640834_05517.jpg,0
data/frames/frame_1764640834_05518.jpg,0
data/frames/frame_1764640835_05519.jpg,0
data/frames/frame_1764640835_05520.jpg,0
data/frames/frame_1764640835_05521.jpg,0
data/frames/frame_1764640835_05522.jpg,0
data/frames/frame_1764640835_05523.jpg,0
data/frames/frame_1764640836_05524.jpg,0
data/frames/frame_1764640836_05525.jpg,0
data/frames/frame_1764640836_05526.jpg,0
data/frames/frame_1764640836_05527.jpg,0
data/frames/frame_1764640836_05528.jpg,0
data/frames/frame_1764640837_05529.jpg,0
data/frames/frame_1764640837_05530.jpg,0
data/frames/frame_1764640837_05531.jpg,0
data/frames/frame_1764640837_05532.jpg,0
data/frames/frame_1764640837_05533.jpg,0
data/frames/frame_1764640838_05534.jpg,0
data/frames/frame_1764640838_05535.jpg,0
data/frames/frame_1764640838_05536.jpg,0
data/frames/frame_1764640838_05537.jpg,0
data/frames/frame_1764640838_05538.jpg,0
data/frames/frame_1764640839_05539.jpg,0
data/frames/frame_1764640839_05540.jpg,0
data/frames/frame_1764640839_05541.jpg,0
data/frames/frame_1764640839_05542.jpg,0
data/frames/frame_1764640839_05543.jpg,0
data/frames/frame_1764640840_05544.jpg,0
data/frames/frame_1764640840_05545.jpg,0
data/frames/frame_1764640840_05546.jpg,0
data/frames/frame_1764640840_05547.jpg,0
data/frames/frame_1764640840_05548.jpg,0
data/frames/frame_1764640841_05549.jpg,0
data/frames/frame_1764640841_05550.jpg,0
data/frames/frame_1764640841_05551.jpg,0
data/frames/frame_1764640841_05552.jpg,0
data/frames/frame_1764640841_05553.jpg,0
data/frames/frame_1764640842_05554.jpg,0
data/frames/frame_1764640842_05555.jpg,0
data/frames/frame_1764640842_05556.jpg,0
data/frames/frame_1764640842_05557.jpg,0
data/frames/frame_1764640842_05558.jpg,0
data/frames/frame_1764640843_05559.jpg,0
data/frames/frame_1764640843_05560.jpg,0
data/frames/frame_1764640843_05561.jpg,0
data/frames/frame_1764640843_05562.jpg,0
data/frames/frame_1764640843_05563.jpg,0
data/frames/frame_1764640844_05564.jpg,0
data/frames/frame_1764640844_05565.jpg,0
data/frames/frame_1764640844_05566.jpg,0
data/frames/frame_1764640844_05567.jpg,0
data/frames/frame_1764640844_05568.jpg,0
data/frames/frame_1764640845_05569.jpg,0
data/frames/frame_1764640845_05570.jpg,0
data/frames/frame_1764640845_05571.jpg,0
data/frames/frame_1764640845_05572.jpg,0
data/frames/frame_1764640845_05573.jpg,0
data/frames/frame_1764640845_05574.jpg,0
data/frames/frame_1764640846_05575.jpg,0
data/frames/frame_1764640846_05576.jpg,0
data/frames/frame_1764640846_05577.jpg,0
data/frames/frame_1764640846_05578.jpg,0
data/frames/frame_1764640846_05579.jpg,0
data/frames/frame_1764640847_05580.jpg,0
data/frames/frame_1764640847_05581.jpg,0
data/frames/frame_1764640847_05582.jpg,0
data/frames/frame_1764640847_05583.jpg,0
data/frames/frame_1764640847_05584.jpg,0
data/frames/frame_1764640848_05585.jpg,0
data/frames/frame_1764640848_05586.jpg,0
data/frames/frame_1764640848_05587.jpg,0
data/frames/frame_1764640848_05588.jpg,0
data/frames/frame_1764640848_05589.jpg,0
data/frames/frame_1764640849_05590.jpg,0
data/frames/frame_1764640849_05591.jpg,0
data/frames/frame_1764640849_05592.jpg,0
data/frames/frame_1764640849_05593.jpg,0
data/frames/frame_1764640849_05594.jpg,0
data/frames/frame_1764640850_05595.jpg,0
data/frames/frame_1764640850_05596.jpg,0
data/frames/frame_1764640850_05597.jpg,0
data/frames/frame_1764640850_05598.jpg,0
data/frames/frame_1764640850_05599.jpg,0
data/frames/frame_1764640851_05600.jpg,0
data/frames/frame_1764640851_05601.jpg,0
data/frames/frame_1764640851_05602.jpg,0
data/frames/frame_1764640851_05603.jpg,0
data/frames/frame_1764640851_05604.jpg,0
data/frames/frame_1764640852_05605.jpg,0
data/frames/frame_1764640852_05606.jpg,0
data/frames/frame_1764640852_05607.jpg,0
data/frames/frame_1764640852_05608.jpg,0
data/frames/frame_1764640852_05609.jpg,0
data/frames/frame_1764640853_05610.jpg,0
data/frames/frame_1764640853_05611.jpg,0
data/frames/frame_1764640853_05612.jpg,0
data/frames/frame_1764640853_05613.jpg,0
data/frames/frame_1764640853_05614.jpg,0
data/frames/frame_1764640854_05615.jpg,0
data/frames/frame_1764640854_05616.jpg,0
data/frames/frame_1764640854_05617.jpg,0
data/frames/frame_1764640854_05618.jpg,0
data/frames/frame_1764640854_05619.jpg,0
data/frames/frame_1764640854_05620.jpg,0
data/frames/frame_1764640855_05621.jpg,0
data/frames/frame_1764640855_05622.jpg,0
data/frames/frame_1764640855_05623.jpg,0
data/frames/frame_1764640855_05624.jpg,0
data/frames/frame_1764640855_05625.jpg,0
data/frames/frame_1764640856_05626.jpg,0
data/frames/frame_1764640856_05627.jpg,0
data/frames/frame_1764640856_05628.jpg,0
data/frames/frame_1764640856_05629.jpg,0
data/frames/frame_1764640856_05630.jpg,0
data/frames/frame_1764640857_05631.jpg,0
data/frames/frame_1764640857_05632.jpg,0
data/frames/frame_1764640857_05633.jpg,0
data/frames/frame_1764640857_05634.jpg,0
data/frames/frame_1764640857_05635.jpg,0
data/frames/frame_1764640858_05636.jpg,0
data/frames/frame_1764640858_05637.jpg,0
data/frames/frame_1764640858_05638.jpg,0
data/frames/frame_1764640858_05639.jpg,0
data/frames/frame_1764640858_05640.jpg,0
data/frames/frame_1764640859_05641.jpg,0
data/frames/frame_1764640859_05642.jpg,0
data/frames/frame_1764640859_05643.jpg,0
data/frames/frame_1764640859_05644.jpg,0
data/frames/frame_1764640859_05645.jpg,0
data/frames/frame_1764640860_05646.jpg,0
data/frames/frame_1764640860_05647.jpg,0
data/frames/frame_1764640860_05648.jpg,0
data/frames/frame_1764640860_05649.jpg,0
data/frames/frame_1764640860_05650.jpg,0
data/frames/frame_1764640861_05651.jpg,0
data/frames/frame_1764640861_05652.jpg,0
data/frames/frame_1764640861_05653.jpg,0
data/frames/frame_1764640861_05654.jpg,0
data/frames/frame_1764640861_05655.jpg,0
data/frames/frame_1764640862_05656.jpg,0
data/frames/frame_1764640862_05657.jpg,0
data/frames/frame_1764640862_05658.jpg,0
data/frames/frame_1764640862_05659.jpg,0
data/frames/frame_1764640862_05660.jpg,0
data/frames/frame_1764640862_05661.jpg,0
data/frames/frame_1764640863_05662.jpg,0
data/frames/frame_1764640863_05663.jpg,0
data/frames/frame_1764640863_05664.jpg,0
data/frames/frame_1764640863_05665.jpg,0
data/frames/frame_1764640863_05666.jpg,0
data/frames/frame_1764640864_05667.jpg,0
data/frames/frame_1764640864_05668.jpg,0
data/frames/frame_1764640864_05669.jpg,0
data/frames/frame_1764640864_05670.jpg,0
data/frames/frame_1764640864_05671.jpg,0
data/frames/frame_1764640865_05672.jpg,0
data/frames/frame_1764640865_05673.jpg,0
data/frames/frame_1764640865_05674.jpg,0
data/frames/frame_1764640865_05675.jpg,0
data/frames/frame_1764640865_05676.jpg,0
data/frames/frame_1764640866_05677.jpg,0
data/frames/frame_1764640866_05678.jpg,0
data/frames/frame_1764640866_05679.jpg,0
data/frames/frame_1764640866_05680.jpg,0
data/frames/frame_1764640866_05681.jpg,0
data/frames/frame_1764640867_05682.jpg,0
data/frames/frame_1764640867_05683.jpg,0
data/frames/frame_1764640867_05684.jpg,0
data/frames/frame_1764640867_05685.jpg,0
data/frames/frame_1764640867_05686.jpg,0
data/frames/frame_1764640868_05687.jpg,0
data/frames/frame_1764640868_05688.jpg,0
data/frames/frame_1764640868_05689.jpg,0
data/frames/frame_1764640868_05690.jpg,0
data/frames/frame_1764640868_05691.jpg,0
data/frames/frame_1764640869_05692.jpg,0
data/frames/frame_1764640869_05693.jpg,0
data/frames/frame_1764640869_05694.jpg,0
data/frames/frame_1764640869_05695.jpg,0
data/frames/frame_1764640869_05696.jpg,0
data/frames/frame_1764640870_05697.jpg,0
data/frames/frame_1764640870_05698.jpg,0
data/frames/frame_1764640870_05699.jpg,0
data/frames/frame_1764640870_05700.jpg,0
data/frames/frame_1764640870_05701.jpg,0
data/frames/frame_1764640871_05702.jpg,0
data/frames/frame_1764640871_05703.jpg,0
data/frames/frame_1764640871_05704.jpg,0
data/frames/frame_1764640871_05705.jpg,0
data/frames/frame_1764640871_05706.jpg,0
data/frames/frame_1764640872_05707.jpg,0
data/frames/frame_1764640872_05708.jpg,0
data/frames/frame_1764640872_05709.jpg,0
data/frames/frame_1764640872_05710.jpg,1
data/frames/frame_1764640872_05711.jpg,1
data/frames/frame_1764640873_05712.jpg,1
data/frames/frame_1764640873_05713.jpg,1
data/frames/frame_1764640873_05714.jpg,1
data/frames/frame_1764640873_05715.jpg,1
data/frames/frame_1764640873_05716.jpg,1
data/frames/frame_1764640874_05717.jpg,1
data/frames/frame_1764640874_05718.jpg,1
data/frames/frame_1764640874_05719.jpg,1
data/frames/frame_1764640874_05720.jpg,1
data/frames/frame_1764640874_05721.jpg,1
data/frames/frame_1764640875_05722.jpg,1
data/frames/frame_1764640875_05723.jpg,1
data/frames/frame_1764640875_05724.jpg,1
data/frames/frame_1764640875_05725.jpg,1
data/frames/frame_1764640875_05726.jpg,1
data/frames/frame_1764640876_05727.jpg,1
data/frames/frame_1764640876_05728.jpg,1
data/frames/frame_1764640876_05729.jpg,1
data/frames/frame_1764640876_05730.jpg,1
data/frames/frame_1764640876_05731.jpg,1
data/frames/frame_1764640877_05732.jpg,1
data/frames/frame_1764640877_05733.jpg,1
data/frames/frame_1764640877_05734.jpg,1
data/frames/frame_1764640877_05735.jpg,1
data/frames/frame_1764640877_05736.jpg,1
data/frames/frame_1764640878_05737.jpg,1
data/frames/frame_1764640878_05738.jpg,0
data/frames/frame_1764640878_05739.jpg,0
data/frames/frame_1764640878_05740.jpg,0
data/frames/frame_1764640878_05741.jpg,0
data/frames/frame_1764640878_05742.jpg,0
data/frames/frame_1764640879_05743.jpg,0
data/frames/frame_1764640879_05744.jpg,0
data/frames/frame_1764640879_05745.jpg,0
data/frames/frame_1764640879_05746.jpg,0
data/frames/frame_1764640879_05747.jpg,0
data/frames/frame_1764640880_05748.jpg,0
data/frames/frame_1764640880_05749.jpg,0
data/frames/frame_1764640880_05750.jpg,0
data/frames/frame_1764640880_05751.jpg,0
data/frames/frame_1764640880_05752.jpg,0
data/frames/frame_1764640881_05753.jpg,0
data/frames/frame_1764640881_05754.jpg,0
data/frames/frame_1764640881_05755.jpg,0
data/frames/frame_1764640881_05756.jpg,0
data/frames/frame_1764640881_05757.jpg,0
data/frames/frame_1764640882_05758.jpg,0
data/frames/frame_1764640882_05759.jpg,0
data/frames/frame_1764640882_05760.jpg,0
data/frames/frame_1764640882_05761.jpg,0
data/frames/frame_1764640882_05762.jpg,0
data/frames/frame_1764640883_05763.jpg,0
data/frames/frame_1764640883_05764.jpg,0
data/frames/frame_1764640883_05765.jpg,0
data/frames/frame_1764640883_05766.jpg,0
data/frames/frame_1764640883_05767.jpg,0
data/frames/frame_1764640884_05768.jpg,0
data/frames/frame_1764640884_05769.jpg,0
data/frames/frame_1764640884_05770.jpg,0
data/frames/frame_1764640884_05771.jpg,0
data/frames/frame_1764640884_05772.jpg,0
data/frames/frame_1764640885_05773.jpg,0
data/frames/frame_1764640885_05774.jpg,0
data/frames/frame_1764640885_05775.jpg,0
data/frames/frame_1764640885_05776.jpg,0
data/frames/frame_1764640885_05777.jpg,0
data/frames/frame_1764640886_05778.jpg,0
data/frames/frame_1764640886_05779.jpg,0
data/frames/frame_1764640886_05780.jpg,0
data/frames/frame_1764640886_05781.jpg,0
data/frames/frame_1764640886_05782.jpg,0
data/frames/frame_1764640887_05783.jpg,0
data/frames/frame_1764640887_05784.jpg,0
data/frames/frame_1764640887_05785.jpg,0
data/frames/frame_1764640887_05786.jpg,0
data/frames/frame_1764640887_05787.jpg,0
data/frames/frame_1764640888_05788.jpg,0
data/frames/frame_1764640888_05789.jpg,0
data/frames/frame_1764640888_05790.jpg,0
data/frames/frame_1764640888_05791.jpg,0
data/frames/frame_1764640888_05792.jpg,0
data/frames/frame_1764640889_05793.jpg,0
data/frames/frame_1764640889_05794.jpg,0
data/frames/frame_1764640889_05795.jpg,0
data/frames/frame_1764640889_05796.jpg,0
data/frames/frame_1764640889_05797.jpg,0
data/frames/frame_1764640890_05798.jpg,0
data/frames/frame_1764640890_05799.jpg,0
data/frames/frame_1764640890_05800.jpg,0
data/frames/frame_1764640890_05801.jpg,0
data/frames/frame_1764640890_05802.jpg,0
data/frames/frame_1764640891_05803.jpg,0
data/frames/frame_1764640891_05804.jpg,0
data/frames/frame_1764640891_05805.jpg,0
data/frames/frame_1764640891_05806.jpg,1
data/frames/frame_1764640891_05807.jpg,1
data/frames/frame_1764640892_05808.jpg,1
data/frames/frame_1764640892_05809.jpg,1
data/frames/frame_1764640892_05810.jpg,1
data/frames/frame_1764640892_05811.jpg,1
data/frames/frame_1764640892_05812.jpg,1
data/frames/frame_1764640893_05813.jpg,1
data/frames/frame_1764640893_05814.jpg,0
data/frames/frame_1764640893_05815.jpg,0
data/frames/frame_1764640893_05816.jpg,0
data/frames/frame_1764640893_05817.jpg,0
data/frames/frame_1764640894_05818.jpg,0
data/frames/frame_1764640894_05819.jpg,0
data/frames/frame_1764640894_05820.jpg,0
data/frames/frame_1764640894_05821.jpg,0
data/frames/frame_1764640894_05822.jpg,0
data/frames/frame_1764640895_05823.jpg,0
data/frames/frame_1764640895_05824.jpg,0
data/frames/frame_1764640895_05825.jpg,0
data/frames/frame_1764640895_05826.jpg,0
data/frames/frame_1764640895_05827.jpg,0
data/frames/frame_1764640896_05828.jpg,0
data/frames/frame_1764640896_05829.jpg,0
data/frames/frame_1764640896_05830.jpg,0
data/frames/frame_1764640896_05831.jpg,0
data/frames/frame_1764640896_05832.jpg,0
data/frames/frame_1764640896_05833.jpg,0
data/frames/frame_1764640897_05834.jpg,0
data/frames/frame_1764640897_05835.jpg,0
data/frames/frame_1764640897_05836.jpg,0
data/frames/frame_1764640897_05837.jpg,0
data/frames/frame_1764640898_05838.jpg,0
data/frames/frame_1764640898_05839.jpg,0
data/frames/frame_1764640898_05840.jpg,0
data/frames/frame_1764640898_05841.jpg,0
data/frames/frame_1764640898_05842.jpg,0
data/frames/frame_1764640899_05843.jpg,0
data/frames/frame_1764640899_05844.jpg,0
data/frames/frame_1764640899_05845.jpg,0
data/frames/frame_1764640899_05846.jpg,0
data/frames/frame_1764640899_05847.jpg,0
data/frames/frame_1764640900_05848.jpg,0
data/frames/frame_1764640900_05849.jpg,0
data/frames/frame_1764640900_05850.jpg,0
data/frames/frame_1764640900_05851.jpg,0
data/frames/frame_1764640900_05852.jpg,0
data/frames/frame_1764640900_05853.jpg,0
data/frames/frame_1764640901_05854.jpg,0
data/frames/frame_1764640901_05855.jpg,0
data/frames/frame_1764640901_05856.jpg,0
data/frames/frame_1764640901_05857.jpg,0
data/frames/frame_1764640901_05858.jpg,0
data/frames/frame_1764640902_05859.jpg,0
data/frames/frame_1764640902_05860.jpg,0
data/frames/frame_1764640902_05861.jpg,0
data/frames/frame_1764640902_05862.jpg,0
data/frames/frame_1764640903_05863.jpg,0
data/frames/frame_1764640903_05864.jpg,0
data/frames/frame_1764640903_05865.jpg,0
data/frames/frame_1764640903_05866.jpg,0
data/frames/frame_1764640903_05867.jpg,0
data/frames/frame_1764640904_05868.jpg,0
data/frames/frame_1764640904_05869.jpg,0
data/frames/frame_1764640904_05870.jpg,0
data/frames/frame_1764640904_05871.jpg,0
data/frames/frame_1764640904_05872.jpg,0
data/frames/frame_1764640905_05873.jpg,0
data/frames/frame_1764640905_05874.jpg,0
data/frames/frame_1764640905_05875.jpg,0
data/frames/frame_1764640905_05876.jpg,0
data/frames/frame_1764640905_05877.jpg,0
data/frames/frame_1764640906_05878.jpg,0
data/frames/frame_1764640906_05879.jpg,0
data/frames/frame_1764640906_05880.jpg,0
data/frames/frame_1764640906_05881.jpg,0
data/frames/frame_1764640906_05882.jpg,0
data/frames/frame_1764640907_05883.jpg,0
data/frames/frame_1764640907_05884.jpg,0
data/frames/frame_1764640907_05885.jpg,0
data/frames/frame_1764640907_05886.jpg,0
data/frames/frame_1764640907_05887.jpg,0
data/frames/frame_1764640908_05888.jpg,0
data/frames/frame_1764640908_05889.jpg,0
data/frames/frame_1764640908_05890.jpg,0
data/frames/frame_1764640908_05891.jpg,0
data/frames/frame_1764640908_05892.jpg,0
data/frames/frame_1764640908_05893.jpg,0
data/frames/frame_1764640909_05894.jpg,0
data/frames/frame_1764640909_05895.jpg,0
data/frames/frame_1764640909_05896.jpg,0
data/frames/frame_1764640909_05897.jpg,0
data/frames/frame_1764640909_05898.jpg,0
data/frames/frame_1764640910_05899.jpg,0
data/frames/frame_1764640910_05900.jpg,0
data/frames/frame_1764640910_05901.jpg,0
data/frames/frame_1764640910_05902.jpg,0
data/frames/frame_1764640910_05903.jpg,0
data/frames/frame_1764640911_05904.jpg,0
data/frames/frame_1764640911_05905.jpg,0
data/frames/frame_1764640911_05906.jpg,0
data/frames/frame_1764640911_05907.jpg,0
data/frames/frame_1764640911_05908.jpg,0
data/frames/frame_1764640912_05909.jpg,0
data/frames/frame_1764640912_05910.jpg,0
data/frames/frame_1764640912_05911.jpg,0
data/frames/frame_1764640912_05912.jpg,0
data/frames/frame_1764640912_05913.jpg,0
data/frames/frame_1764640913_05914.jpg,0
data/frames/frame_1764640913_05915.jpg,0
data/frames/frame_1764640913_05916.jpg,0
data/frames/frame_1764640913_05917.jpg,0
data/frames/frame_1764640913_05918.jpg,0
data/frames/frame_1764640914_05919.jpg,0
data/frames/frame_1764640914_05920.jpg,0
data/frames/frame_1764640914_05921.jpg,0
data/frames/frame_1764640914_05922.jpg,0
data/frames/frame_1764640914_05923.jpg,0
data/frames/frame_1764640915_05924.jpg,0
data/frames/frame_1764640915_05925.jpg,0
data/frames/frame_1764640915_05926.jpg,0
data/frames/frame_1764640915_05927.jpg,0
data/frames/frame_1764640915_05928.jpg,0
data/frames/frame_1764640916_05929.jpg,0
data/frames/frame_1764640916_05930.jpg,0
data/frames/frame_1764640916_05931.jpg,0
data/frames/frame_1764640916_05932.jpg,0
data/frames/frame_1764640916_05933.jpg,0
data/frames/frame_1764640917_05934.jpg,0
data/frames/frame_1764640917_05935.jpg,0
data/frames/frame_1764640917_05936.jpg,0
data/frames/frame_1764640917_05937.jpg,0
data/frames/frame_1764640917_05938.jpg,0
data/frames/frame_1764640918_05939.jpg,0
data/frames/frame_1764640918_05940.jpg,0
data/frames/frame_1764640918_05941.jpg,0
data/frames/frame_1764640918_05942.jpg,0
data/frames/frame_1764640918_05943.jpg,0
data/frames/frame_1764640919_05944.jpg,0
data/frames/frame_1764640919_05945.jpg,0
data/frames/frame_1764640919_05946.jpg,0
data/frames/frame_1764640919_05947.jpg,0
data/frames/frame_1764640919_05948.jpg,0
data/frames/frame_1764640920_05949.jpg,0
data/frames/frame_1764640920_05950.jpg,0
data/frames/frame_1764640920_05951.jpg,0
data/frames/frame_1764640920_05952.jpg,0
data/frames/frame_1764640920_05953.jpg,0
data/frames/frame_1764640921_05954.jpg,0
data/frames/frame_1764640921_05955.jpg,0
data/frames/frame_1764640921_05956.jpg,0
data/frames/frame_1764640921_05957.jpg,0
data/frames/frame_1764640921_05958.jpg,0
data/frames/frame_1764640922_05959.jpg,0
data/frames/frame_1764640922_05960.jpg,0
data/frames/frame_1764640922_05961.jpg,0
data/frames/frame_1764640922_05962.jpg,0
data/frames/frame_1764640922_05963.jpg,0
data/frames/frame_1764640923_05964.jpg,0
data/frames/frame_1764640923_05965.jpg,0
data/frames/frame_1764640923_05966.jpg,0
data/frames/frame_1764640923_05967.jpg,0
data/frames/frame_1764640923_05968.jpg,0
data/frames/frame_1764640924_05969.jpg,0
data/frames/frame_1764640924_05970.jpg,0
data/frames/frame_1764640924_05971.jpg,0
data/frames/frame_1764640924_05972.jpg,0
data/frames/frame_1764640924_05973.jpg,0
data/frames/frame_1764640925_05974.jpg,0
data/frames/frame_1764640925_05975.jpg,0
data/frames/frame_1764640925_05976.jpg,0
data/frames/frame_1764640925_05977.jpg,0
data/frames/frame_1764640925_05978.jpg,0
data/frames/frame_1764640926_05979.jpg,0
data/frames/frame_1764640926_05980.jpg,0
data/frames/frame_1764640926_05981.jpg,0
data/frames/frame_1764640926_05982.jpg,0
data/frames/frame_1764640926_05983.jpg,0
data/frames/frame_1764640927_05984.jpg,0
data/frames/frame_1764640927_05985.jpg,0
data/frames/frame_1764640927_05986.jpg,0
data/frames/frame_1764640927_05987.jpg,0
data/frames/frame_1764640927_05988.jpg,0
data/frames/frame_1764640928_05989.jpg,0
data/frames/frame_1764640928_05990.jpg,0
data/frames/frame_1764640928_05991.jpg,0
data/frames/frame_1764640928_05992.jpg,0
data/frames/frame_1764640928_05993.jpg,0
data/frames/frame_1764640929_05994.jpg,0
data/frames/frame_1764640929_05995.jpg,0
data/frames/frame_1764640929_05996.jpg,0
data/frames/frame_1764640929_05997.jpg,0
data/frames/frame_1764640929_05998.jpg,0
data/frames/frame_1764640930_05999.jpg,0
data/frames/frame_1764640930_06000.jpg,0
data/frames/frame_1764640930_06001.jpg,0
data/frames/frame_1764640930_06002.jpg,0
data/frames/frame_1764640930_06003.jpg,0
data/frames/frame_1764640931_06004.jpg,0
data/frames/frame_1764640931_06005.jpg,0
data/frames/frame_1764640931_06006.jpg,0
data/frames/frame_1764640931_06007.jpg,0
data/frames/frame_1764640931_06008.jpg,0
data/frames/frame_1764640932_06009.jpg,0
data/frames/frame_1764640932_06010.jpg,0
data/frames/frame_1764640932_06011.jpg,0
data/frames/frame_1764640932_06012.jpg,0
data/frames/frame_1764640932_06013.jpg,0
data/frames/frame_1764640933_06014.jpg,0
data/frames/frame_1764640933_06015.jpg,0
data/frames/frame_1764640933_06016.jpg,0
data/frames/frame_1764640933_06017.jpg,0
data/frames/frame_1764640933_06018.jpg,0
data/frames/frame_1764640934_06019.jpg,0
data/frames/frame_1764640934_06020.jpg,0
data/frames/frame_1764640934_06021.jpg,0
data/frames/frame_1764640934_06022.jpg,0
data/frames/frame_1764640934_06023.jpg,0
data/frames/frame_1764640935_06024.jpg,0
data/frames/frame_1764640935_06025.jpg,0
data/frames/frame_1764640935_06026.jpg,0
data/frames/frame_1764640935_06027.jpg,0
data/frames/frame_1764640935_06028.jpg,0
data/frames/frame_1764640936_06029.jpg,0
data/frames/frame_1764640936_06030.jpg,0
data/frames/frame_1764640936_06031.jpg,0
data/frames/frame_1764640936_06032.jpg,0
data/frames/frame_1764640936_06033.jpg,0
data/frames/frame_1764640937_06034.jpg,0
data/frames/frame_1764640937_06035.jpg,0
data/frames/frame_1764640937_06036.jpg,0
data/frames/frame_1764640937_06037.jpg,0
data/frames/frame_1764640937_06038.jpg,0
data/frames/frame_1764640938_06039.jpg,0
data/frames/frame_1764640938_06040.jpg,0
data/frames/frame_1764640938_06041.jpg,0
data/frames/frame_1764640938_06042.jpg,0
data/frames/frame_1764640938_06043.jpg,0
data/frames/frame_1764640939_06044.jpg,0
data/frames/frame_1764640939_06045.jpg,1
data/frames/frame_1764640939_06046.jpg,1
data/frames/frame_1764640939_06047.jpg,1
data/frames/frame_1764640939_06048.jpg,1
data/frames/frame_1764640939_06049.jpg,1
data/frames/frame_1764640940_06050.jpg,1
data/frames/frame_1764640940_06051.jpg,1
data/frames/frame_1764640940_06052.jpg,1
data/frames/frame_1764640940_06053.jpg,1
data/frames/frame_1764640940_06054.jpg,1
data/frames/frame_1764640941_06055.jpg,1
data/frames/frame_1764640941_06056.jpg,1
data/frames/frame_1764640941_06057.jpg,1
data/frames/frame_1764640941_06058.jpg,1
data/frames/frame_1764640941_06059.jpg,1
data/frames/frame_1764640942_06060.jpg,1
data/frames/frame_1764640942_06061.jpg,0
data/frames/frame_1764640942_06062.jpg,0
data/frames/frame_1764640942_06063.jpg,0
data/frames/frame_1764640942_06064.jpg,0
data/frames/frame_1764640943_06065.jpg,0
data/frames/frame_1764640943_06066.jpg,0
data/frames/frame_1764640943_06067.jpg,0
data/frames/frame_1764640943_06068.jpg,0
data/frames/frame_1764640943_06069.jpg,0
data/frames/frame_1764640944_06070.jpg,0
data/frames/frame_1764640944_06071.jpg,0
data/frames/frame_1764640944_06072.jpg,0
data/frames/frame_1764640944_06073.jpg,0
data/frames/frame_1764640944_06074.jpg,0
data/frames/frame_1764640945_06075.jpg,0
data/frames/frame_1764640945_06076.jpg,0
data/frames/frame_1764640945_06077.jpg,0
data/frames/frame_1764640945_06078.jpg,0
data/frames/frame_1764640945_06079.jpg,0
data/frames/frame_1764640946_06080.jpg,0
data/frames/frame_1764640946_06081.jpg,0
data/frames/frame_1764640946_06082.jpg,0
data/frames/frame_1764640946_06083.jpg,0
data/frames/frame_1764640946_06084.jpg,0
data/frames/frame_1764640947_06085.jpg,0
data/frames/frame_1764640947_06086.jpg,0
data/frames/frame_1764640947_06087.jpg,0
data/frames/frame_1764640947_06088.jpg,0
data/frames/frame_1764640947_06089.jpg,0
data/frames/frame_1764640948_06090.jpg,0
data/frames/frame_1764640948_06091.jpg,0
data/frames/frame_1764640948_06092.jpg,0
data/frames/frame_1764640948_06093.jpg,0
data/frames/frame_1764640948_06094.jpg,0
data/frames/frame_1764640948_06095.jpg,0
data/frames/frame_1764640949_06096.jpg,0
data/frames/frame_1764640949_06097.jpg,0
data/frames/frame_1764640949_06098.jpg,0
data/frames/frame_1764640949_06099.jpg,0
data/frames/frame_1764640949_06100.jpg,0
data/frames/frame_1764640950_06101.jpg,0
data/frames/frame_1764640950_06102.jpg,0
data/frames/frame_1764640950_06103.jpg,0
data/frames/frame_1764640950_06104.jpg,0
data/frames/frame_1764640950_06105.jpg,0
data/frames/frame_1764640951_06106.jpg,0
data/frames/frame_1764640951_06107.jpg,0
data/frames/frame_1764640951_06108.jpg,0
data/frames/frame_1764640951_06109.jpg,0
data/frames/frame_1764640951_06110.jpg,0
data/frames/frame_1764640952_06111.jpg,0
data/frames/frame_1764640952_06112.jpg,0
data/frames/frame_1764640952_06113.jpg,0
data/frames/frame_1764640952_06114.jpg,0
data/frames/frame_1764640953_06115.jpg,0
data/frames/frame_1764640953_06116.jpg,0
data/frames/frame_1764640953_06117.jpg,0
data/frames/frame_1764640953_06118.jpg,0
data/frames/frame_1764640953_06119.jpg,0
data/frames/frame_1764640953_06120.jpg,0
data/frames/frame_1764640954_06121.jpg,0
data/frames/frame_1764640954_06122.jpg,0
data/frames/frame_1764640954_06123.jpg,0
data/frames/frame_1764640954_06124.jpg,0
data/frames/frame_1764640955_06125.jpg,0
data/frames/frame_1764640955_06126.jpg,0
data/frames/frame_1764640955_06127.jpg,0
data/frames/frame_1764640955_06128.jpg,0
data/frames/frame_1764640955_06129.jpg,0
data/frames/frame_1764640955_06130.jpg,0
data/frames/frame_1764640956_06131.jpg,0
data/frames/frame_1764640956_06132.jpg,0
data/frames/frame_1764640956_06133.jpg,0
data/frames/frame_1764640956_06134.jpg,0
data/frames/frame_1764640956_06135.jpg,0
data/frames/frame_1764640957_06136.jpg,0
data/frames/frame_1764640957_06137.jpg,0
data/frames/frame_1764640957_06138.jpg,0
data/frames/frame_1764640957_06139.jpg,0
data/frames/frame_1764640957_06140.jpg,0
data/frames/frame_1764640958_06141.jpg,0
data/frames/frame_1764640958_06142.jpg,0
data/frames/frame_1764640958_06143.jpg,0
data/frames/frame_1764640958_06144.jpg,0
data/frames/frame_1764640959_06145.jpg,0
data/frames/frame_1764640959_06146.jpg,0
data/frames/frame_1764640959_06147.jpg,0
data/frames/frame_1764640959_06148.jpg,0
data/frames/frame_1764640959_06149.jpg,0
data/frames/frame_1764640960_06150.jpg,0
data/frames/frame_1764640960_06151.jpg,0
data/frames/frame_1764640960_06152.jpg,0
data/frames/frame_1764640960_06153.jpg,0
data/frames/frame_1764640960_06154.jpg,0
data/frames/frame_1764640961_06155.jpg,0
data/frames/frame_1764640961_06156.jpg,1
data/frames/frame_1764640961_06157.jpg,1
data/frames/frame_1764640961_06158.jpg,1
data/frames/frame_1764640961_06159.jpg,1
data/frames/frame_1764640962_06160.jpg,1
data/frames/frame_1764640962_06161.jpg,1
data/frames/frame_1764640962_06162.jpg,1
data/frames/frame_1764640962_06163.jpg,1
data/frames/frame_1764640962_06164.jpg,1
data/frames/frame_1764640963_06165.jpg,1
data/frames/frame_1764640963_06166.jpg,1
data/frames/frame_1764640963_06167.jpg,1
data/frames/frame_1764640963_06168.jpg,0
data/frames/frame_1764640963_06169.jpg,0
data/frames/frame_1764640964_06170.jpg,0
data/frames/frame_1764640964_06171.jpg,0
data/frames/frame_1764640964_06172.jpg,0
data/frames/frame_1764640964_06173.jpg,0
data/frames/frame_1764640964_06174.jpg,0
data/frames/frame_1764640965_06175.jpg,0
data/frames/frame_1764640965_06176.jpg,0
data/frames/frame_1764640965_06177.jpg,0
data/frames/frame_1764640965_06178.jpg,0
data/frames/frame_1764640965_06179.jpg,0
data/frames/frame_1764640966_06180.jpg,0
data/frames/frame_1764640966_06181.jpg,0
data/frames/frame_1764640966_06182.jpg,0
data/frames/frame_1764640966_06183.jpg,0
data/frames/frame_1764640966_06184.jpg,0
data/frames/frame_1764640966_06185.jpg,0
data/frames/frame_1764640967_06186.jpg,0
data/frames/frame_1764640967_06187.jpg,0
data/frames/frame_1764640967_06188.jpg,0
data/frames/frame_1764640967_06189.jpg,0
data/frames/frame_1764640967_06190.jpg,0
data/frames/frame_1764640968_06191.jpg,0
data/frames/frame_1764640968_06192.jpg,0
data/frames/frame_1764640968_06193.jpg,0
data/frames/frame_1764640968_06194.jpg,0
data/frames/frame_1764640969_06195.jpg,0
data/frames/frame_1764640969_06196.jpg,0
data/frames/frame_1764640969_06197.jpg,0
data/frames/frame_1764640969_06198.jpg,0
data/frames/frame_1764640969_06199.jpg,0
data/frames/frame_1764640970_06200.jpg,0
data/frames/frame_1764640970_06201.jpg,0
data/frames/frame_1764640970_06202.jpg,0
data/frames/frame_1764640970_06203.jpg,0
data/frames/frame_1764640970_06204.jpg,0
data/frames/frame_1764640971_06205.jpg,0
data/frames/frame_1764640971_06206.jpg,0
data/frames/frame_1764640971_06207.jpg,0
data/frames/frame_1764640971_06208.jpg,0
data/frames/frame_1764640971_06209.jpg,0
data/frames/frame_1764640972_06210.jpg,0
data/frames/frame_1764640972_06211.jpg,0
data/frames/frame_1764640972_06212.jpg,0
data/frames/frame_1764640972_06213.jpg,0
data/frames/frame_1764640972_06214.jpg,0
data/frames/frame_1764640973_06215.jpg,0
data/frames/frame_1764640973_06216.jpg,0
data/frames/frame_1764640973_06217.jpg,0
data/frames/frame_1764640973_06218.jpg,0
data/frames/frame_1764640973_06219.jpg,0
data/frames/frame_1764640974_06220.jpg,0
data/frames/frame_1764640974_06221.jpg,0
data/frames/frame_1764640974_06222.jpg,0
data/frames/frame_1764640974_06223.jpg,0
data/frames/frame_1764640974_06224.jpg,0
data/frames/frame_1764640975_06225.jpg,0
data/frames/frame_1764640975_06226.jpg,0
data/frames/frame_1764640975_06227.jpg,0
data/frames/frame_1764640975_06228.jpg,0
data/frames/frame_1764640975_06229.jpg,0
data/frames/frame_1764640976_06230.jpg,0
data/frames/frame_1764640976_06231.jpg,0
data/frames/frame_1764640976_06232.jpg,0
data/frames/frame_1764640976_06233.jpg,0
data/frames/frame_1764640976_06234.jpg,0
data/frames/frame_1764640977_06235.jpg,0
data/frames/frame_1764640977_06236.jpg,0
data/frames/frame_1764640977_06237.jpg,0
data/frames/frame_1764640977_06238.jpg,0
data/frames/frame_1764640977_06239.jpg,0
data/frames/frame_1764640977_06240.jpg,0
data/frames/frame_1764640978_06241.jpg,0
data/frames/frame_1764640978_06242.jpg,0
data/frames/frame_1764640978_06243.jpg,0
data/frames/frame_1764640978_06244.jpg,0
data/frames/frame_1764640978_06245.jpg,0
data/frames/frame_1764640979_06246.jpg,0
data/frames/frame_1764640979_06247.jpg,0
data/frames/frame_1764640979_06248.jpg,0
data/frames/frame_1764640979_06249.jpg,0
data/frames/frame_1764640979_06250.jpg,0
data/frames/frame_1764640980_06251.jpg,0
data/frames/frame_1764640980_06252.jpg,0
data/frames/frame_1764640980_06253.jpg,0
data/frames/frame_1764640980_06254.jpg,0
data/frames/frame_1764640980_06255.jpg,0
data/frames/frame_1764640981_06256.jpg,0
data/frames/frame_1764640981_06257.jpg,0
data/frames/frame_1764640981_06258.jpg,0
data/frames/frame_1764640981_06259.jpg,0
data/frames/frame_1764640981_06260.jpg,0
data/frames/frame_1764640982_06261.jpg,0
data/frames/frame_1764640982_06262.jpg,0
data/frames/frame_1764640982_06263.jpg,0
data/frames/frame_1764640982_06264.jpg,0
data/frames/frame_1764640982_06265.jpg,0
data/frames/frame_1764640983_06266.jpg,0
data/frames/frame_1764640983_06267.jpg,0
data/frames/frame_1764640983_06268.jpg,0
data/frames/frame_1764640983_06269.jpg,0
data/frames/frame_1764640983_06270.jpg,0
data/frames/frame_1764640984_06271.jpg,0
data/frames/frame_1764640984_06272.jpg,0
data/frames/frame_1764640984_06273.jpg,0
data/frames/frame_1764640984_06274.jpg,0
data/frames/frame_1764640984_06275.jpg,0
data/frames/frame_1764640985_06276.jpg,0
data/frames/frame_1764640985_06277.jpg,0
data/frames/frame_1764640985_06278.jpg,0
data/frames/frame_1764640985_06279.jpg,0
data/frames/frame_1764640985_06280.jpg,0
data/frames/frame_1764640986_06281.jpg,0
data/frames/frame_1764640986_06282.jpg,0
data/frames/frame_1764640986_06283.jpg,0
data/frames/frame_1764640986_06284.jpg,0
data/frames/frame_1764640987_06285.jpg,0
data/frames/frame_1764640987_06286.jpg,0
data/frames/frame_1764640987_06287.jpg,0
data/frames/frame_1764640987_06288.jpg,0
data/frames/frame_1764640987_06289.jpg,0
data/frames/frame_1764640988_06290.jpg,0
data/frames/frame_1764640988_06291.jpg,0
data/frames/frame_1764640988_06292.jpg,0
data/frames/frame_1764640988_06293.jpg,0
data/frames/frame_1764640988_06294.jpg,0
data/frames/frame_1764640989_06295.jpg,0
data/frames/frame_1764640989_06296.jpg,0
data/frames/frame_1764640989_06297.jpg,0
data/frames/frame_1764640989_06298.jpg,0
data/frames/frame_1764640989_06299.jpg,0
data/frames/frame_1764640989_06300.jpg,0
data/frames/frame_1764640990_06301.jpg,0
data/frames/frame_1764640990_06302.jpg,0
data/frames/frame_1764640990_06303.jpg,0
data/frames/frame_1764640990_06304.jpg,0
data/frames/frame_1764640990_06305.jpg,0
data/frames/frame_1764640991_06306.jpg,0
data/frames/frame_1764640991_06307.jpg,0
data/frames/frame_1764640991_06308.jpg,0
data/frames/frame_1764640991_06309.jpg,0
data/frames/frame_1764640991_06310.jpg,0
data/frames/frame_1764640992_06311.jpg,0
data/frames/frame_1764640992_06312.jpg,0
data/frames/frame_1764640992_06313.jpg,0
data/frames/frame_1764640992_06314.jpg,0
data/frames/frame_1764640992_06315.jpg,0
data/frames/frame_1764640993_06316.jpg,0
data/frames/frame_1764640993_06317.jpg,0
data/frames/frame_1764640993_06318.jpg,0
data/frames/frame_1764640993_06319.jpg,0
data/frames/frame_1764640993_06320.jpg,0
data/frames/frame_1764640994_06321.jpg,0
data/frames/frame_1764640994_06322.jpg,0
data/frames/frame_1764640994_06323.jpg,0
data/frames/frame_1764640994_06324.jpg,0
data/frames/frame_1764640994_06325.jpg,0
data/frames/frame_1764640995_06326.jpg,0
data/frames/frame_1764640995_06327.jpg,0
data/frames/frame_1764640995_06328.jpg,0
data/frames/frame_1764640995_06329.jpg,0
data/frames/frame_1764640995_06330.jpg,0
data/frames/frame_1764640996_06331.jpg,0
data/frames/frame_1764640996_06332.jpg,0
data/frames/frame_1764640996_06333.jpg,0
data/frames/frame_1764640996_06334.jpg,0
data/frames/frame_1764640996_06335.jpg,0
data/frames/frame_1764640997_06336.jpg,0
data/frames/frame_1764640997_06337.jpg,0
data/frames/frame_1764640997_06338.jpg,0
data/frames/frame_1764640997_06339.jpg,0
data/frames/frame_1764640997_06340.jpg,0
data/frames/frame_1764640998_06341.jpg,0
data/frames/frame_1764640998_06342.jpg,0
data/frames/frame_1764640998_06343.jpg,0
data/frames/frame_1764640998_06344.jpg,0
data/frames/frame_1764640998_06345.jpg,0
data/frames/frame_1764640999_06346.jpg,0
data/frames/frame_1764640999_06347.jpg,0
data/frames/frame_1764640999_06348.jpg,0
data/frames/frame_1764640999_06349.jpg,0
data/frames/frame_1764640999_06350.jpg,0
data/frames/frame_1764641000_06351.jpg,0
data/frames/frame_1764641000_06352.jpg,0
data/frames/frame_1764641000_06353.jpg,0
data/frames/frame_1764641000_06354.jpg,0
data/frames/frame_1764641000_06355.jpg,0
data/frames/frame_1764641000_06356.jpg,0
data/frames/frame_1764641001_06357.jpg,0
data/frames/frame_1764641001_06358.jpg,0
data/frames/frame_1764641001_06359.jpg,0
data/frames/frame_1764641001_06360.jpg,0
data/frames/frame_1764641001_06361.jpg,0
data/frames/frame_1764641002_06362.jpg,0
data/frames/frame_1764641002_06363.jpg,0
data/frames/frame_1764641002_06364.jpg,0
data/frames/frame_1764641002_06365.jpg,0
data/frames/frame_1764641002_06366.jpg,0
data/frames/frame_1764641003_06367.jpg,0
data/frames/frame_1764641003_06368.jpg,0
data/frames/frame_1764641003_06369.jpg,0
data/frames/frame_1764641003_06370.jpg,0
data/frames/frame_1764641003_06371.jpg,0
data/frames/frame_1764641004_06372.jpg,0
data/frames/frame_1764641004_06373.jpg,0
data/frames/frame_1764641004_06374.jpg,0
data/frames/frame_1764641004_06375.jpg,0
data/frames/frame_1764641004_06376.jpg,0
data/frames/frame_1764641005_06377.jpg,0
data/frames/frame_1764641005_06378.jpg,0
data/frames/frame_1764641005_06379.jpg,0
data/frames/frame_1764641005_06380.jpg,0
data/frames/frame_1764641006_06381.jpg,0
data/frames/frame_1764641006_06382.jpg,0
data/frames/frame_1764641006_06383.jpg,0
data/frames/frame_1764641006_06384.jpg,0
data/frames/frame_1764641006_06385.jpg,0
data/frames/frame_1764641007_06386.jpg,0
data/frames/frame_1764641007_06387.jpg,0
data/frames/frame_1764641007_06388.jpg,0
data/frames/frame_1764641007_06389.jpg,0
data/frames/frame_1764641007_06390.jpg,0
data/frames/frame_1764641008_06391.jpg,0
data/frames/frame_1764641008_06392.jpg,0
data/frames/frame_1764641008_06393.jpg,0
data/frames/frame_1764641008_06394.jpg,0
data/frames/frame_1764641008_06395.jpg,0
data/frames/frame_1764641009_06396.jpg,0
data/frames/frame_1764641009_06397.jpg,0
data/frames/frame_1764641009_06398.jpg,0
data/frames/frame_1764641009_06399.jpg,0
data/frames/frame_1764641009_06400.jpg,0
data/frames/frame_1764641010_06401.jpg,0
data/frames/frame_1764641010_06402.jpg,0
data/frames/frame_1764641010_06403.jpg,0
data/frames/frame_1764641010_06404.jpg,0
data/frames/frame_1764641010_06405.jpg,0
data/frames/frame_1764641011_06406.jpg,0
data/frames/frame_1764641011_06407.jpg,0
data/frames/frame_1764641011_06408.jpg,0
data/frames/frame_1764641011_06409.jpg,0
data/frames/frame_1764641011_06410.jpg,0
data/frames/frame_1764641012_06411.jpg,0
data/frames/frame_1764641012_06412.jpg,0
data/frames/frame_1764641012_06413.jpg,0
data/frames/frame_1764641012_06414.jpg,0
data/frames/frame_1764641012_06415.jpg,0
data/frames/frame_1764641013_06416.jpg,0
data/frames/frame_1764641013_06417.jpg,0
data/frames/frame_1764641013_06418.jpg,0
data/frames/frame_1764641013_06419.jpg,0
data/frames/frame_1764641013_06420.jpg,0
data/frames/frame_1764641014_06421.jpg,0
data/frames/frame_1764641014_06422.jpg,0
data/frames/frame_1764641014_06423.jpg,0
data/frames/frame_1764641014_06424.jpg,0
data/frames/frame_1764641014_06425.jpg,0
data/frames/frame_1764641015_06426.jpg,0
data/frames/frame_1764641015_06427.jpg,0
data/frames/frame_1764641015_06428.jpg,0
data/frames/frame_1764641015_06429.jpg,0
data/frames/frame_1764641015_06430.jpg,0
data/frames/frame_1764641016_06431.jpg,0
data/frames/frame_1764641016_06432.jpg,0
data/frames/frame_1764641016_06433.jpg,0
data/frames/frame_1764641016_06434.jpg,0
data/frames/frame_1764641016_06435.jpg,0
data/frames/frame_1764641017_06436.jpg,0
data/frames/frame_1764641017_06437.jpg,0
data/frames/frame_1764641017_06438.jpg,0
data/frames/frame_1764641017_06439.jpg,0
data/frames/frame_1764641017_06440.jpg,0
data/frames/frame_1764641018_06441.jpg,0
data/frames/frame_1764641018_06442.jpg,0
data/frames/frame_1764641018_06443.jpg,0
data/frames/frame_1764641018_06444.jpg,0
data/frames/frame_1764641018_06445.jpg,0
data/frames/frame_1764641019_06446.jpg,0
data/frames/frame_1764641019_06447.jpg,0
data/frames/frame_1764641019_06448.jpg,0
data/frames/frame_1764641019_06449.jpg,0
data/frames/frame_1764641019_06450.jpg,0
data/frames/frame_1764641020_06451.jpg,0
data/frames/frame_1764641020_06452.jpg,0
data/frames/frame_1764641020_06453.jpg,0
data/frames/frame_1764641020_06454.jpg,0
data/frames/frame_1764641020_06455.jpg,0
data/frames/frame_1764641021_06456.jpg,0
data/frames/frame_1764641021_06457.jpg,0
data/frames/frame_1764641021_06458.jpg,0
data/frames/frame_1764641021_06459.jpg,0
data/frames/frame_1764641021_06460.jpg,0
data/frames/frame_1764641022_06461.jpg,0
data/frames/frame_1764641022_06462.jpg,0
data/frames/frame_1764641022_06463.jpg,0
data/frames/frame_1764641022_06464.jpg,0
data/frames/frame_1764641022_06465.jpg,0
data/frames/frame_1764641023_06466.jpg,0
data/frames/frame_1764641023_06467.jpg,0
data/frames/frame_1764641023_06468.jpg,0
data/frames/frame_1764641023_06469.jpg,0
data/frames/frame_1764641023_06470.jpg,0
data/frames/frame_1764641024_06471.jpg,0
data/frames/frame_1764641024_06472.jpg,0
data/frames/frame_1764641024_06473.jpg,0
data/frames/frame_1764641024_06474.jpg,0
data/frames/frame_1764641024_06475.jpg,0
data/frames/frame_1764641025_06476.jpg,0
data/frames/frame_1764641025_06477.jpg,0
data/frames/frame_1764641025_06478.jpg,0
data/frames/frame_1764641025_06479.jpg,0
data/frames/frame_1764641025_06480.jpg,0
data/frames/frame_1764641025_06481.jpg,0
data/frames/frame_1764641026_06482.jpg,0
data/frames/frame_1764641026_06483.jpg,0
data/frames/frame_1764641026_06484.jpg,0
data/frames/frame_1764641026_06485.jpg,0
data/frames/frame_1764641026_06486.jpg,0
data/frames/frame_1764641027_06487.jpg,0
data/frames/frame_1764641027_06488.jpg,0
data/frames/frame_1764641027_06489.jpg,0
data/frames/frame_1764641027_06490.jpg,0
data/frames/frame_1764641027_06491.jpg,0
data/frames/frame_1764641028_06492.jpg,0
data/frames/frame_1764641028_06493.jpg,0
data/frames/frame_1764641028_06494.jpg,0
data/frames/frame_1764641028_06495.jpg,0
data/frames/frame_1764641028_06496.jpg,0
data/frames/frame_1764641029_06497.jpg,0
data/frames/frame_1764641029_06498.jpg,0
data/frames/frame_1764641029_06499.jpg,0
data/frames/frame_1764641029_06500.jpg,0
data/frames/frame_1764641029_06501.jpg,0
data/frames/frame_1764641030_06502.jpg,0
data/frames/frame_1764641030_06503.jpg,0
data/frames/frame_1764641030_06504.jpg,0
data/frames/frame_1764641030_06505.jpg,0
data/frames/frame_1764641030_06506.jpg,0
data/frames/frame_1764641031_06507.jpg,0
data/frames/frame_1764641031_06508.jpg,0
data/frames/frame_1764641031_06509.jpg,0
data/frames/frame_1764641031_06510.jpg,0
data/frames/frame_1764641031_06511.jpg,0
data/frames/frame_1764641032_06512.jpg,0
data/frames/frame_1764641032_06513.jpg,0
data/frames/frame_1764641032_06514.jpg,0
data/frames/frame_1764641032_06515.jpg,0
data/frames/frame_1764641032_06516.jpg,0
data/frames/frame_1764641033_06517.jpg,0
data/frames/frame_1764641033_06518.jpg,0
data/frames/frame_1764641033_06519.jpg,0
data/frames/frame_1764641033_06520.jpg,0
data/frames/frame_1764641033_06521.jpg,0
data/frames/frame_1764641034_06522.jpg,0
data/frames/frame_1764641034_06523.jpg,0
data/frames/frame_1764641034_06524.jpg,0
data/frames/frame_1764641034_06525.jpg,0
data/frames/frame_1764641034_06526.jpg,0
data/frames/frame_1764641035_06527.jpg,0
data/frames/frame_1764641035_06528.jpg,0
data/frames/frame_1764641035_06529.jpg,0
data/frames/frame_1764641035_06530.jpg,0
data/frames/frame_1764641035_06531.jpg,0
data/frames/frame_1764641036_06532.jpg,0
data/frames/frame_1764641036_06533.jpg,0
data/frames/frame_1764641036_06534.jpg,0
data/frames/frame_1764641036_06535.jpg,0
data/frames/frame_1764641036_06536.jpg,0
data/frames/frame_1764641037_06537.jpg,0
data/frames/frame_1764641037_06538.jpg,0
data/frames/frame_1764641037_06539.jpg,0
data/frames/frame_1764641037_06540.jpg,0
data/frames/frame_1764641037_06541.jpg,0
data/frames/frame_1764641038_06542.jpg,0
data/frames/frame_1764641038_06543.jpg,0
data/frames/frame_1764641038_06544.jpg,0
data/frames/frame_1764641038_06545.jpg,0
data/frames/frame_1764641038_06546.jpg,0
data/frames/frame_1764641039_06547.jpg,0
data/frames/frame_1764641039_06548.jpg,0
data/frames/frame_1764641039_06549.jpg,0
data/frames/frame_1764641039_06550.jpg,0
data/frames/frame_1764641039_06551.jpg,1
data/frames/frame_1764641040_06552.jpg,1
data/frames/frame_1764641040_06553.jpg,1
data/frames/frame_1764641040_06554.jpg,1
data/frames/frame_1764641040_06555.jpg,1
data/frames/frame_1764641041_06556.jpg,1
data/frames/frame_1764641041_06557.jpg,1
data/frames/frame_1764641041_06558.jpg,1
data/frames/frame_1764641041_06559.jpg,1
data/frames/frame_1764641041_06560.jpg,1
data/frames/frame_1764641042_06561.jpg,1
data/frames/frame_1764641042_06562.jpg,1
data/frames/frame_1764641042_06563.jpg,1
data/frames/frame_1764641042_06564.jpg,1
data/frames/frame_1764641042_06565.jpg,1
data/frames/frame_1764641043_06566.jpg,0
data/frames/frame_1764641043_06567.jpg,0
data/frames/frame_1764641043_06568.jpg,0
data/frames/frame_1764641043_06569.jpg,0
data/frames/frame_1764641043_06570.jpg,0
data/frames/frame_1764641044_06571.jpg,0
data/frames/frame_1764641044_06572.jpg,0
data/frames/frame_1764641044_06573.jpg,0
data/frames/frame_1764641044_06574.jpg,0
data/frames/frame_1764641044_06575.jpg,0
data/frames/frame_1764641045_06576.jpg,0
data/frames/frame_1764641045_06577.jpg,0
data/frames/frame_1764641045_06578.jpg,0
data/frames/frame_1764641045_06579.jpg,0
data/frames/frame_1764641045_06580.jpg,0
data/frames/frame_1764641046_06581.jpg,0
data/frames/frame_1764641046_06582.jpg,0
data/frames/frame_1764641046_06583.jpg,0
data/frames/frame_1764641046_06584.jpg,0
data/frames/frame_1764641046_06585.jpg,0
data/frames/frame_1764641047_06586.jpg,0
data/frames/frame_1764641047_06587.jpg,0
data/frames/frame_1764641047_06588.jpg,0
data/frames/frame_1764641047_06589.jpg,0
data/frames/frame_1764641047_06590.jpg,0
data/frames/frame_1764641048_06591.jpg,0
data/frames/frame_1764641048_06592.jpg,0
data/frames/frame_1764641048_06593.jpg,0
data/frames/frame_1764641048_06594.jpg,0
data/frames/frame_1764641048_06595.jpg,0
data/frames/frame_1764641049_06596.jpg,0
data/frames/frame_1764641049_06597.jpg,0
data/frames/frame_1764641049_06598.jpg,0
data/frames/frame_1764641049_06599.jpg,0
data/frames/frame_1764641049_06600.jpg,0
data/frames/frame_1764641050_06601.jpg,0
data/frames/frame_1764641050_06602.jpg,0
data/frames/frame_1764641050_06603.jpg,0
data/frames/frame_1764641050_06604.jpg,1
data/frames/frame_1764641050_06605.jpg,1
data/frames/frame_1764641051_06606.jpg,1
data/frames/frame_1764641051_06607.jpg,1
data/frames/frame_1764641051_06608.jpg,1
data/frames/frame_1764641051_06609.jpg,1
data/frames/frame_1764641051_06610.jpg,1
data/frames/frame_1764641052_06611.jpg,1
data/frames/frame_1764641052_06612.jpg,1
data/frames/frame_1764641052_06613.jpg,1
data/frames/frame_1764641052_06614.jpg,1
data/frames/frame_1764641052_06615.jpg,1
data/frames/frame_1764641053_06616.jpg,0
data/frames/frame_1764641053_06617.jpg,0
data/frames/frame_1764641053_06618.jpg,0
data/frames/frame_1764641053_06619.jpg,0
data/frames/frame_1764641053_06620.jpg,0
data/frames/frame_1764641054_06621.jpg,0
data/frames/frame_1764641054_06622.jpg,0
data/frames/frame_1764641054_06623.jpg,0
data/frames/frame_1764641054_06624.jpg,0
data/frames/frame_1764641054_06625.jpg,0
data/frames/frame_1764641055_06626.jpg,0
data/frames/frame_1764641055_06627.jpg,0
data/frames/frame_1764641055_06628.jpg,0
data/frames/frame_1764641055_06629.jpg,0
data/frames/frame_1764641055_06630.jpg,0
data/frames/frame_1764641056_06631.jpg,0
data/frames/frame_1764641056_06632.jpg,0
data/frames/frame_1764641056_06633.jpg,0
data/frames/frame_1764641056_06634.jpg,0
data/frames/frame_1764641056_06635.jpg,0
data/frames/frame_1764641057_06636.jpg,0
data/frames/frame_1764641057_06637.jpg,1
data/frames/frame_1764641057_06638.jpg,1
data/frames/frame_1764641057_06639.jpg,1
data/frames/frame_1764641057_06640.jpg,1
data/frames/frame_1764641057_06641.jpg,1
data/frames/frame_1764641058_06642.jpg,1
data/frames/frame_1764641058_06643.jpg,1
data/frames/frame_1764641058_06644.jpg,1
data/frames/frame_1764641058_06645.jpg,1
data/frames/frame_1764641058_06646.jpg,1
data/frames/frame_1764641059_06647.jpg,1
data/frames/frame_1764641059_06648.jpg,1
data/frames/frame_1764641059_06649.jpg,1
data/frames/frame_1764641059_06650.jpg,1
data/frames/frame_1764641059_06651.jpg,1
data/frames/frame_1764641060_06652.jpg,1
data/frames/frame_1764641060_06653.jpg,1
data/frames/frame_1764641060_06654.jpg,1
data/frames/frame_1764641060_06655.jpg,0
data/frames/frame_1764641060_06656.jpg,0
data/frames/frame_1764641061_06657.jpg,0
data/frames/frame_1764641061_06658.jpg,0
data/frames/frame_1764641061_06659.jpg,0
data/frames/frame_1764641061_06660.jpg,0
data/frames/frame_1764641061_06661.jpg,0
data/frames/frame_1764641062_06662.jpg,0
data/frames/frame_1764641062_06663.jpg,0
data/frames/frame_1764641062_06664.jpg,0
data/frames/frame_1764641062_06665.jpg,0
data/frames/frame_1764641062_06666.jpg,0
data/frames/frame_1764641063_06667.jpg,0
data/frames/frame_1764641063_06668.jpg,0
data/frames/frame_1764641063_06669.jpg,0
data/frames/frame_1764641063_06670.jpg,0
data/frames/frame_1764641063_06671.jpg,0
data/frames/frame_1764641064_06672.jpg,0
data/frames/frame_1764641064_06673.jpg,0
data/frames/frame_1764641064_06674.jpg,0
data/frames/frame_1764641064_06675.jpg,0
data/frames/frame_1764641064_06676.jpg,0
data/frames/frame_1764641065_06677.jpg,0
data/frames/frame_1764641065_06678.jpg,0
data/frames/frame_1764641065_06679.jpg,0
data/frames/frame_1764641065_06680.jpg,0
data/frames/frame_1764641065_06681.jpg,0
data/frames/frame_1764641066_06682.jpg,0
data/frames/frame_1764641066_06683.jpg,0
data/frames/frame_1764641066_06684.jpg,0
data/frames/frame_1764641066_06685.jpg,0
data/frames/frame_1764641066_06686.jpg,0
data/frames/frame_1764641067_06687.jpg,0
data/frames/frame_1764641067_06688.jpg,0
data/frames/frame_1764641067_06689.jpg,0
data/frames/frame_1764641067_06690.jpg,0
data/frames/frame_1764641067_06691.jpg,0
data/frames/frame_1764641068_06692.jpg,0
data/frames/frame_1764641068_06693.jpg,0
data/frames/frame_1764641068_06694.jpg,0
data/frames/frame_1764641068_06695.jpg,0
data/frames/frame_1764641068_06696.jpg,0
data/frames/frame_1764641069_06697.jpg,0
data/frames/frame_1764641069_06698.jpg,0
data/frames/frame_1764641069_06699.jpg,0
data/frames/frame_1764641069_06700.jpg,0
data/frames/frame_1764641069_06701.jpg,0
data/frames/frame_1764641070_06702.jpg,0
data/frames/frame_1764641070_06703.jpg,0
data/frames/frame_1764641070_06704.jpg,0
data/frames/frame_1764641070_06705.jpg,0
data/frames/frame_1764641070_06706.jpg,0
data/frames/frame_1764641071_06707.jpg,0
data/frames/frame_1764641071_06708.jpg,0
data/frames/frame_1764641071_06709.jpg,0
data/frames/frame_1764641071_06710.jpg,0
data/frames/frame_1764641071_06711.jpg,0
data/frames/frame_1764641071_06712.jpg,0
data/frames/frame_1764641072_06713.jpg,0
data/frames/frame_1764641072_06714.jpg,0
data/frames/frame_1764641072_06715.jpg,0
data/frames/frame_1764641072_06716.jpg,0
data/frames/frame_1764641073_06717.jpg,0
data/frames/frame_1764641073_06718.jpg,0
data/frames/frame_1764641073_06719.jpg,0
data/frames/frame_1764641073_06720.jpg,0
data/frames/frame_1764641073_06721.jpg,0
data/frames/frame_1764641073_06722.jpg,0
data/frames/frame_1764641074_06723.jpg,0
data/frames/frame_1764641074_06724.jpg,0
data/frames/frame_1764641074_06725.jpg,0
data/frames/frame_1764641074_06726.jpg,0
data/frames/frame_1764641074_06727.jpg,0
data/frames/frame_1764641075_06728.jpg,0
data/frames/frame_1764641075_06729.jpg,0
data/frames/frame_1764641075_06730.jpg,0
data/frames/frame_1764641075_06731.jpg,0
data/frames/frame_1764641075_06732.jpg,0
data/frames/frame_1764641076_06733.jpg,0
data/frames/frame_1764641076_06734.jpg,0
data/frames/frame_1764641076_06735.jpg,0
data/frames/frame_1764641076_06736.jpg,0
data/frames/frame_1764641076_06737.jpg,0
data/frames/frame_1764641077_06738.jpg,0
data/frames/frame_1764641077_06739.jpg,0
data/frames/frame_1764641077_06740.jpg,0
data/frames/frame_1764641077_06741.jpg,0
data/frames/frame_1764641077_06742.jpg,0
data/frames/frame_1764641078_06743.jpg,0
data/frames/frame_1764641078_06744.jpg,0
data/frames/frame_1764641078_06745.jpg,0
data/frames/frame_1764641078_06746.jpg,0
data/frames/frame_1764641078_06747.jpg,0
data/frames/frame_1764641079_06748.jpg,0
data/frames/frame_1764641079_06749.jpg,0
data/frames/frame_1764641079_06750.jpg,0
data/frames/frame_1764641079_06751.jpg,0
data/frames/frame_1764641079_06752.jpg,0
data/frames/frame_1764641080_06753.jpg,0
data/frames/frame_1764641080_06754.jpg,0
data/frames/frame_1764641080_06755.jpg,0
data/frames/frame_1764641080_06756.jpg,0
data/frames/frame_1764641080_06757.jpg,0
data/frames/frame_1764641081_06758.jpg,0
data/frames/frame_1764641081_06759.jpg,0
data/frames/frame_1764641081_06760.jpg,0
data/frames/frame_1764641081_06761.jpg,0
data/frames/frame_1764641081_06762.jpg,0
data/frames/frame_1764641082_06763.jpg,0
data/frames/frame_1764641082_06764.jpg,0
data/frames/frame_1764641082_06765.jpg,0
data/frames/frame_1764641082_06766.jpg,0
data/frames/frame_1764641082_06767.jpg,0
data/frames/frame_1764641083_06768.jpg,0
data/frames/frame_1764641083_06769.jpg,0
data/frames/frame_1764641083_06770.jpg,0
data/frames/frame_1764641083_06771.jpg,0
data/frames/frame_1764641083_06772.jpg,0
data/frames/frame_1764641084_06773.jpg,0
data/frames/frame_1764641084_06774.jpg,0
data/frames/frame_1764641084_06775.jpg,0
data/frames/frame_1764641084_06776.jpg,0
data/frames/frame_1764641084_06777.jpg,1
data/frames/frame_1764641085_06778.jpg,1
data/frames/frame_1764641085_06779.jpg,1
data/frames/frame_1764641085_06780.jpg,1
data/frames/frame_1764641085_06781.jpg,1
data/frames/frame_1764641085_06782.jpg,1
data/frames/frame_1764641086_06783.jpg,1
data/frames/frame_1764641086_06784.jpg,1
data/frames/frame_1764641086_06785.jpg,1
data/frames/frame_1764641086_06786.jpg,1
data/frames/frame_1764641086_06787.jpg,1
data/frames/frame_1764641087_06788.jpg,1
data/frames/frame_1764641087_06789.jpg,1
data/frames/frame_1764641087_06790.jpg,1
data/frames/frame_1764641087_06791.jpg,1
data/frames/frame_1764641087_06792.jpg,1
data/frames/frame_1764641088_06793.jpg,1
data/frames/frame_1764641088_06794.jpg,1
data/frames/frame_1764641088_06795.jpg,1
data/frames/frame_1764641088_06796.jpg,1
data/frames/frame_1764641088_06797.jpg,1
data/frames/frame_1764641089_06798.jpg,1
data/frames/frame_1764641089_06799.jpg,1
data/frames/frame_1764641089_06800.jpg,1
data/frames/frame_1764641089_06801.jpg,1
data/frames/frame_1764641089_06802.jpg,1
data/frames/frame_1764641090_06803.jpg,1
data/frames/frame_1764641090_06804.jpg,1
data/frames/frame_1764641090_06805.jpg,1
data/frames/frame_1764641090_06806.jpg,1
data/frames/frame_1764641090_06807.jpg,1
data/frames/frame_1764641091_06808.jpg,1
data/frames/frame_1764641091_06809.jpg,1
data/frames/frame_1764641091_06810.jpg,1
data/frames/frame_1764641091_06811.jpg,1
data/frames/frame_1764641091_06812.jpg,1
data/frames/frame_1764641091_06813.jpg,1
data/frames/frame_1764641092_06814.jpg,1
data/frames/frame_1764641092_06815.jpg,1
data/frames/frame_1764641092_06816.jpg,1
data/frames/frame_1764641092_06817.jpg,1
data/frames/frame_1764641092_06818.jpg,1
data/frames/frame_1764641093_06819.jpg,1
data/frames/frame_1764641093_06820.jpg,1
data/frames/frame_1764641093_06821.jpg,1
data/frames/frame_1764641093_06822.jpg,1
data/frames/frame_1764641093_06823.jpg,1
data/frames/frame_1764641094_06824.jpg,1
data/frames/frame_1764641094_06825.jpg,1
data/frames/frame_1764641094_06826.jpg,1
data/frames/frame_1764641094_06827.jpg,1
data/frames/frame_1764641094_06828.jpg,1
data/frames/frame_1764641095_06829.jpg,1
data/frames/frame_1764641095_06830.jpg,1
data/frames/frame_1764641095_06831.jpg,1
data/frames/frame_1764641095_06832.jpg,1
data/frames/frame_1764641095_06833.jpg,1
data/frames/frame_1764641096_06834.jpg,1
data/frames/frame_1764641096_06835.jpg,1
data/frames/frame_1764641096_06836.jpg,1
data/frames/frame_1764641096_06837.jpg,1
data/frames/frame_1764641096_06838.jpg,1
data/frames/frame_1764641097_06839.jpg,1
data/frames/frame_1764641097_06840.jpg,1
data/frames/frame_1764641097_06841.jpg,1
data/frames/frame_1764641097_06842.jpg,1
data/frames/frame_1764641097_06843.jpg,1
data/frames/frame_1764641098_06844.jpg,1
data/frames/frame_1764641098_06845.jpg,1
data/frames/frame_1764641098_06846.jpg,1
data/frames/frame_1764641098_06847.jpg,1
data/frames/frame_1764641098_06848.jpg,1
data/frames/frame_1764641098_06849.jpg,1
data/frames/frame_1764641099_06850.jpg,1
data/frames/frame_1764641099_06851.jpg,1
data/frames/frame_1764641099_06852.jpg,1
data/frames/frame_1764641099_06853.jpg,1
data/frames/frame_1764641099_06854.jpg,1
data/frames/frame_1764641100_06855.jpg,1
data/frames/frame_1764641100_06856.jpg,1
data/frames/frame_1764641100_06857.jpg,1
data/frames/frame_1764641100_06858.jpg,1
data/frames/frame_1764641100_06859.jpg,1
data/frames/frame_1764641101_06860.jpg,1
data/frames/frame_1764641101_06861.jpg,1
data/frames/frame_1764641101_06862.jpg,1
data/frames/frame_1764641101_06863.jpg,1
data/frames/frame_1764641101_06864.jpg,1
data/frames/frame_1764641102_06865.jpg,1
data/frames/frame_1764641102_06866.jpg,1
data/frames/frame_1764641102_06867.jpg,1
data/frames/frame_1764641102_06868.jpg,1
data/frames/frame_1764641102_06869.jpg,1
data/frames/frame_1764641103_06870.jpg,1
data/frames/frame_1764641103_06871.jpg,1
data/frames/frame_1764641103_06872.jpg,1
data/frames/frame_1764641103_06873.jpg,0
data/frames/frame_1764641103_06874.jpg,0
data/frames/frame_1764641104_06875.jpg,0
data/frames/frame_1764641104_06876.jpg,0
data/frames/frame_1764641104_06877.jpg,0
data/frames/frame_1764641104_06878.jpg,0
data/frames/frame_1764641104_06879.jpg,0
data/frames/frame_1764641105_06880.jpg,0
data/frames/frame_1764641105_06881.jpg,0
data/frames/frame_1764641105_06882.jpg,0
data/frames/frame_1764641105_06883.jpg,0
data/frames/frame_1764641105_06884.jpg,0
data/frames/frame_1764641106_06885.jpg,0
data/frames/frame_1764641106_06886.jpg,0
data/frames/frame_1764641106_06887.jpg,0
data/frames/frame_1764641106_06888.jpg,0
data/frames/frame_1764641106_06889.jpg,0
data/frames/frame_1764641107_06890.jpg,0
data/frames/frame_1764641107_06891.jpg,0
data/frames/frame_1764641107_06892.jpg,0
data/frames/frame_1764641107_06893.jpg,0
data/frames/frame_1764641107_06894.jpg,0
data/frames/frame_1764641108_06895.jpg,0
data/frames/frame_1764641108_06896.jpg,0
data/frames/frame_1764641108_06897.jpg,0
data/frames/frame_1764641108_06898.jpg,0
data/frames/frame_1764641108_06899.jpg,0
data/frames/frame_1764641109_06900.jpg,0
data/frames/frame_1764641109_06901.jpg,0
data/frames/frame_1764639772_00166_aug_00000.jpg,1
data/frames/frame_1764639772_00167_aug_00001.jpg,1
data/frames/frame_1764639773_00168_aug_00002.jpg,1
data/frames/frame_1764639773_00169_aug_00003.jpg,1
data/frames/frame_1764639773_00170_aug_00004.jpg,1
data/frames/frame_1764639773_00171_aug_00005.jpg,1
data/frames/frame_1764639773_00172_aug_00006.jpg,1
data/frames/frame_1764639774_00173_aug_00007.jpg,1
data/frames/frame_1764639774_00174_aug_00008.jpg,1
data/frames/frame_1764639784_00227_aug_00009.jpg,1
data/frames/frame_1764639784_00228_aug_00010.jpg,1
data/frames/frame_1764639785_00229_aug_00011.jpg,1
data/frames/frame_1764639785_00230_aug_00012.jpg,1
data/frames/frame_1764639785_00231_aug_00013.jpg,1
data/frames/frame_1764639785_00232_aug_00014.jpg,1
data/frames/frame_1764639785_00233_aug_00015.jpg,1
data/frames/frame_1764639786_00234_aug_00016.jpg,1
data/frames/frame_1764639786_00235_aug_00017.jpg,1
data/frames/frame_1764639786_00236_aug_00018.jpg,1
data/frames/frame_1764639786_00237_aug_00019.jpg,1
data/frames/frame_1764639786_00238_aug_00020.jpg,1
data/frames/frame_1764639787_00239_aug_00021.jpg,1
data/frames/frame_1764639787_00240_aug_00022.jpg,1
data/frames/frame_1764639787_00241_aug_00023.jpg,1
data/frames/frame_1764639787_00242_aug_00024.jpg,1
data/frames/frame_1764639820_00408_aug_00025.jpg,1
data/frames/frame_1764639820_00409_aug_00026.jpg,1
data/frames/frame_1764639821_00410_aug_00027.jpg,1
data/frames/frame_1764639821_00411_aug_00028.jpg,1
data/frames/frame_1764639821_00412_aug_00029.jpg,1
data/frames/frame_1764639821_00413_aug_00030.jpg,1
data/frames/frame_1764639821_00414_aug_00031.jpg,1
data/frames/frame_1764639822_00415_aug_00032.jpg,1
data/frames/frame_1764639822_00416_aug_00033.jpg,1
data/frames/frame_1764639822_00417_aug_00034.jpg,1
data/frames/frame_1764639822_00418_aug_00035.jpg,1
data/frames/frame_1764639822_00419_aug_00036.jpg,1
data/frames/frame_1764639823_00420_aug_00037.jpg,1
data/frames/frame_1764639823_00421_aug_00038.jpg,1
data/frames/frame_1764639823_00422_aug_00039.jpg,1
data/frames/frame_1764639823_00423_aug_00040.jpg,1
data/frames/frame_1764639823_00424_aug_00041.jpg,1
data/frames/frame_1764639825_00432_aug_00042.jpg,1
data/frames/frame_1764639825_00433_aug_00043.jpg,1
data/frames/frame_1764639825_00434_aug_00044.jpg,1
data/frames/frame_1764639826_00435_aug_00045.jpg,1
data/frames/frame_1764639826_00436_aug_00046.jpg,1
data/frames/frame_1764639826_00437_aug_00047.jpg,1
data/frames/frame_1764639826_00438_aug_00048.jpg,1
data/frames/frame_1764639826_00439_aug_00049.jpg,1
data/frames/frame_1764639826_00440_aug_00050.jpg,1
data/frames/frame_1764639827_00441_aug_00051.jpg,1
data/frames/frame_1764639829_00452_aug_00052.jpg,1
data/frames/frame_1764639829_00453_aug_00053.jpg,1
data/frames/frame_1764639829_00454_aug_00054.jpg,1
data/frames/frame_1764639829_00455_aug_00055.jpg,1
data/frames/frame_1764639830_00456_aug_00056.jpg,1
data/frames/frame_1764639865_00635_aug_00057.jpg,1
data/frames/frame_1764639865_00636_aug_00058.jpg,1
data/frames/frame_1764639866_00637_aug_00059.jpg,1
data/frames/frame_1764639866_00638_aug_00060.jpg,1
data/frames/frame_1764639866_00639_aug_00061.jpg,1
data/frames/frame_1764639866_00640_aug_00062.jpg,1
data/frames/frame_1764639866_00641_aug_00063.jpg,1
data/frames/frame_1764639867_00642_aug_00064.jpg,1
data/frames/frame_1764639867_00643_aug_00065.jpg,1
data/frames/frame_1764639867_00644_aug_00066.jpg,1
data/frames/frame_1764639867_00645_aug_00067.jpg,1
data/frames/frame_1764639867_00646_aug_00068.jpg,1
data/frames/frame_1764639868_00647_aug_00069.jpg,1
data/frames/frame_1764639868_00648_aug_00070.jpg,1
data/frames/frame_1764639929_00938_aug_00071.jpg,1
data/frames/frame_1764639929_00939_aug_00072.jpg,1
data/frames/frame_1764639930_00940_aug_00073.jpg,1
data/frames/frame_1764639930_00941_aug_00074.jpg,1
data/frames/frame_1764639930_00942_aug_00075.jpg,1
data/frames/frame_1764639930_00943_aug_00076.jpg,1
data/frames/frame_1764639930_00944_aug_00077.jpg,1
data/frames/frame_1764639931_00945_aug_00078.jpg,1
data/frames/frame_1764639931_00946_aug_00079.jpg,1
data/frames/frame_1764639931_00947_aug_00080.jpg,1
data/frames/frame_1764639931_00948_aug_00081.jpg,1
data/frames/frame_1764639931_00949_aug_00082.jpg,1
data/frames/frame_1764639932_00950_aug_00083.jpg,1
data/frames/frame_1764639932_00951_aug_00084.jpg,1
data/frames/frame_1764639932_00952_aug_00085.jpg,1
data/frames/frame_1764639932_00953_aug_00086.jpg,1
data/frames/frame_1764639932_00954_aug_00087.jpg,1
data/frames/frame_1764639933_00955_aug_00088.jpg,1
data/frames/frame_1764639933_00956_aug_00089.jpg,1
data/frames/frame_1764639933_00957_aug_00090.jpg,1
data/frames/frame_1764639933_00958_aug_00091.jpg,1
data/frames/frame_1764639933_00959_aug_00092.jpg,1
data/frames/frame_1764639934_00960_aug_00093.jpg,1
data/frames/frame_1764639934_00961_aug_00094.jpg,1
data/frames/frame_1764639934_00962_aug_00095.jpg,1
data/frames/frame_1764639934_00963_aug_00096.jpg,1
data/frames/frame_1764639934_00964_aug_00097.jpg,1
data/frames/frame_1764639935_00965_aug_00098.jpg,1
data/frames/frame_1764639935_00966_aug_00099.jpg,1
data/frames/frame_1764639935_00967_aug_00100.jpg,1
data/frames/frame_1764639935_00968_aug_00101.jpg,1
data/frames/frame_1764639935_00969_aug_00102.jpg,1
data/frames/frame_1764639936_00970_aug_00103.jpg,1
data/frames/frame_1764639977_01178_aug_00104.jpg,1
data/frames/frame_1764639977_01179_aug_00105.jpg,1
data/frames/frame_1764639977_01180_aug_00106.jpg,1
data/frames/frame_1764639977_01181_aug_00107.jpg,1
data/frames/frame_1764639978_01182_aug_00108.jpg,1
data/frames/frame_1764639978_01183_aug_00109.jpg,1
data/frames/frame_1764639978_01184_aug_00110.jpg,1
data/frames/frame_1764639978_01185_aug_00111.jpg,1
data/frames/frame_1764639978_01186_aug_00112.jpg,1
data/frames/frame_1764639979_01187_aug_00113.jpg,1
data/frames/frame_1764640005_01323_aug_00114.jpg,1
data/frames/frame_1764640006_01324_aug_00115.jpg,1
data/frames/frame_1764640006_01325_aug_00116.jpg,1
data/frames/frame_1764640006_01326_aug_00117.jpg,1
data/frames/frame_1764640006_01327_aug_00118.jpg,1
data/frames/frame_1764640006_01328_aug_00119.jpg,1
data/frames/frame_1764640007_01329_aug_00120.jpg,1
data/frames/frame_1764640007_01330_aug_00121.jpg,1
data/frames/frame_1764640007_01331_aug_00122.jpg,1
data/frames/frame_1764640045_01524_aug_00123.jpg,1
data/frames/frame_1764640045_01525_aug_00124.jpg,1
data/frames/frame_1764640046_01526_aug_00125.jpg,1
data/frames/frame_1764640046_01527_aug_00126.jpg,1
data/frames/frame_1764640046_01528_aug_00127.jpg,1
data/frames/frame_1764640046_01529_aug_00128.jpg,1
data/frames/frame_1764640046_01530_aug_00129.jpg,1
data/frames/frame_1764640047_01531_aug_00130.jpg,1
data/frames/frame_1764640047_01532_aug_00131.jpg,1
data/frames/frame_1764640047_01533_aug_00132.jpg,1
data/frames/frame_1764640056_01579_aug_00133.jpg,1
data/frames/frame_1764640056_01580_aug_00134.jpg,1
data/frames/frame_1764640057_01581_aug_00135.jpg,1
data/frames/frame_1764640057_01582_aug_00136.jpg,1
data/frames/frame_1764640057_01583_aug_00137.jpg,1
data/frames/frame_1764640057_01584_aug_00138.jpg,1
data/frames/frame_1764640057_01585_aug_00139.jpg,1
data/frames/frame_1764640058_01586_aug_00140.jpg,1
data/frames/frame_1764640058_01587_aug_00141.jpg,1
data/frames/frame_1764640107_01836_aug_00142.jpg,1
data/frames/frame_1764640107_01837_aug_00143.jpg,1
data/frames/frame_1764640108_01838_aug_00144.jpg,1
data/frames/frame_1764640108_01839_aug_00145.jpg,1
data/frames/frame_1764640108_01840_aug_00146.jpg,1
data/frames/frame_1764640108_01841_aug_00147.jpg,1
data/frames/frame_1764640108_01842_aug_00148.jpg,1
data/frames/frame_1764640109_01843_aug_00149.jpg,1
data/frames/frame_1764640109_01844_aug_00150.jpg,1
data/frames/frame_1764640109_01845_aug_00151.jpg,1
data/frames/frame_1764640109_01846_aug_00152.jpg,1
data/frames/frame_1764640109_01847_aug_00153.jpg,1
data/frames/frame_1764640110_01848_aug_00154.jpg,1
data/frames/frame_1764640164_02126_aug_00155.jpg,1
data/frames/frame_1764640165_02127_aug_00156.jpg,1
data/frames/frame_1764640165_02128_aug_00157.jpg,1
data/frames/frame_1764640165_02129_aug_00158.jpg,1
data/frames/frame_1764640165_02130_aug_00159.jpg,1
data/frames/frame_1764640165_02131_aug_00160.jpg,1
data/frames/frame_1764640166_02132_aug_00161.jpg,1
data/frames/frame_1764640166_02133_aug_00162.jpg,1
data/frames/frame_1764640166_02134_aug_00163.jpg,1
data/frames/frame_1764640166_02135_aug_00164.jpg,1
data/frames/frame_1764640166_02136_aug_00165.jpg,1
data/frames/frame_1764640188_02248_aug_00166.jpg,1
data/frames/frame_1764640189_02249_aug_00167.jpg,1
data/frames/frame_1764640189_02250_aug_00168.jpg,1
data/frames/frame_1764640189_02251_aug_00169.jpg,1
data/frames/frame_1764640189_02252_aug_00170.jpg,1
data/frames/frame_1764640189_02253_aug_00171.jpg,1
data/frames/frame_1764640190_02254_aug_00172.jpg,1
data/frames/frame_1764640190_02255_aug_00173.jpg,1
data/frames/frame_1764640190_02256_aug_00174.jpg,1
data/frames/frame_1764640190_02257_aug_00175.jpg,1
data/frames/frame_1764640190_02258_aug_00176.jpg,1
data/frames/frame_1764640191_02259_aug_00177.jpg,1
data/frames/frame_1764640191_02260_aug_00178.jpg,1
data/frames/frame_1764640191_02261_aug_00179.jpg,1
data/frames/frame_1764640191_02262_aug_00180.jpg,1
data/frames/frame_1764640191_02263_aug_00181.jpg,1
data/frames/frame_1764640192_02264_aug_00182.jpg,1
data/frames/frame_1764640192_02265_aug_00183.jpg,1
data/frames/frame_1764640192_02266_aug_00184.jpg,1
data/frames/frame_1764640192_02267_aug_00185.jpg,1
data/frames/frame_1764640192_02268_aug_00186.jpg,1
data/frames/frame_1764640193_02269_aug_00187.jpg,1
data/frames/frame_1764640193_02270_aug_00188.jpg,1
data/frames/frame_1764640193_02271_aug_00189.jpg,1
data/frames/frame_1764640193_02272_aug_00190.jpg,1
data/frames/frame_1764640193_02273_aug_00191.jpg,1
data/frames/frame_1764640194_02274_aug_00192.jpg,1
data/frames/frame_1764640194_02275_aug_00193.jpg,1
data/frames/frame_1764640194_02276_aug_00194.jpg,1
data/frames/frame_1764640194_02277_aug_00195.jpg,1
data/frames/frame_1764640194_02278_aug_00196.jpg,1
data/frames/frame_1764640194_02279_aug_00197.jpg,1
data/frames/frame_1764640195_02280_aug_00198.jpg,1
data/frames/frame_1764640195_02281_aug_00199.jpg,1
data/frames/frame_1764640195_02282_aug_00200.jpg,1
data/frames/frame_1764640195_02283_aug_00201.jpg,1
data/frames/frame_1764640195_02284_aug_00202.jpg,1
data/frames/frame_1764640196_02285_aug_00203.jpg,1
data/frames/frame_1764640196_02286_aug_00204.jpg,1
data/frames/frame_1764640196_02287_aug_00205.jpg,1
data/frames/frame_1764640196_02288_aug_00206.jpg,1
data/frames/frame_1764640196_02289_aug_00207.jpg,1
data/frames/frame_1764640197_02290_aug_00208.jpg,1
data/frames/frame_1764640197_02291_aug_00209.jpg,1
data/frames/frame_1764640237_02494_aug_00210.jpg,1
data/frames/frame_1764640237_02495_aug_00211.jpg,1
data/frames/frame_1764640238_02496_aug_00212.jpg,1
data/frames/frame_1764640238_02497_aug_00213.jpg,1
data/frames/frame_1764640238_02498_aug_00214.jpg,1
data/frames/frame_1764640238_02499_aug_00215.jpg,1
data/frames/frame_1764640238_02500_aug_00216.jpg,1
data/frames/frame_1764640239_02501_aug_00217.jpg,1
data/frames/frame_1764640239_02502_aug_00218.jpg,1
data/frames/frame_1764640239_02503_aug_00219.jpg,1
data/frames/frame_1764640239_02504_aug_00220.jpg,1
data/frames/frame_1764640239_02505_aug_00221.jpg,1
data/frames/frame_1764640240_02506_aug_00222.jpg,1
data/frames/frame_1764640240_02507_aug_00223.jpg,1
data/frames/frame_1764640240_02508_aug_00224.jpg,1
data/frames/frame_1764640240_02509_aug_00225.jpg,1
data/frames/frame_1764640240_02510_aug_00226.jpg,1
data/frames/frame_1764640241_02511_aug_00227.jpg,1
data/frames/frame_1764640241_02512_aug_00228.jpg,1
data/frames/frame_1764640241_02513_aug_00229.jpg,1
data/frames/frame_1764640241_02514_aug_00230.jpg,1
data/frames/frame_1764640241_02515_aug_00231.jpg,1
data/frames/frame_1764640242_02516_aug_00232.jpg,1
data/frames/frame_1764640242_02517_aug_00233.jpg,1
data/frames/frame_1764640242_02518_aug_00234.jpg,1
data/frames/frame_1764640242_02519_aug_00235.jpg,1
data/frames/frame_1764640242_02520_aug_00236.jpg,1
data/frames/frame_1764640243_02521_aug_00237.jpg,1
data/frames/frame_1764640243_02522_aug_00238.jpg,1
data/frames/frame_1764640243_02523_aug_00239.jpg,1
data/frames/frame_1764640243_02524_aug_00240.jpg,1
data/frames/frame_1764640243_02525_aug_00241.jpg,1
data/frames/frame_1764640244_02526_aug_00242.jpg,1
data/frames/frame_1764640244_02527_aug_00243.jpg,1
data/frames/frame_1764640244_02528_aug_00244.jpg,1
data/frames/frame_1764640244_02529_aug_00245.jpg,1
data/frames/frame_1764640244_02530_aug_00246.jpg,1
data/frames/frame_1764640244_02531_aug_00247.jpg,1
data/frames/frame_1764640245_02532_aug_00248.jpg,1
data/frames/frame_1764640245_02533_aug_00249.jpg,1
data/frames/frame_1764640245_02534_aug_00250.jpg,1
data/frames/frame_1764640256_02589_aug_00251.jpg,1
data/frames/frame_1764640256_02590_aug_00252.jpg,1
data/frames/frame_1764640256_02591_aug_00253.jpg,1
data/frames/frame_1764640256_02592_aug_00254.jpg,1
data/frames/frame_1764640257_02593_aug_00255.jpg,1
data/frames/frame_1764640257_02594_aug_00256.jpg,1
data/frames/frame_1764640260_02610_aug_00257.jpg,1
data/frames/frame_1764640260_02611_aug_00258.jpg,1
data/frames/frame_1764640260_02612_aug_00259.jpg,1
data/frames/frame_1764640261_02613_aug_00260.jpg,1
data/frames/frame_1764640261_02614_aug_00261.jpg,1
data/frames/frame_1764640261_02615_aug_00262.jpg,1
data/frames/frame_1764640261_02616_aug_00263.jpg,1
data/frames/frame_1764640261_02617_aug_00264.jpg,1
data/frames/frame_1764640262_02618_aug_00265.jpg,1
data/frames/frame_1764640262_02619_aug_00266.jpg,1
data/frames/frame_1764640262_02620_aug_00267.jpg,1
data/frames/frame_1764640262_02621_aug_00268.jpg,1
data/frames/frame_1764640262_02622_aug_00269.jpg,1
data/frames/frame_1764640270_02661_aug_00270.jpg,1
data/frames/frame_1764640270_02662_aug_00271.jpg,1
data/frames/frame_1764640270_02663_aug_00272.jpg,1
data/frames/frame_1764640271_02664_aug_00273.jpg,1
data/frames/frame_1764640271_02665_aug_00274.jpg,1
data/frames/frame_1764640271_02666_aug_00275.jpg,1
data/frames/frame_1764640271_02667_aug_00276.jpg,1
data/frames/frame_1764640271_02668_aug_00277.jpg,1
data/frames/frame_1764640272_02669_aug_00278.jpg,1
data/frames/frame_1764640272_02670_aug_00279.jpg,1
data/frames/frame_1764640272_02671_aug_00280.jpg,1
data/frames/frame_1764640272_02672_aug_00281.jpg,1
data/frames/frame_1764640272_02673_aug_00282.jpg,1
data/frames/frame_1764640273_02674_aug_00283.jpg,1
data/frames/frame_1764640273_02675_aug_00284.jpg,1
data/frames/frame_1764640273_02676_aug_00285.jpg,1
data/frames/frame_1764640273_02677_aug_00286.jpg,1
data/frames/frame_1764640273_02678_aug_00287.jpg,1
data/frames/frame_1764640276_02689_aug_00288.jpg,1
data/frames/frame_1764640276_02690_aug_00289.jpg,1
data/frames/frame_1764640276_02691_aug_00290.jpg,1
data/frames/frame_1764640276_02692_aug_00291.jpg,1
data/frames/frame_1764640276_02693_aug_00292.jpg,1
data/frames/frame_1764640277_02694_aug_00293.jpg,1
data/frames/frame_1764640277_02695_aug_00294.jpg,1
data/frames/frame_1764640277_02696_aug_00295.jpg,1
data/frames/frame_1764640277_02697_aug_00296.jpg,1
data/frames/frame_1764640277_02698_aug_00297.jpg,1
data/frames/frame_1764640278_02699_aug_00298.jpg,1
data/frames/frame_1764640278_02700_aug_00299.jpg,1
data/frames/frame_1764640278_02701_aug_00300.jpg,1
data/frames/frame_1764640278_02702_aug_00301.jpg,1
data/frames/frame_1764640278_02703_aug_00302.jpg,1
data/frames/frame_1764640279_02704_aug_00303.jpg,1
data/frames/frame_1764640279_02705_aug_00304.jpg,1
data/frames/frame_1764640279_02706_aug_00305.jpg,1
data/frames/frame_1764640279_02707_aug_00306.jpg,1
data/frames/frame_1764640279_02708_aug_00307.jpg,1
data/frames/frame_1764640308_02852_aug_00308.jpg,1
data/frames/frame_1764640308_02853_aug_00309.jpg,1
data/frames/frame_1764640308_02854_aug_00310.jpg,1
data/frames/frame_1764640308_02855_aug_00311.jpg,1
data/frames/frame_1764640309_02856_aug_00312.jpg,1
data/frames/frame_1764640309_02857_aug_00313.jpg,1
data/frames/frame_1764640309_02858_aug_00314.jpg,1
data/frames/frame_1764640309_02859_aug_00315.jpg,1
data/frames/frame_1764640309_02860_aug_00316.jpg,1
data/frames/frame_1764640310_02861_aug_00317.jpg,1
data/frames/frame_1764640345_03040_aug_00318.jpg,1
data/frames/frame_1764640345_03041_aug_00319.jpg,1
data/frames/frame_1764640345_03042_aug_00320.jpg,1
data/frames/frame_1764640346_03043_aug_00321.jpg,1
data/frames/frame_1764640346_03044_aug_00322.jpg,1
data/frames/frame_1764640346_03045_aug_00323.jpg,1
data/frames/frame_1764640346_03046_aug_00324.jpg,1
data/frames/frame_1764640346_03047_aug_00325.jpg,1
data/frames/frame_1764640347_03048_aug_00326.jpg,1
data/frames/frame_1764640347_03049_aug_00327.jpg,1
data/frames/frame_1764640363_03130_aug_00328.jpg,1
data/frames/frame_1764640364_03134_aug_00329.jpg,1
data/frames/frame_1764640364_03135_aug_00330.jpg,1
data/frames/frame_1764640364_03136_aug_00331.jpg,1
data/frames/frame_1764640364_03137_aug_00332.jpg,1
data/frames/frame_1764640364_03138_aug_00333.jpg,1
data/frames/frame_1764640365_03139_aug_00334.jpg,1
data/frames/frame_1764640365_03140_aug_00335.jpg,1
data/frames/frame_1764640365_03141_aug_00336.jpg,1
data/frames/frame_1764640365_03142_aug_00337.jpg,1
data/frames/frame_1764640365_03143_aug_00338.jpg,1
data/frames/frame_1764640407_03351_aug_00339.jpg,1
data/frames/frame_1764640407_03352_aug_00340.jpg,1
data/frames/frame_1764640407_03353_aug_00341.jpg,1
data/frames/frame_1764640407_03354_aug_00342.jpg,1
data/frames/frame_1764640408_03355_aug_00343.jpg,1
data/frames/frame_1764640408_03356_aug_00344.jpg,1
data/frames/frame_1764640408_03357_aug_00345.jpg,1
data/frames/frame_1764640408_03358_aug_00346.jpg,1
data/frames/frame_1764640408_03359_aug_00347.jpg,1
data/frames/frame_1764640408_03360_aug_00348.jpg,1
data/frames/frame_1764640409_03361_aug_00349.jpg,1
data/frames/frame_1764640409_03362_aug_00350.jpg,1
data/frames/frame_1764640409_03363_aug_00351.jpg,1
data/frames/frame_1764640409_03364_aug_00352.jpg,1
data/frames/frame_1764640409_03365_aug_00353.jpg,1
data/frames/frame_1764640410_03366_aug_00354.jpg,1
data/frames/frame_1764640410_03367_aug_00355.jpg,1
data/frames/frame_1764640410_03368_aug_00356.jpg,1
data/frames/frame_1764640410_03369_aug_00357.jpg,1
data/frames/frame_1764640410_03370_aug_00358.jpg,1
data/frames/frame_1764640411_03371_aug_00359.jpg,1
data/frames/frame_1764640411_03372_aug_00360.jpg,1
data/frames/frame_1764640411_03373_aug_00361.jpg,1
data/frames/frame_1764640411_03374_aug_00362.jpg,1
data/frames/frame_1764640520_03927_aug_00363.jpg,1
data/frames/frame_1764640520_03928_aug_00364.jpg,1
data/frames/frame_1764640520_03929_aug_00365.jpg,1
data/frames/frame_1764640521_03930_aug_00366.jpg,1
data/frames/frame_1764640521_03931_aug_00367.jpg,1
data/frames/frame_1764640521_03932_aug_00368.jpg,1
data/frames/frame_1764640521_03933_aug_00369.jpg,1
data/frames/frame_1764640521_03934_aug_00370.jpg,1
data/frames/frame_1764640522_03935_aug_00371.jpg,1
data/frames/frame_1764640522_03936_aug_00372.jpg,1
data/frames/frame_1764640522_03937_aug_00373.jpg,1
data/frames/frame_1764640522_03938_aug_00374.jpg,1
data/frames/frame_1764640572_04192_aug_00375.jpg,1
data/frames/frame_1764640572_04193_aug_00376.jpg,1
data/frames/frame_1764640572_04194_aug_00377.jpg,1
data/frames/frame_1764640573_04195_aug_00378.jpg,1
data/frames/frame_1764640573_04196_aug_00379.jpg,1
data/frames/frame_1764640573_04197_aug_00380.jpg,1
data/frames/frame_1764640573_04198_aug_00381.jpg,1
data/frames/frame_1764640573_04199_aug_00382.jpg,1
data/frames/frame_1764640574_04200_aug_00383.jpg,1
data/frames/frame_1764640574_04201_aug_00384.jpg,1
data/frames/frame_1764640574_04202_aug_00385.jpg,1
data/frames/frame_1764640574_04203_aug_00386.jpg,1
data/frames/frame_1764640574_04204_aug_00387.jpg,1
data/frames/frame_1764640575_04205_aug_00388.jpg,1
data/frames/frame_1764640575_04206_aug_00389.jpg,1
data/frames/frame_1764640575_04207_aug_00390.jpg,1
data/frames/frame_1764640575_04208_aug_00391.jpg,1
data/frames/frame_1764640575_04209_aug_00392.jpg,1
data/frames/frame_1764640576_04210_aug_00393.jpg,1
data/frames/frame_1764640576_04211_aug_00394.jpg,1
data/frames/frame_1764640576_04212_aug_00395.jpg,1
data/frames/frame_1764640576_04213_aug_00396.jpg,1
data/frames/frame_1764640601_04339_aug_00397.jpg,1
data/frames/frame_1764640601_04340_aug_00398.jpg,1
data/frames/frame_1764640601_04341_aug_00399.jpg,1
data/frames/frame_1764640602_04342_aug_00400.jpg,1
data/frames/frame_1764640602_04343_aug_00401.jpg,1
data/frames/frame_1764640602_04344_aug_00402.jpg,1
data/frames/frame_1764640602_04345_aug_00403.jpg,1
data/frames/frame_1764640602_04346_aug_00404.jpg,1
data/frames/frame_1764640603_04347_aug_00405.jpg,1
data/frames/frame_1764640603_04348_aug_00406.jpg,1
data/frames/frame_1764640603_04349_aug_00407.jpg,1
data/frames/frame_1764640603_04350_aug_00408.jpg,1
data/frames/frame_1764640603_04351_aug_00409.jpg,1
data/frames/frame_1764640604_04352_aug_00410.jpg,1
data/frames/frame_1764640696_04820_aug_00411.jpg,1
data/frames/frame_1764640696_04821_aug_00412.jpg,1
data/frames/frame_1764640696_04822_aug_00413.jpg,1
data/frames/frame_1764640697_04823_aug_00414.jpg,1
data/frames/frame_1764640697_04824_aug_00415.jpg,1
data/frames/frame_1764640697_04825_aug_00416.jpg,1
data/frames/frame_1764640697_04826_aug_00417.jpg,1
data/frames/frame_1764640697_04827_aug_00418.jpg,1
data/frames/frame_1764640698_04828_aug_00419.jpg,1
data/frames/frame_1764640698_04829_aug_00420.jpg,1
data/frames/frame_1764640698_04830_aug_00421.jpg,1
data/frames/frame_1764640698_04831_aug_00422.jpg,1
data/frames/frame_1764640698_04832_aug_00423.jpg,1
data/frames/frame_1764640699_04833_aug_00424.jpg,1
data/frames/frame_1764640699_04834_aug_00425.jpg,1
data/frames/frame_1764640699_04835_aug_00426.jpg,1
data/frames/frame_1764640699_04836_aug_00427.jpg,1
data/frames/frame_1764640699_04837_aug_00428.jpg,1
data/frames/frame_1764640700_04838_aug_00429.jpg,1
data/frames/frame_1764640700_04839_aug_00430.jpg,1
data/frames/frame_1764640700_04840_aug_00431.jpg,1
data/frames/frame_1764640700_04841_aug_00432.jpg,1
data/frames/frame_1764640736_05021_aug_00433.jpg,1
data/frames/frame_1764640736_05022_aug_00434.jpg,1
data/frames/frame_1764640736_05023_aug_00435.jpg,1
data/frames/frame_1764640736_05024_aug_00436.jpg,1
data/frames/frame_1764640736_05025_aug_00437.jpg,1
data/frames/frame_1764640736_05026_aug_00438.jpg,1
data/frames/frame_1764640737_05027_aug_00439.jpg,1
data/frames/frame_1764640737_05028_aug_00440.jpg,1
data/frames/frame_1764640737_05029_aug_00441.jpg,1
data/frames/frame_1764640737_05030_aug_00442.jpg,1
data/frames/frame_1764640738_05031_aug_00443.jpg,1
data/frames/frame_1764640738_05032_aug_00444.jpg,1
data/frames/frame_1764640738_05033_aug_00445.jpg,1
data/frames/frame_1764640738_05034_aug_00446.jpg,1
data/frames/frame_1764640748_05085_aug_00447.jpg,1
data/frames/frame_1764640748_05086_aug_00448.jpg,1
data/frames/frame_1764640749_05087_aug_00449.jpg,1
data/frames/frame_1764640749_05088_aug_00450.jpg,1
data/frames/frame_1764640749_05089_aug_00451.jpg,1
data/frames/frame_1764640749_05090_aug_00452.jpg,1
data/frames/frame_1764640749_05091_aug_00453.jpg,1
data/frames/frame_1764640750_05092_aug_00454.jpg,1
data/frames/frame_1764640750_05093_aug_00455.jpg,1
data/frames/frame_1764640750_05094_aug_00456.jpg,1
data/frames/frame_1764640750_05095_aug_00457.jpg,1
data/frames/frame_1764640750_05096_aug_00458.jpg,1
data/frames/frame_1764640778_05234_aug_00459.jpg,1
data/frames/frame_1764640778_05237_aug_00460.jpg,1
data/frames/frame_1764640779_05238_aug_00461.jpg,1
data/frames/frame_1764640779_05239_aug_00462.jpg,1
data/frames/frame_1764640779_05240_aug_00463.jpg,1
data/frames/frame_1764640779_05241_aug_00464.jpg,1
data/frames/frame_1764640779_05242_aug_00465.jpg,1
data/frames/frame_1764640780_05243_aug_00466.jpg,1
data/frames/frame_1764640780_05244_aug_00467.jpg,1
data/frames/frame_1764640780_05245_aug_00468.jpg,1
data/frames/frame_1764640780_05246_aug_00469.jpg,1
data/frames/frame_1764640872_05710_aug_00470.jpg,1
data/frames/frame_1764640872_05711_aug_00471.jpg,1
data/frames/frame_1764640873_05712_aug_00472.jpg,1
data/frames/frame_1764640873_05713_aug_00473.jpg,1
data/frames/frame_1764640873_05714_aug_00474.jpg,1
data/frames/frame_1764640873_05715_aug_00475.jpg,1
data/frames/frame_1764640873_05716_aug_00476.jpg,1
data/frames/frame_1764640874_05717_aug_00477.jpg,1
data/frames/frame_1764640874_05718_aug_00478.jpg,1
data/frames/frame_1764640874_05719_aug_00479.jpg,1
data/frames/frame_1764640874_05720_aug_00480.jpg,1
data/frames/frame_1764640874_05721_aug_00481.jpg,1
data/frames/frame_1764640875_05722_aug_00482.jpg,1
data/frames/frame_1764640875_05723_aug_00483.jpg,1
data/frames/frame_1764640875_05724_aug_00484.jpg,1
data/frames/frame_1764640875_05725_aug_00485.jpg,1
data/frames/frame_1764640875_05726_aug_00486.jpg,1
data/frames/frame_1764640876_05727_aug_00487.jpg,1
data/frames/frame_1764640876_05728_aug_00488.jpg,1
data/frames/frame_1764640876_05729_aug_00489.jpg,1
data/frames/frame_1764640876_05730_aug_00490.jpg,1
data/frames/frame_1764640876_05731_aug_00491.jpg,1
data/frames/frame_1764640877_05732_aug_00492.jpg,1
data/frames/frame_1764640877_05733_aug_00493.jpg,1
data/frames/frame_1764640877_05734_aug_00494.jpg,1
data/frames/frame_1764640877_05735_aug_00495.jpg,1
data/frames/frame_1764640877_05736_aug_00496.jpg,1
data/frames/frame_1764640878_05737_aug_00497.jpg,1
data/frames/frame_1764640891_05806_aug_00498.jpg,1
data/frames/frame_1764640891_05807_aug_00499.jpg,1
data/frames/frame_1764640892_05808_aug_00500.jpg,1
data/frames/frame_1764640892_05809_aug_00501.jpg,1
data/frames/frame_1764640892_05810_aug_00502.jpg,1
data/frames/frame_1764640892_05811_aug_00503.jpg,1
data/frames/frame_1764640892_05812_aug_00504.jpg,1
data/frames/frame_1764640893_05813_aug_00505.jpg,1
data/frames/frame_1764640939_06045_aug_00506.jpg,1
data/frames/frame_1764640939_06046_aug_00507.jpg,1
data/frames/frame_1764640939_06047_aug_00508.jpg,1
data/frames/frame_1764640939_06048_aug_00509.jpg,1
data/frames/frame_1764640939_06049_aug_00510.jpg,1
data/frames/frame_1764640940_06050_aug_00511.jpg,1
data/frames/frame_1764640940_06051_aug_00512.jpg,1
data/frames/frame_1764640940_06052_aug_00513.jpg,1
data/frames/frame_1764640940_06053_aug_00514.jpg,1
data/frames/frame_1764640940_06054_aug_00515.jpg,1
data/frames/frame_1764640941_06055_aug_00516.jpg,1
data/frames/frame_1764640941_06056_aug_00517.jpg,1
data/frames/frame_1764640941_06057_aug_00518.jpg,1
data/frames/frame_1764640941_06058_aug_00519.jpg,1
data/frames/frame_1764640941_06059_aug_00520.jpg,1
data/frames/frame_1764640942_06060_aug_00521.jpg,1
data/frames/frame_1764640961_06156_aug_00522.jpg,1
data/frames/frame_1764640961_06157_aug_00523.jpg,1
data/frames/frame_1764640961_06158_aug_00524.jpg,1
data/frames/frame_1764640961_06159_aug_00525.jpg,1
data/frames/frame_1764640962_06160_aug_00526.jpg,1
data/frames/frame_1764640962_06161_aug_00527.jpg,1
data/frames/frame_1764640962_06162_aug_00528.jpg,1
data/frames/frame_1764640962_06163_aug_00529.jpg,1
data/frames/frame_1764640962_06164_aug_00530.jpg,1
data/frames/frame_1764640963_06165_aug_00531.jpg,1
data/frames/frame_1764640963_06166_aug_00532.jpg,1
data/frames/frame_1764640963_06167_aug_00533.jpg,1
data/frames/frame_1764641039_06551_aug_00534.jpg,1
data/frames/frame_1764641040_06552_aug_00535.jpg,1
data/frames/frame_1764641040_06553_aug_00536.jpg,1
data/frames/frame_1764641040_06554_aug_00537.jpg,1
data/frames/frame_1764641040_06555_aug_00538.jpg,1
data/frames/frame_1764641041_06556_aug_00539.jpg,1
data/frames/frame_1764641041_06557_aug_00540.jpg,1
data/frames/frame_1764641041_06558_aug_00541.jpg,1
data/frames/frame_1764641041_06559_aug_00542.jpg,1
data/frames/frame_1764641041_06560_aug_00543.jpg,1
data/frames/frame_1764641042_06561_aug_00544.jpg,1
data/frames/frame_1764641042_06562_aug_00545.jpg,1
data/frames/frame_1764641042_06563_aug_00546.jpg,1
data/frames/frame_1764641042_06564_aug_00547.jpg,1
data/frames/frame_1764641042_06565_aug_00548.jpg,1
data/frames/frame_1764641050_06604_aug_00549.jpg,1
data/frames/frame_1764641050_06605_aug_00550.jpg,1
data/frames/frame_1764641051_06606_aug_00551.jpg,1
data/frames/frame_1764641051_06607_aug_00552.jpg,1
data/frames/frame_1764641051_06608_aug_00553.jpg,1
data/frames/frame_1764641051_06609_aug_00554.jpg,1
data/frames/frame_1764641051_06610_aug_00555.jpg,1
data/frames/frame_1764641052_06611_aug_00556.jpg,1
data/frames/frame_1764641052_06612_aug_00557.jpg,1
data/frames/frame_1764641052_06613_aug_00558.jpg,1
data/frames/frame_1764641052_06614_aug_00559.jpg,1
data/frames/frame_1764641052_06615_aug_00560.jpg,1
data/frames/frame_1764641057_06637_aug_00561.jpg,1
data/frames/frame_1764641057_06638_aug_00562.jpg,1
data/frames/frame_1764641057_06639_aug_00563.jpg,1
data/frames/frame_1764641057_06640_aug_00564.jpg,1
data/frames/frame_1764641057_06641_aug_00565.jpg,1
data/frames/frame_1764641058_06642_aug_00566.jpg,1
data/frames/frame_1764641058_06643_aug_00567.jpg,1
data/frames/frame_1764641058_06644_aug_00568.jpg,1
data/frames/frame_1764641058_06645_aug_00569.jpg,1
data/frames/frame_1764641058_06646_aug_00570.jpg,1
data/frames/frame_1764641059_06647_aug_00571.jpg,1
data/frames/frame_1764641059_06648_aug_00572.jpg,1
data/frames/frame_1764641059_06649_aug_00573.jpg,1
data/frames/frame_1764641059_06650_aug_00574.jpg,1
data/frames/frame_1764641059_06651_aug_00575.jpg,1
data/frames/frame_1764641060_06652_aug_00576.jpg,1
data/frames/frame_1764641060_06653_aug_00577.jpg,1
data/frames/frame_1764641060_06654_aug_00578.jpg,1
data/frames/frame_1764641084_06777_aug_00579.jpg,1
data/frames/frame_1764641085_06778_aug_00580.jpg,1
data/frames/frame_1764641085_06779_aug_00581.jpg,1
data/frames/frame_1764641085_06780_aug_00582.jpg,1
data/frames/frame_1764641085_06781_aug_00583.jpg,1
data/frames/frame_1764641085_06782_aug_00584.jpg,1
data/frames/frame_1764641086_06783_aug_00585.jpg,1
data/frames/frame_1764641086_06784_aug_00586.jpg,1
data/frames/frame_1764641086_06785_aug_00587.jpg,1
data/frames/frame_1764641086_06786_aug_00588.jpg,1
data/frames/frame_1764641086_06787_aug_00589.jpg,1
data/frames/frame_1764641087_06788_aug_00590.jpg,1
data/frames/frame_1764641087_06789_aug_00591.jpg,1
data/frames/frame_1764641087_06790_aug_00592.jpg,1
data/frames/frame_1764641087_06791_aug_00593.jpg,1
data/frames/frame_1764641087_06792_aug_00594.jpg,1
data/frames/frame_1764641088_06793_aug_00595.jpg,1
data/frames/frame_1764641088_06794_aug_00596.jpg,1
data/frames/frame_1764641088_06795_aug_00597.jpg,1
data/frames/frame_1764641088_06796_aug_00598.jpg,1
data/frames/frame_1764641088_06797_aug_00599.jpg,1
data/frames/frame_1764641089_06798_aug_00600.jpg,1
data/frames/frame_1764641089_06799_aug_00601.jpg,1
data/frames/frame_1764641089_06800_aug_00602.jpg,1
data/frames/frame_1764641089_06801_aug_00603.jpg,1
data/frames/frame_1764641089_06802_aug_00604.jpg,1
data/frames/frame_1764641090_06803_aug_00605.jpg,1
data/frames/frame_1764641090_06804_aug_00606.jpg,1
data/frames/frame_1764641090_06805_aug_00607.jpg,1
data/frames/frame_1764641090_06806_aug_00608.jpg,1
data/frames/frame_1764641090_06807_aug_00609.jpg,1
data/frames/frame_1764641091_06808_aug_00610.jpg,1
data/frames/frame_1764641091_06809_aug_00611.jpg,1
data/frames/frame_1764641091_06810_aug_00612.jpg,1
data/frames/frame_1764641091_06811_aug_00613.jpg,1
data/frames/frame_1764641091_06812_aug_00614.jpg,1
data/frames/frame_1764641091_06813_aug_00615.jpg,1
data/frames/frame_1764641092_06814_aug_00616.jpg,1
data/frames/frame_1764641092_06815_aug_00617.jpg,1
data/frames/frame_1764641092_06816_aug_00618.jpg,1
data/frames/frame_1764641092_06817_aug_00619.jpg,1
data/frames/frame_1764641092_06818_aug_00620.jpg,1
data/frames/frame_1764641093_06819_aug_00621.jpg,1
data/frames/frame_1764641093_06820_aug_00622.jpg,1
data/frames/frame_1764641093_06821_aug_00623.jpg,1
data/frames/frame_1764641093_06822_aug_00624.jpg,1
data/frames/frame_1764641093_06823_aug_00625.jpg,1
data/frames/frame_1764641094_06824_aug_00626.jpg,1
data/frames/frame_1764641094_06825_aug_00627.jpg,1
data/frames/frame_1764641094_06826_aug_00628.jpg,1
data/frames/frame_1764641094_06827_aug_00629.jpg,1
data/frames/frame_1764641094_06828_aug_00630.jpg,1
data/frames/frame_1764641095_06829_aug_00631.jpg,1
data/frames/frame_1764641095_06830_aug_00632.jpg,1
data/frames/frame_1764641095_06831_aug_00633.jpg,1
data/frames/frame_1764641095_06832_aug_00634.jpg,1
data/frames/frame_1764641095_06833_aug_00635.jpg,1
data/frames/frame_1764641096_06834_aug_00636.jpg,1
data/frames/frame_1764641096_06835_aug_00637.jpg,1
data/frames/frame_1764641096_06836_aug_00638.jpg,1
data/frames/frame_1764641096_06837_aug_00639.jpg,1
data/frames/frame_1764641096_06838_aug_00640.jpg,1
data/frames/frame_1764641097_06839_aug_00641.jpg,1
data/frames/frame_1764641097_06840_aug_00642.jpg,1
data/frames/frame_1764641097_06841_aug_00643.jpg,1
data/frames/frame_1764641097_06842_aug_00644.jpg,1
data/frames/frame_1764641097_06843_aug_00645.jpg,1
data/frames/frame_1764641098_06844_aug_00646.jpg,1
data/frames/frame_1764641098_06845_aug_00647.jpg,1
data/frames/frame_1764641098_06846_aug_00648.jpg,1
data/frames/frame_1764641098_06847_aug_00649.jpg,1
data/frames/frame_1764641098_06848_aug_00650.jpg,1
data/frames/frame_1764641098_06849_aug_00651.jpg,1
data/frames/frame_1764641099_06850_aug_00652.jpg,1
data/frames/frame_1764641099_06851_aug_00653.jpg,1
data/frames/frame_1764641099_06852_aug_00654.jpg,1
data/frames/frame_1764641099_06853_aug_00655.jpg,1
data/frames/frame_1764641099_06854_aug_00656.jpg,1
data/frames/frame_1764641100_06855_aug_00657.jpg,1
data/frames/frame_1764641100_06856_aug_00658.jpg,1
data/frames/frame_1764641100_06857_aug_00659.jpg,1
data/frames/frame_1764641100_06858_aug_00660.jpg,1
data/frames/frame_1764641100_06859_aug_00661.jpg,1
data/frames/frame_1764641101_06860_aug_00662.jpg,1
data/frames/frame_1764641101_06861_aug_00663.jpg,1
data/frames/frame_1764641101_06862_aug_00664.jpg,1
data/frames/frame_1764641101_06863_aug_00665.jpg,1
data/frames/frame_1764641101_06864_aug_00666.jpg,1
data/frames/frame_1764641102_06865_aug_00667.jpg,1
data/frames/frame_1764641102_06866_aug_00668.jpg,1
data/frames/frame_1764641102_06867_aug_00669.jpg,1
data/frames/frame_1764641102_06868_aug_00670.jpg,1
data/frames/frame_1764641102_06869_aug_00671.jpg,1
data/frames/frame_1764641103_06870_aug_00672.jpg,1
data/frames/frame_1764641103_06871_aug_00673.jpg,1
data/frames/frame_1764641103_06872_aug_00674.jpg,1
data/frames/frame_1764639772_00166_aug_00000.jpg,1
data/frames/frame_1764639772_00167_aug_00001.jpg,1
data/frames/frame_1764639773_00168_aug_00002.jpg,1
data/frames/frame_1764639773_00169_aug_00003.jpg,1
data/frames/frame_1764639773_00170_aug_00004.jpg,1
data/frames/frame_1764639773_00171_aug_00005.jpg,1
data/frames/frame_1764639773_00172_aug_00006.jpg,1
data/frames/frame_1764639774_00173_aug_00007.jpg,1
data/frames/frame_1764639774_00174_aug_00008.jpg,1
data/frames/frame_1764639784_00227_aug_00009.jpg,1
data/frames/frame_1764639784_00228_aug_00010.jpg,1
data/frames/frame_1764639785_00229_aug_00011.jpg,1
data/frames/frame_1764639785_00230_aug_00012.jpg,1
data/frames/frame_1764639785_00231_aug_00013.jpg,1
data/frames/frame_1764639785_00232_aug_00014.jpg,1
data/frames/frame_1764639785_00233_aug_00015.jpg,1
data/frames/frame_1764639786_00234_aug_00016.jpg,1
data/frames/frame_1764639786_00235_aug_00017.jpg,1
data/frames/frame_1764639786_00236_aug_00018.jpg,1
data/frames/frame_1764639786_00237_aug_00019.jpg,1
data/frames/frame_1764639786_00238_aug_00020.jpg,1
data/frames/frame_1764639787_00239_aug_00021.jpg,1
data/frames/frame_1764639787_00240_aug_00022.jpg,1
data/frames/frame_1764639787_00241_aug_00023.jpg,1
data/frames/frame_1764639787_00242_aug_00024.jpg,1
data/frames/frame_1764639820_00408_aug_00025.jpg,1
data/frames/frame_1764639820_00409_aug_00026.jpg,1
data/frames/frame_1764639821_00410_aug_00027.jpg,1
data/frames/frame_1764639821_00411_aug_00028.jpg,1
data/frames/frame_1764639821_00412_aug_00029.jpg,1
data/frames/frame_1764639821_00413_aug_00030.jpg,1
data/frames/frame_1764639821_00414_aug_00031.jpg,1
data/frames/frame_1764639822_00415_aug_00032.jpg,1
data/frames/frame_1764639822_00416_aug_00033.jpg,1
data/frames/frame_1764639822_00417_aug_00034.jpg,1
data/frames/frame_1764639822_00418_aug_00035.jpg,1
data/frames/frame_1764639822_00419_aug_00036.jpg,1
data/frames/frame_1764639823_00420_aug_00037.jpg,1
data/frames/frame_1764639823_00421_aug_00038.jpg,1
data/frames/frame_1764639823_00422_aug_00039.jpg,1
data/frames/frame_1764639823_00423_aug_00040.jpg,1
data/frames/frame_1764639823_00424_aug_00041.jpg,1
data/frames/frame_1764639825_00432_aug_00042.jpg,1
data/frames/frame_1764639825_00433_aug_00043.jpg,1
data/frames/frame_1764639825_00434_aug_00044.jpg,1
data/frames/frame_1764639826_00435_aug_00045.jpg,1
data/frames/frame_1764639826_00436_aug_00046.jpg,1
data/frames/frame_1764639826_00437_aug_00047.jpg,1
data/frames/frame_1764639826_00438_aug_00048.jpg,1
data/frames/frame_1764639826_00439_aug_00049.jpg,1
data/frames/frame_1764639826_00440_aug_00050.jpg,1
data/frames/frame_1764639827_00441_aug_00051.jpg,1
data/frames/frame_1764639829_00452_aug_00052.jpg,1
data/frames/frame_1764639829_00453_aug_00053.jpg,1
data/frames/frame_1764639829_00454_aug_00054.jpg,1
data/frames/frame_1764639829_00455_aug_00055.jpg,1
data/frames/frame_1764639830_00456_aug_00056.jpg,1
data/frames/frame_1764639865_00635_aug_00057.jpg,1
data/frames/frame_1764639865_00636_aug_00058.jpg,1
data/frames/frame_1764639866_00637_aug_00059.jpg,1
data/frames/frame_1764639866_00638_aug_00060.jpg,1
data/frames/frame_1764639866_00639_aug_00061.jpg,1
data/frames/frame_1764639866_00640_aug_00062.jpg,1
data/frames/frame_1764639866_00641_aug_00063.jpg,1
data/frames/frame_1764639867_00642_aug_00064.jpg,1
data/frames/frame_1764639867_00643_aug_00065.jpg,1
data/frames/frame_1764639867_00644_aug_00066.jpg,1
data/frames/frame_1764639867_00645_aug_00067.jpg,1
data/frames/frame_1764639867_00646_aug_00068.jpg,1
data/frames/frame_1764639868_00647_aug_00069.jpg,1
data/frames/frame_1764639868_00648_aug_00070.jpg,1
data/frames/frame_1764639929_00938_aug_00071.jpg,1
data/frames/frame_1764639929_00939_aug_00072.jpg,1
data/frames/frame_1764639930_00940_aug_00073.jpg,1
data/frames/frame_1764639930_00941_aug_00074.jpg,1
data/frames/frame_1764639930_00942_aug_00075.jpg,1
data/frames/frame_1764639930_00943_aug_00076.jpg,1
data/frames/frame_1764639930_00944_aug_00077.jpg,1
data/frames/frame_1764639931_00945_aug_00078.jpg,1
data/frames/frame_1764639931_00946_aug_00079.jpg,1
data/frames/frame_1764639931_00947_aug_00080.jpg,1
data/frames/frame_1764639931_00948_aug_00081.jpg,1
data/frames/frame_1764639931_00949_aug_00082.jpg,1
data/frames/frame_1764639932_00950_aug_00083.jpg,1
data/frames/frame_1764639932_00951_aug_00084.jpg,1
data/frames/frame_1764639932_00952_aug_00085.jpg,1
data/frames/frame_1764639932_00953_aug_00086.jpg,1
data/frames/frame_1764639932_00954_aug_00087.jpg,1
data/frames/frame_1764639933_00955_aug_00088.jpg,1
data/frames/frame_1764639933_00956_aug_00089.jpg,1
data/frames/frame_1764639933_00957_aug_00090.jpg,1
data/frames/frame_1764639933_00958_aug_00091.jpg,1
data/frames/frame_1764639933_00959_aug_00092.jpg,1
data/frames/frame_1764639934_00960_aug_00093.jpg,1
data/frames/frame_1764639934_00961_aug_00094.jpg,1
data/frames/frame_1764639934_00962_aug_00095.jpg,1
data/frames/frame_1764639934_00963_aug_00096.jpg,1
data/frames/frame_1764639934_00964_aug_00097.jpg,1
data/frames/frame_1764639935_00965_aug_00098.jpg,1
data/frames/frame_1764639935_00966_aug_00099.jpg,1
data/frames/frame_1764639935_00967_aug_00100.jpg,1
data/frames/frame_1764639935_00968_aug_00101.jpg,1
data/frames/frame_1764639935_00969_aug_00102.jpg,1
data/frames/frame_1764639936_00970_aug_00103.jpg,1
data/frames/frame_1764639977_01178_aug_00104.jpg,1
data/frames/frame_1764639977_01179_aug_00105.jpg,1
data/frames/frame_1764639977_01180_aug_00106.jpg,1
data/frames/frame_1764639977_01181_aug_00107.jpg,1
data/frames/frame_1764639978_01182_aug_00108.jpg,1
data/frames/frame_1764639978_01183_aug_00109.jpg,1
data/frames/frame_1764639978_01184_aug_00110.jpg,1
data/frames/frame_1764639978_01185_aug_00111.jpg,1
data/frames/frame_1764639978_01186_aug_00112.jpg,1
data/frames/frame_1764639979_01187_aug_00113.jpg,1
data/frames/frame_1764640005_01323_aug_00114.jpg,1
data/frames/frame_1764640006_01324_aug_00115.jpg,1
data/frames/frame_1764640006_01325_aug_00116.jpg,1
data/frames/frame_1764640006_01326_aug_00117.jpg,1
data/frames/frame_1764640006_01327_aug_00118.jpg,1
data/frames/frame_1764640006_01328_aug_00119.jpg,1
data/frames/frame_1764640007_01329_aug_00120.jpg,1
data/frames/frame_1764640007_01330_aug_00121.jpg,1
data/frames/frame_1764640007_01331_aug_00122.jpg,1
data/frames/frame_1764640045_01524_aug_00123.jpg,1
data/frames/frame_1764640045_01525_aug_00124.jpg,1
data/frames/frame_1764640046_01526_aug_00125.jpg,1
data/frames/frame_1764640046_01527_aug_00126.jpg,1
data/frames/frame_1764640046_01528_aug_00127.jpg,1
data/frames/frame_1764640046_01529_aug_00128.jpg,1
data/frames/frame_1764640046_01530_aug_00129.jpg,1
data/frames/frame_1764640047_01531_aug_00130.jpg,1
data/frames/frame_1764640047_01532_aug_00131.jpg,1
data/frames/frame_1764640047_01533_aug_00132.jpg,1
data/frames/frame_1764640056_01579_aug_00133.jpg,1
data/frames/frame_1764640056_01580_aug_00134.jpg,1
data/frames/frame_1764640057_01581_aug_00135.jpg,1
data/frames/frame_1764640057_01582_aug_00136.jpg,1
data/frames/frame_1764640057_01583_aug_00137.jpg,1
data/frames/frame_1764640057_01584_aug_00138.jpg,1
data/frames/frame_1764640057_01585_aug_00139.jpg,1
data/frames/frame_1764640058_01586_aug_00140.jpg,1
data/frames/frame_1764640058_01587_aug_00141.jpg,1
data/frames/frame_1764640107_01836_aug_00142.jpg,1
data/frames/frame_1764640107_01837_aug_00143.jpg,1
data/frames/frame_1764640108_01838_aug_00144.jpg,1
data/frames/frame_1764640108_01839_aug_00145.jpg,1
data/frames/frame_1764640108_01840_aug_00146.jpg,1
data/frames/frame_1764640108_01841_aug_00147.jpg,1
data/frames/frame_1764640108_01842_aug_00148.jpg,1
data/frames/frame_1764640109_01843_aug_00149.jpg,1
data/frames/frame_1764640109_01844_aug_00150.jpg,1
data/frames/frame_1764640109_01845_aug_00151.jpg,1
data/frames/frame_1764640109_01846_aug_00152.jpg,1
data/frames/frame_1764640109_01847_aug_00153.jpg,1
data/frames/frame_1764640110_01848_aug_00154.jpg,1
data/frames/frame_1764640164_02126_aug_00155.jpg,1
data/frames/frame_1764640165_02127_aug_00156.jpg,1
data/frames/frame_1764640165_02128_aug_00157.jpg,1
data/frames/frame_1764640165_02129_aug_00158.jpg,1
data/frames/frame_1764640165_02130_aug_00159.jpg,1
data/frames/frame_1764640165_02131_aug_00160.jpg,1
data/frames/frame_1764640166_02132_aug_00161.jpg,1
data/frames/frame_1764640166_02133_aug_00162.jpg,1
data/frames/frame_1764640166_02134_aug_00163.jpg,1
data/frames/frame_1764640166_02135_aug_00164.jpg,1
data/frames/frame_1764640166_02136_aug_00165.jpg,1
data/frames/frame_1764640188_02248_aug_00166.jpg,1
data/frames/frame_1764640189_02249_aug_00167.jpg,1
data/frames/frame_1764640189_02250_aug_00168.jpg,1
data/frames/frame_1764640189_02251_aug_00169.jpg,1
data/frames/frame_1764640189_02252_aug_00170.jpg,1
data/frames/frame_1764640189_02253_aug_00171.jpg,1
data/frames/frame_1764640190_02254_aug_00172.jpg,1
data/frames/frame_1764640190_02255_aug_00173.jpg,1
data/frames/frame_1764640190_02256_aug_00174.jpg,1
data/frames/frame_1764640190_02257_aug_00175.jpg,1
data/frames/frame_1764640190_02258_aug_00176.jpg,1
data/frames/frame_1764640191_02259_aug_00177.jpg,1
data/frames/frame_1764640191_02260_aug_00178.jpg,1
data/frames/frame_1764640191_02261_aug_00179.jpg,1
data/frames/frame_1764640191_02262_aug_00180.jpg,1
data/frames/frame_1764640191_02263_aug_00181.jpg,1
data/frames/frame_1764640192_02264_aug_00182.jpg,1
data/frames/frame_1764640192_02265_aug_00183.jpg,1
data/frames/frame_1764640192_02266_aug_00184.jpg,1
data/frames/frame_1764640192_02267_aug_00185.jpg,1
data/frames/frame_1764640192_02268_aug_00186.jpg,1
data/frames/frame_1764640193_02269_aug_00187.jpg,1
data/frames/frame_1764640193_02270_aug_00188.jpg,1
data/frames/frame_1764640193_02271_aug_00189.jpg,1
data/frames/frame_1764640193_02272_aug_00190.jpg,1
data/frames/frame_1764640193_02273_aug_00191.jpg,1
data/frames/frame_1764640194_02274_aug_00192.jpg,1
data/frames/frame_1764640194_02275_aug_00193.jpg,1
data/frames/frame_1764640194_02276_aug_00194.jpg,1
data/frames/frame_1764640194_02277_aug_00195.jpg,1
data/frames/frame_1764640194_02278_aug_00196.jpg,1
data/frames/frame_1764640194_02279_aug_00197.jpg,1
data/frames/frame_1764640195_02280_aug_00198.jpg,1
data/frames/frame_1764640195_02281_aug_00199.jpg,1
data/frames/frame_1764640195_02282_aug_00200.jpg,1
data/frames/frame_1764640195_02283_aug_00201.jpg,1
data/frames/frame_1764640195_02284_aug_00202.jpg,1
data/frames/frame_1764640196_02285_aug_00203.jpg,1
data/frames/frame_1764640196_02286_aug_00204.jpg,1
data/frames/frame_1764640196_02287_aug_00205.jpg,1
data/frames/frame_1764640196_02288_aug_00206.jpg,1
data/frames/frame_1764640196_02289_aug_00207.jpg,1
data/frames/frame_1764640197_02290_aug_00208.jpg,1
data/frames/frame_1764640197_02291_aug_00209.jpg,1
data/frames/frame_1764640237_02494_aug_00210.jpg,1
data/frames/frame_1764640237_02495_aug_00211.jpg,1
data/frames/frame_1764640238_02496_aug_00212.jpg,1
data/frames/frame_1764640238_02497_aug_00213.jpg,1
data/frames/frame_1764640238_02498_aug_00214.jpg,1
data/frames/frame_1764640238_02499_aug_00215.jpg,1
data/frames/frame_1764640238_02500_aug_00216.jpg,1
data/frames/frame_1764640239_02501_aug_00217.jpg,1
data/frames/frame_1764640239_02502_aug_00218.jpg,1
data/frames/frame_1764640239_02503_aug_00219.jpg,1
data/frames/frame_1764640239_02504_aug_00220.jpg,1
data/frames/frame_1764640239_02505_aug_00221.jpg,1
data/frames/frame_1764640240_02506_aug_00222.jpg,1
data/frames/frame_1764640240_02507_aug_00223.jpg,1
data/frames/frame_1764640240_02508_aug_00224.jpg,1
data/frames/frame_1764640240_02509_aug_00225.jpg,1
data/frames/frame_1764640240_02510_aug_00226.jpg,1
data/frames/frame_1764640241_02511_aug_00227.jpg,1
data/frames/frame_1764640241_02512_aug_00228.jpg,1
data/frames/frame_1764640241_02513_aug_00229.jpg,1
data/frames/frame_1764640241_02514_aug_00230.jpg,1
data/frames/frame_1764640241_02515_aug_00231.jpg,1
data/frames/frame_1764640242_02516_aug_00232.jpg,1
data/frames/frame_1764640242_02517_aug_00233.jpg,1
data/frames/frame_1764640242_02518_aug_00234.jpg,1
data/frames/frame_1764640242_02519_aug_00235.jpg,1
data/frames/frame_1764640242_02520_aug_00236.jpg,1
data/frames/frame_1764640243_02521_aug_00237.jpg,1
data/frames/frame_1764640243_02522_aug_00238.jpg,1
data/frames/frame_1764640243_02523_aug_00239.jpg,1
data/frames/frame_1764640243_02524_aug_00240.jpg,1
data/frames/frame_1764640243_02525_aug_00241.jpg,1
data/frames/frame_1764640244_02526_aug_00242.jpg,1
data/frames/frame_1764640244_02527_aug_00243.jpg,1
data/frames/frame_1764640244_02528_aug_00244.jpg,1
data/frames/frame_1764640244_02529_aug_00245.jpg,1
data/frames/frame_1764640244_02530_aug_00246.jpg,1
data/frames/frame_1764640244_02531_aug_00247.jpg,1
data/frames/frame_1764640245_02532_aug_00248.jpg,1
data/frames/frame_1764640245_02533_aug_00249.jpg,1
data/frames/frame_1764640245_02534_aug_00250.jpg,1
data/frames/frame_1764640256_02589_aug_00251.jpg,1
data/frames/frame_1764640256_02590_aug_00252.jpg,1
data/frames/frame_1764640256_02591_aug_00253.jpg,1
data/frames/frame_1764640256_02592_aug_00254.jpg,1
data/frames/frame_1764640257_02593_aug_00255.jpg,1
data/frames/frame_1764640257_02594_aug_00256.jpg,1
data/frames/frame_1764640260_02610_aug_00257.jpg,1
data/frames/frame_1764640260_02611_aug_00258.jpg,1
data/frames/frame_1764640260_02612_aug_00259.jpg,1
data/frames/frame_1764640261_02613_aug_00260.jpg,1
data/frames/frame_1764640261_02614_aug_00261.jpg,1
data/frames/frame_1764640261_02615_aug_00262.jpg,1
data/frames/frame_1764640261_02616_aug_00263.jpg,1
data/frames/frame_1764640261_02617_aug_00264.jpg,1
data/frames/frame_1764640262_02618_aug_00265.jpg,1
data/frames/frame_1764640262_02619_aug_00266.jpg,1
data/frames/frame_1764640262_02620_aug_00267.jpg,1
data/frames/frame_1764640262_02621_aug_00268.jpg,1
data/frames/frame_1764640262_02622_aug_00269.jpg,1
data/frames/frame_1764640270_02661_aug_00270.jpg,1
data/frames/frame_1764640270_02662_aug_00271.jpg,1
data/frames/frame_1764640270_02663_aug_00272.jpg,1
data/frames/frame_1764640271_02664_aug_00273.jpg,1
data/frames/frame_1764640271_02665_aug_00274.jpg,1
data/frames/frame_1764640271_02666_aug_00275.jpg,1
data/frames/frame_1764640271_02667_aug_00276.jpg,1
data/frames/frame_1764640271_02668_aug_00277.jpg,1
data/frames/frame_1764640272_02669_aug_00278.jpg,1
data/frames/frame_1764640272_02670_aug_00279.jpg,1
data/frames/frame_1764640272_02671_aug_00280.jpg,1
data/frames/frame_1764640272_02672_aug_00281.jpg,1
data/frames/frame_1764640272_02673_aug_00282.jpg,1
data/frames/frame_1764640273_02674_aug_00283.jpg,1
data/frames/frame_1764640273_02675_aug_00284.jpg,1
data/frames/frame_1764640273_02676_aug_00285.jpg,1
data/frames/frame_1764640273_02677_aug_00286.jpg,1
data/frames/frame_1764640273_02678_aug_00287.jpg,1
data/frames/frame_1764640276_02689_aug_00288.jpg,1
data/frames/frame_1764640276_02690_aug_00289.jpg,1
data/frames/frame_1764640276_02691_aug_00290.jpg,1
data/frames/frame_1764640276_02692_aug_00291.jpg,1
data/frames/frame_1764640276_02693_aug_00292.jpg,1
data/frames/frame_1764640277_02694_aug_00293.jpg,1
data/frames/frame_1764640277_02695_aug_00294.jpg,1
data/frames/frame_1764640277_02696_aug_00295.jpg,1
data/frames/frame_1764640277_02697_aug_00296.jpg,1
data/frames/frame_1764640277_02698_aug_00297.jpg,1
data/frames/frame_1764640278_02699_aug_00298.jpg,1
data/frames/frame_1764640278_02700_aug_00299.jpg,1
data/frames/frame_1764640278_02701_aug_00300.jpg,1
data/frames/frame_1764640278_02702_aug_00301.jpg,1
data/frames/frame_1764640278_02703_aug_00302.jpg,1
data/frames/frame_1764640279_02704_aug_00303.jpg,1
data/frames/frame_1764640279_02705_aug_00304.jpg,1
data/frames/frame_1764640279_02706_aug_00305.jpg,1
data/frames/frame_1764640279_02707_aug_00306.jpg,1
data/frames/frame_1764640279_02708_aug_00307.jpg,1
data/frames/frame_1764640308_02852_aug_00308.jpg,1
data/frames/frame_1764640308_02853_aug_00309.jpg,1
data/frames/frame_1764640308_02854_aug_00310.jpg,1
data/frames/frame_1764640308_02855_aug_00311.jpg,1
data/frames/frame_1764640309_02856_aug_00312.jpg,1
data/frames/frame_1764640309_02857_aug_00313.jpg,1
data/frames/frame_1764640309_02858_aug_00314.jpg,1
data/frames/frame_1764640309_02859_aug_00315.jpg,1
data/frames/frame_1764640309_02860_aug_00316.jpg,1
data/frames/frame_1764640310_02861_aug_00317.jpg,1
data/frames/frame_1764640345_03040_aug_00318.jpg,1
data/frames/frame_1764640345_03041_aug_00319.jpg,1
data/frames/frame_1764640345_03042_aug_00320.jpg,1
data/frames/frame_1764640346_03043_aug_00321.jpg,1
data/frames/frame_1764640346_03044_aug_00322.jpg,1
data/frames/frame_1764640346_03045_aug_00323.jpg,1
data/frames/frame_1764640346_03046_aug_00324.jpg,1
data/frames/frame_1764640346_03047_aug_00325.jpg,1
data/frames/frame_1764640347_03048_aug_00326.jpg,1
data/frames/frame_1764640347_03049_aug_00327.jpg,1
data/frames/frame_1764640363_03130_aug_00328.jpg,1
data/frames/frame_1764640364_03134_aug_00329.jpg,1
data/frames/frame_1764640364_03135_aug_00330.jpg,1
data/frames/frame_1764640364_03136_aug_00331.jpg,1
data/frames/frame_1764640364_03137_aug_00332.jpg,1
data/frames/frame_1764640364_03138_aug_00333.jpg,1
data/frames/frame_1764640365_03139_aug_00334.jpg,1
data/frames/frame_1764640365_03140_aug_00335.jpg,1
data/frames/frame_1764640365_03141_aug_00336.jpg,1
data/frames/frame_1764640365_03142_aug_00337.jpg,1
data/frames/frame_1764640365_03143_aug_00338.jpg,1
data/frames/frame_1764640407_03351_aug_00339.jpg,1
data/frames/frame_1764640407_03352_aug_00340.jpg,1
data/frames/frame_1764640407_03353_aug_00341.jpg,1
data/frames/frame_1764640407_03354_aug_00342.jpg,1
data/frames/frame_1764640408_03355_aug_00343.jpg,1
data/frames/frame_1764640408_03356_aug_00344.jpg,1
data/frames/frame_1764640408_03357_aug_00345.jpg,1
data/frames/frame_1764640408_03358_aug_00346.jpg,1
data/frames/frame_1764640408_03359_aug_00347.jpg,1
data/frames/frame_1764640408_03360_aug_00348.jpg,1
data/frames/frame_1764640409_03361_aug_00349.jpg,1
data/frames/frame_1764640409_03362_aug_00350.jpg,1
data/frames/frame_1764640409_03363_aug_00351.jpg,1
data/frames/frame_1764640409_03364_aug_00352.jpg,1
data/frames/frame_1764640409_03365_aug_00353.jpg,1
data/frames/frame_1764640410_03366_aug_00354.jpg,1
data/frames/frame_1764640410_03367_aug_00355.jpg,1
data/frames/frame_1764640410_03368_aug_00356.jpg,1
data/frames/frame_1764640410_03369_aug_00357.jpg,1
data/frames/frame_1764640410_03370_aug_00358.jpg,1
data/frames/frame_1764640411_03371_aug_00359.jpg,1
data/frames/frame_1764640411_03372_aug_00360.jpg,1
data/frames/frame_1764640411_03373_aug_00361.jpg,1
data/frames/frame_1764640411_03374_aug_00362.jpg,1
data/frames/frame_1764640520_03927_aug_00363.jpg,1
data/frames/frame_1764640520_03928_aug_00364.jpg,1
data/frames/frame_1764640520_03929_aug_00365.jpg,1
data/frames/frame_1764640521_03930_aug_00366.jpg,1
data/frames/frame_1764640521_03931_aug_00367.jpg,1
data/frames/frame_1764640521_03932_aug_00368.jpg,1
data/frames/frame_1764640521_03933_aug_00369.jpg,1
data/frames/frame_1764640521_03934_aug_00370.jpg,1
data/frames/frame_1764640522_03935_aug_00371.jpg,1
data/frames/frame_1764640522_03936_aug_00372.jpg,1
data/frames/frame_1764640522_03937_aug_00373.jpg,1
data/frames/frame_1764640522_03938_aug_00374.jpg,1
data/frames/frame_1764640572_04192_aug_00375.jpg,1
data/frames/frame_1764640572_04193_aug_00376.jpg,1
data/frames/frame_1764640572_04194_aug_00377.jpg,1
data/frames/frame_1764640573_04195_aug_00378.jpg,1
data/frames/frame_1764640573_04196_aug_00379.jpg,1
data/frames/frame_1764640573_04197_aug_00380.jpg,1
data/frames/frame_1764640573_04198_aug_00381.jpg,1
data/frames/frame_1764640573_04199_aug_00382.jpg,1
data/frames/frame_1764640574_04200_aug_00383.jpg,1
data/frames/frame_1764640574_04201_aug_00384.jpg,1
data/frames/frame_1764640574_04202_aug_00385.jpg,1
data/frames/frame_1764640574_04203_aug_00386.jpg,1
data/frames/frame_1764640574_04204_aug_00387.jpg,1
data/frames/frame_1764640575_04205_aug_00388.jpg,1
data/frames/frame_1764640575_04206_aug_00389.jpg,1
data/frames/frame_1764640575_04207_aug_00390.jpg,1
data/frames/frame_1764640575_04208_aug_00391.jpg,1
data/frames/frame_1764640575_04209_aug_00392.jpg,1
data/frames/frame_1764640576_04210_aug_00393.jpg,1
data/frames/frame_1764640576_04211_aug_00394.jpg,1
data/frames/frame_1764640576_04212_aug_00395.jpg,1
data/frames/frame_1764640576_04213_aug_00396.jpg,1
data/frames/frame_1764640601_04339_aug_00397.jpg,1
data/frames/frame_1764640601_04340_aug_00398.jpg,1
data/frames/frame_1764640601_04341_aug_00399.jpg,1
data/frames/frame_1764640602_04342_aug_00400.jpg,1
data/frames/frame_1764640602_04343_aug_00401.jpg,1
data/frames/frame_1764640602_04344_aug_00402.jpg,1
data/frames/frame_1764640602_04345_aug_00403.jpg,1
data/frames/frame_1764640602_04346_aug_00404.jpg,1
data/frames/frame_1764640603_04347_aug_00405.jpg,1
data/frames/frame_1764640603_04348_aug_00406.jpg,1
data/frames/frame_1764640603_04349_aug_00407.jpg,1
data/frames/frame_1764640603_04350_aug_00408.jpg,1
data/frames/frame_1764640603_04351_aug_00409.jpg,1
data/frames/frame_1764640604_04352_aug_00410.jpg,1
data/frames/frame_1764640696_04820_aug_00411.jpg,1
data/frames/frame_1764640696_04821_aug_00412.jpg,1
data/frames/frame_1764640696_04822_aug_00413.jpg,1
data/frames/frame_1764640697_04823_aug_00414.jpg,1
data/frames/frame_1764640697_04824_aug_00415.jpg,1
data/frames/frame_1764640697_04825_aug_00416.jpg,1
data/frames/frame_1764640697_04826_aug_00417.jpg,1
data/frames/frame_1764640697_04827_aug_00418.jpg,1
data/frames/frame_1764640698_04828_aug_00419.jpg,1
data/frames/frame_1764640698_04829_aug_00420.jpg,1
data/frames/frame_1764640698_04830_aug_00421.jpg,1
data/frames/frame_1764640698_04831_aug_00422.jpg,1
data/frames/frame_1764640698_04832_aug_00423.jpg,1
data/frames/frame_1764640699_04833_aug_00424.jpg,1
data/frames/frame_1764640699_04834_aug_00425.jpg,1
data/frames/frame_1764640699_04835_aug_00426.jpg,1
data/frames/frame_1764640699_04836_aug_00427.jpg,1
data/frames/frame_1764640699_04837_aug_00428.jpg,1
data/frames/frame_1764640700_04838_aug_00429.jpg,1
data/frames/frame_1764640700_04839_aug_00430.jpg,1
data/frames/frame_1764640700_04840_aug_00431.jpg,1
data/frames/frame_1764640700_04841_aug_00432.jpg,1
data/frames/frame_1764640736_05021_aug_00433.jpg,1
data/frames/frame_1764640736_05022_aug_00434.jpg,1
data/frames/frame_1764640736_05023_aug_00435.jpg,1
data/frames/frame_1764640736_05024_aug_00436.jpg,1
data/frames/frame_1764640736_05025_aug_00437.jpg,1
data/frames/frame_1764640736_05026_aug_00438.jpg,1
data/frames/frame_1764640737_05027_aug_00439.jpg,1
data/frames/frame_1764640737_05028_aug_00440.jpg,1
data/frames/frame_1764640737_05029_aug_00441.jpg,1
data/frames/frame_1764640737_05030_aug_00442.jpg,1
data/frames/frame_1764640738_05031_aug_00443.jpg,1
data/frames/frame_1764640738_05032_aug_00444.jpg,1
data/frames/frame_1764640738_05033_aug_00445.jpg,1
data/frames/frame_1764640738_05034_aug_00446.jpg,1
data/frames/frame_1764640748_05085_aug_00447.jpg,1
data/frames/frame_1764640748_05086_aug_00448.jpg,1
data/frames/frame_1764640749_05087_aug_00449.jpg,1
data/frames/frame_1764640749_05088_aug_00450.jpg,1
data/frames/frame_1764640749_05089_aug_00451.jpg,1
data/frames/frame_1764640749_05090_aug_00452.jpg,1
data/frames/frame_1764640749_05091_aug_00453.jpg,1
data/frames/frame_1764640750_05092_aug_00454.jpg,1
data/frames/frame_1764640750_05093_aug_00455.jpg,1
data/frames/frame_1764640750_05094_aug_00456.jpg,1
data/frames/frame_1764640750_05095_aug_00457.jpg,1
data/frames/frame_1764640750_05096_aug_00458.jpg,1
data/frames/frame_1764640778_05234_aug_00459.jpg,1
data/frames/frame_1764640778_05237_aug_00460.jpg,1
data/frames/frame_1764640779_05238_aug_00461.jpg,1
data/frames/frame_1764640779_05239_aug_00462.jpg,1
data/frames/frame_1764640779_05240_aug_00463.jpg,1
data/frames/frame_1764640779_05241_aug_00464.jpg,1
data/frames/frame_1764640779_05242_aug_00465.jpg,1
data/frames/frame_1764640780_05243_aug_00466.jpg,1
data/frames/frame_1764640780_05244_aug_00467.jpg,1
data/frames/frame_1764640780_05245_aug_00468.jpg,1
data/frames/frame_1764640780_05246_aug_00469.jpg,1
data/frames/frame_1764640872_05710_aug_00470.jpg,1
data/frames/frame_1764640872_05711_aug_00471.jpg,1
data/frames/frame_1764640873_05712_aug_00472.jpg,1
data/frames/frame_1764640873_05713_aug_00473.jpg,1
data/frames/frame_1764640873_05714_aug_00474.jpg,1
data/frames/frame_1764640873_05715_aug_00475.jpg,1
data/frames/frame_1764640873_05716_aug_00476.jpg,1
data/frames/frame_1764640874_05717_aug_00477.jpg,1
data/frames/frame_1764640874_05718_aug_00478.jpg,1
data/frames/frame_1764640874_05719_aug_00479.jpg,1
data/frames/frame_1764640874_05720_aug_00480.jpg,1
data/frames/frame_1764640874_05721_aug_00481.jpg,1
data/frames/frame_1764640875_05722_aug_00482.jpg,1
data/frames/frame_1764640875_05723_aug_00483.jpg,1
data/frames/frame_1764640875_05724_aug_00484.jpg,1
data/frames/frame_1764640875_05725_aug_00485.jpg,1
data/frames/frame_1764640875_05726_aug_00486.jpg,1
data/frames/frame_1764640876_05727_aug_00487.jpg,1
data/frames/frame_1764640876_05728_aug_00488.jpg,1
data/frames/frame_1764640876_05729_aug_00489.jpg,1
data/frames/frame_1764640876_05730_aug_00490.jpg,1
data/frames/frame_1764640876_05731_aug_00491.jpg,1
data/frames/frame_1764640877_05732_aug_00492.jpg,1
data/frames/frame_1764640877_05733_aug_00493.jpg,1
data/frames/frame_1764640877_05734_aug_00494.jpg,1
data/frames/frame_1764640877_05735_aug_00495.jpg,1
data/frames/frame_1764640877_05736_aug_00496.jpg,1
data/frames/frame_1764640878_05737_aug_00497.jpg,1
data/frames/frame_1764640891_05806_aug_00498.jpg,1
data/frames/frame_1764640891_05807_aug_00499.jpg,1
data/frames/frame_1764640892_05808_aug_00500.jpg,1
data/frames/frame_1764640892_05809_aug_00501.jpg,1
data/frames/frame_1764640892_05810_aug_00502.jpg,1
data/frames/frame_1764640892_05811_aug_00503.jpg,1
data/frames/frame_1764640892_05812_aug_00504.jpg,1
data/frames/frame_1764640893_05813_aug_00505.jpg,1
data/frames/frame_1764640939_06045_aug_00506.jpg,1
data/frames/frame_1764640939_06046_aug_00507.jpg,1
data/frames/frame_1764640939_06047_aug_00508.jpg,1
data/frames/frame_1764640939_06048_aug_00509.jpg,1
data/frames/frame_1764640939_06049_aug_00510.jpg,1
data/frames/frame_1764640940_06050_aug_00511.jpg,1
data/frames/frame_1764640940_06051_aug_00512.jpg,1
data/frames/frame_1764640940_06052_aug_00513.jpg,1
data/frames/frame_1764640940_06053_aug_00514.jpg,1
data/frames/frame_1764640940_06054_aug_00515.jpg,1
data/frames/frame_1764640941_06055_aug_00516.jpg,1
data/frames/frame_1764640941_06056_aug_00517.jpg,1
data/frames/frame_1764640941_06057_aug_00518.jpg,1
data/frames/frame_1764640941_06058_aug_00519.jpg,1
data/frames/frame_1764640941_06059_aug_00520.jpg,1
data/frames/frame_1764640942_06060_aug_00521.jpg,1
data/frames/frame_1764640961_06156_aug_00522.jpg,1
data/frames/frame_1764640961_06157_aug_00523.jpg,1
data/frames/frame_1764640961_06158_aug_00524.jpg,1
data/frames/frame_1764640961_06159_aug_00525.jpg,1
data/frames/frame_1764640962_06160_aug_00526.jpg,1
data/frames/frame_1764640962_06161_aug_00527.jpg,1
data/frames/frame_1764640962_06162_aug_00528.jpg,1
data/frames/frame_1764640962_06163_aug_00529.jpg,1
data/frames/frame_1764640962_06164_aug_00530.jpg,1
data/frames/frame_1764640963_06165_aug_00531.jpg,1
data/frames/frame_1764640963_06166_aug_00532.jpg,1
data/frames/frame_1764640963_06167_aug_00533.jpg,1
data/frames/frame_1764641039_06551_aug_00534.jpg,1
data/frames/frame_1764641040_06552_aug_00535.jpg,1
data/frames/frame_1764641040_06553_aug_00536.jpg,1
data/frames/frame_1764641040_06554_aug_00537.jpg,1
data/frames/frame_1764641040_06555_aug_00538.jpg,1
data/frames/frame_1764641041_06556_aug_00539.jpg,1
data/frames/frame_1764641041_06557_aug_00540.jpg,1
data/frames/frame_1764641041_06558_aug_00541.jpg,1
data/frames/frame_1764641041_06559_aug_00542.jpg,1
data/frames/frame_1764641041_06560_aug_00543.jpg,1
data/frames/frame_1764641042_06561_aug_00544.jpg,1
data/frames/frame_1764641042_06562_aug_00545.jpg,1
data/frames/frame_1764641042_06563_aug_00546.jpg,1
data/frames/frame_1764641042_06564_aug_00547.jpg,1
data/frames/frame_1764641042_06565_aug_00548.jpg,1
data/frames/frame_1764641050_06604_aug_00549.jpg,1
data/frames/frame_1764641050_06605_aug_00550.jpg,1
data/frames/frame_1764641051_06606_aug_00551.jpg,1
data/frames/frame_1764641051_06607_aug_00552.jpg,1
data/frames/frame_1764641051_06608_aug_00553.jpg,1
data/frames/frame_1764641051_06609_aug_00554.jpg,1
data/frames/frame_1764641051_06610_aug_00555.jpg,1
data/frames/frame_1764641052_06611_aug_00556.jpg,1
data/frames/frame_1764641052_06612_aug_00557.jpg,1
data/frames/frame_1764641052_06613_aug_00558.jpg,1
data/frames/frame_1764641052_06614_aug_00559.jpg,1
data/frames/frame_1764641052_06615_aug_00560.jpg,1
data/frames/frame_1764641057_06637_aug_00561.jpg,1
data/frames/frame_1764641057_06638_aug_00562.jpg,1
data/frames/frame_1764641057_06639_aug_00563.jpg,1
data/frames/frame_1764641057_06640_aug_00564.jpg,1
data/frames/frame_1764641057_06641_aug_00565.jpg,1
data/frames/frame_1764641058_06642_aug_00566.jpg,1
data/frames/frame_1764641058_06643_aug_00567.jpg,1
data/frames/frame_1764641058_06644_aug_00568.jpg,1
data/frames/frame_1764641058_06645_aug_00569.jpg,1
data/frames/frame_1764641058_06646_aug_00570.jpg,1
data/frames/frame_1764641059_06647_aug_00571.jpg,1
data/frames/frame_1764641059_06648_aug_00572.jpg,1
data/frames/frame_1764641059_06649_aug_00573.jpg,1
data/frames/frame_1764641059_06650_aug_00574.jpg,1
data/frames/frame_1764641059_06651_aug_00575.jpg,1
data/frames/frame_1764641060_06652_aug_00576.jpg,1
data/frames/frame_1764641060_06653_aug_00577.jpg,1
data/frames/frame_1764641060_06654_aug_00578.jpg,1
data/frames/frame_1764641084_06777_aug_00579.jpg,1
data/frames/frame_1764641085_06778_aug_00580.jpg,1
data/frames/frame_1764641085_06779_aug_00581.jpg,1
data/frames/frame_1764641085_06780_aug_00582.jpg,1
data/frames/frame_1764641085_06781_aug_00583.jpg,1
data/frames/frame_1764641085_06782_aug_00584.jpg,1
data/frames/frame_1764641086_06783_aug_00585.jpg,1
data/frames/frame_1764641086_06784_aug_00586.jpg,1
data/frames/frame_1764641086_06785_aug_00587.jpg,1
data/frames/frame_1764641086_06786_aug_00588.jpg,1
data/frames/frame_1764641086_06787_aug_00589.jpg,1
data/frames/frame_1764641087_06788_aug_00590.jpg,1
data/frames/frame_1764641087_06789_aug_00591.jpg,1
data/frames/frame_1764641087_06790_aug_00592.jpg,1
data/frames/frame_1764641087_06791_aug_00593.jpg,1
data/frames/frame_1764641087_06792_aug_00594.jpg,1
data/frames/frame_1764641088_06793_aug_00595.jpg,1
data/frames/frame_1764641088_06794_aug_00596.jpg,1
data/frames/frame_1764641088_06795_aug_00597.jpg,1
data/frames/frame_1764641088_06796_aug_00598.jpg,1
data/frames/frame_1764641088_06797_aug_00599.jpg,1
data/frames/frame_1764641089_06798_aug_00600.jpg,1
data/frames/frame_1764641089_06799_aug_00601.jpg,1
data/frames/frame_1764641089_06800_aug_00602.jpg,1
data/frames/frame_1764641089_06801_aug_00603.jpg,1
data/frames/frame_1764641089_06802_aug_00604.jpg,1
data/frames/frame_1764641090_06803_aug_00605.jpg,1
data/frames/frame_1764641090_06804_aug_00606.jpg,1
data/frames/frame_1764641090_06805_aug_00607.jpg,1
data/frames/frame_1764641090_06806_aug_00608.jpg,1
data/frames/frame_1764641090_06807_aug_00609.jpg,1
data/frames/frame_1764641091_06808_aug_00610.jpg,1
data/frames/frame_1764641091_06809_aug_00611.jpg,1
data/frames/frame_1764641091_06810_aug_00612.jpg,1
data/frames/frame_1764641091_06811_aug_00613.jpg,1
data/frames/frame_1764641091_06812_aug_00614.jpg,1
data/frames/frame_1764641091_06813_aug_00615.jpg,1
data/frames/frame_1764641092_06814_aug_00616.jpg,1
data/frames/frame_1764641092_06815_aug_00617.jpg,1
data/frames/frame_1764641092_06816_aug_00618.jpg,1
data/frames/frame_1764641092_06817_aug_00619.jpg,1
data/frames/frame_1764641092_06818_aug_00620.jpg,1
data/frames/frame_1764641093_06819_aug_00621.jpg,1
data/frames/frame_1764641093_06820_aug_00622.jpg,1
data/frames/frame_1764641093_06821_aug_00623.jpg,1
data/frames/frame_1764641093_06822_aug_00624.jpg,1
data/frames/frame_1764641093_06823_aug_00625.jpg,1
data/frames/frame_1764641094_06824_aug_00626.jpg,1
data/frames/frame_1764641094_06825_aug_00627.jpg,1
data/frames/frame_1764641094_06826_aug_00628.jpg,1
data/frames/frame_1764641094_06827_aug_00629.jpg,1
data/frames/frame_1764641094_06828_aug_00630.jpg,1
data/frames/frame_1764641095_06829_aug_00631.jpg,1
data/frames/frame_1764641095_06830_aug_00632.jpg,1
data/frames/frame_1764641095_06831_aug_00633.jpg,1
data/frames/frame_1764641095_06832_aug_00634.jpg,1
data/frames/frame_1764641095_06833_aug_00635.jpg,1
data/frames/frame_1764641096_06834_aug_00636.jpg,1
data/frames/frame_1764641096_06835_aug_00637.jpg,1
data/frames/frame_1764641096_06836_aug_00638.jpg,1
data/frames/frame_1764641096_06837_aug_00639.jpg,1
data/frames/frame_1764641096_06838_aug_00640.jpg,1
data/frames/frame_1764641097_06839_aug_00641.jpg,1
data/frames/frame_1764641097_06840_aug_00642.jpg,1
data/frames/frame_1764641097_06841_aug_00643.jpg,1
data/frames/frame_1764641097_06842_aug_00644.jpg,1
data/frames/frame_1764641097_06843_aug_00645.jpg,1
data/frames/frame_1764641098_06844_aug_00646.jpg,1
data/frames/frame_1764641098_06845_aug_00647.jpg,1
data/frames/frame_1764641098_06846_aug_00648.jpg,1
data/frames/frame_1764641098_06847_aug_00649.jpg,1
data/frames/frame_1764641098_06848_aug_00650.jpg,1
data/frames/frame_1764641098_06849_aug_00651.jpg,1
data/frames/frame_1764641099_06850_aug_00652.jpg,1
data/frames/frame_1764641099_06851_aug_00653.jpg,1
data/frames/frame_1764641099_06852_aug_00654.jpg,1
data/frames/frame_1764641099_06853_aug_00655.jpg,1
data/frames/frame_1764641099_06854_aug_00656.jpg,1
data/frames/frame_1764641100_06855_aug_00657.jpg,1
data/frames/frame_1764641100_06856_aug_00658.jpg,1
data/frames/frame_1764641100_06857_aug_00659.jpg,1
data/frames/frame_1764641100_06858_aug_00660.jpg,1
data/frames/frame_1764641100_06859_aug_00661.jpg,1
data/frames/frame_1764641101_06860_aug_00662.jpg,1
data/frames/frame_1764641101_06861_aug_00663.jpg,1
data/frames/frame_1764641101_06862_aug_00664.jpg,1
data/frames/frame_1764641101_06863_aug_00665.jpg,1
data/frames/frame_1764641101_06864_aug_00666.jpg,1
data/frames/frame_1764641102_06865_aug_00667.jpg,1
data/frames/frame_1764641102_06866_aug_00668.jpg,1
data/frames/frame_1764641102_06867_aug_00669.jpg,1
data/frames/frame_1764641102_06868_aug_00670.jpg,1
data/frames/frame_1764641102_06869_aug_00671.jpg,1
data/frames/frame_1764641103_06870_aug_00672.jpg,1
data/frames/frame_1764641103_06871_aug_00673.jpg,1
data/frames/frame_1764641103_06872_aug_00674.jpg,1
data/frames/frame_1764639772_00166_aug_00000_aug_00675.jpg,1
data/frames/frame_1764639772_00167_aug_00001_aug_00676.jpg,1
data/frames/frame_1764639773_00168_aug_00002_aug_00677.jpg,1
data/frames/frame_1764639773_00169_aug_00003_aug_00678.jpg,1
data/frames/frame_1764639773_00170_aug_00004_aug_00679.jpg,1
data/frames/frame_1764639773_00171_aug_00005_aug_00680.jpg,1
data/frames/frame_1764639773_00172_aug_00006_aug_00681.jpg,1
data/frames/frame_1764639774_00173_aug_00007_aug_00682.jpg,1
data/frames/frame_1764639774_00174_aug_00008_aug_00683.jpg,1
data/frames/frame_1764639784_00227_aug_00009_aug_00684.jpg,1
data/frames/frame_1764639784_00228_aug_00010_aug_00685.jpg,1
data/frames/frame_1764639785_00229_aug_00011_aug_00686.jpg,1
data/frames/frame_1764639785_00230_aug_00012_aug_00687.jpg,1
data/frames/frame_1764639785_00231_aug_00013_aug_00688.jpg,1
data/frames/frame_1764639785_00232_aug_00014_aug_00689.jpg,1
data/frames/frame_1764639785_00233_aug_00015_aug_00690.jpg,1
data/frames/frame_1764639786_00234_aug_00016_aug_00691.jpg,1
data/frames/frame_1764639786_00235_aug_00017_aug_00692.jpg,1
data/frames/frame_1764639786_00236_aug_00018_aug_00693.jpg,1
data/frames/frame_1764639786_00237_aug_00019_aug_00694.jpg,1
data/frames/frame_1764639786_00238_aug_00020_aug_00695.jpg,1
data/frames/frame_1764639787_00239_aug_00021_aug_00696.jpg,1
data/frames/frame_1764639787_00240_aug_00022_aug_00697.jpg,1
data/frames/frame_1764639787_00241_aug_00023_aug_00698.jpg,1
data/frames/frame_1764639787_00242_aug_00024_aug_00699.jpg,1
data/frames/frame_1764639820_00408_aug_00025_aug_00700.jpg,1
data/frames/frame_1764639820_00409_aug_00026_aug_00701.jpg,1
data/frames/frame_1764639821_00410_aug_00027_aug_00702.jpg,1
data/frames/frame_1764639821_00411_aug_00028_aug_00703.jpg,1
data/frames/frame_1764639821_00412_aug_00029_aug_00704.jpg,1
data/frames/frame_1764639821_00413_aug_00030_aug_00705.jpg,1
data/frames/frame_1764639821_00414_aug_00031_aug_00706.jpg,1
data/frames/frame_1764639822_00415_aug_00032_aug_00707.jpg,1
data/frames/frame_1764639822_00416_aug_00033_aug_00708.jpg,1
data/frames/frame_1764639822_00417_aug_00034_aug_00709.jpg,1
data/frames/frame_1764639822_00418_aug_00035_aug_00710.jpg,1
data/frames/frame_1764639822_00419_aug_00036_aug_00711.jpg,1
data/frames/frame_1764639823_00420_aug_00037_aug_00712.jpg,1
data/frames/frame_1764639823_00421_aug_00038_aug_00713.jpg,1
data/frames/frame_1764639823_00422_aug_00039_aug_00714.jpg,1
data/frames/frame_1764639823_00423_aug_00040_aug_00715.jpg,1
data/frames/frame_1764639823_00424_aug_00041_aug_00716.jpg,1
data/frames/frame_1764639825_00432_aug_00042_aug_00717.jpg,1
data/frames/frame_1764639825_00433_aug_00043_aug_00718.jpg,1
data/frames/frame_1764639825_00434_aug_00044_aug_00719.jpg,1
data/frames/frame_1764639826_00435_aug_00045_aug_00720.jpg,1
data/frames/frame_1764639826_00436_aug_00046_aug_00721.jpg,1
data/frames/frame_1764639826_00437_aug_00047_aug_00722.jpg,1
data/frames/frame_1764639826_00438_aug_00048_aug_00723.jpg,1
data/frames/frame_1764639826_00439_aug_00049_aug_00724.jpg,1
data/frames/frame_1764639826_00440_aug_00050_aug_00725.jpg,1
data/frames/frame_1764639827_00441_aug_00051_aug_00726.jpg,1
data/frames/frame_1764639829_00452_aug_00052_aug_00727.jpg,1
data/frames/frame_1764639829_00453_aug_00053_aug_00728.jpg,1
data/frames/frame_1764639829_00454_aug_00054_aug_00729.jpg,1
data/frames/frame_1764639829_00455_aug_00055_aug_00730.jpg,1
data/frames/frame_1764639830_00456_aug_00056_aug_00731.jpg,1
data/frames/frame_1764639865_00635_aug_00057_aug_00732.jpg,1
data/frames/frame_1764639865_00636_aug_00058_aug_00733.jpg,1
data/frames/frame_1764639866_00637_aug_00059_aug_00734.jpg,1
data/frames/frame_1764639866_00638_aug_00060_aug_00735.jpg,1
data/frames/frame_1764639866_00639_aug_00061_aug_00736.jpg,1
data/frames/frame_1764639866_00640_aug_00062_aug_00737.jpg,1
data/frames/frame_1764639866_00641_aug_00063_aug_00738.jpg,1
data/frames/frame_1764639867_00642_aug_00064_aug_00739.jpg,1
data/frames/frame_1764639867_00643_aug_00065_aug_00740.jpg,1
data/frames/frame_1764639867_00644_aug_00066_aug_00741.jpg,1
data/frames/frame_1764639867_00645_aug_00067_aug_00742.jpg,1
data/frames/frame_1764639867_00646_aug_00068_aug_00743.jpg,1
data/frames/frame_1764639868_00647_aug_00069_aug_00744.jpg,1
data/frames/frame_1764639868_00648_aug_00070_aug_00745.jpg,1
data/frames/frame_1764639929_00938_aug_00071_aug_00746.jpg,1
data/frames/frame_1764639929_00939_aug_00072_aug_00747.jpg,1
data/frames/frame_1764639930_00940_aug_00073_aug_00748.jpg,1
data/frames/frame_1764639930_00941_aug_00074_aug_00749.jpg,1
data/frames/frame_1764639930_00942_aug_00075_aug_00750.jpg,1
data/frames/frame_1764639930_00943_aug_00076_aug_00751.jpg,1
data/frames/frame_1764639930_00944_aug_00077_aug_00752.jpg,1
data/frames/frame_1764639931_00945_aug_00078_aug_00753.jpg,1
data/frames/frame_1764639931_00946_aug_00079_aug_00754.jpg,1
data/frames/frame_1764639931_00947_aug_00080_aug_00755.jpg,1
data/frames/frame_1764639931_00948_aug_00081_aug_00756.jpg,1
data/frames/frame_1764639931_00949_aug_00082_aug_00757.jpg,1
data/frames/frame_1764639932_00950_aug_00083_aug_00758.jpg,1
data/frames/frame_1764639932_00951_aug_00084_aug_00759.jpg,1
data/frames/frame_1764639932_00952_aug_00085_aug_00760.jpg,1
data/frames/frame_1764639932_00953_aug_00086_aug_00761.jpg,1
data/frames/frame_1764639932_00954_aug_00087_aug_00762.jpg,1
data/frames/frame_1764639933_00955_aug_00088_aug_00763.jpg,1
data/frames/frame_1764639933_00956_aug_00089_aug_00764.jpg,1
data/frames/frame_1764639933_00957_aug_00090_aug_00765.jpg,1
data/frames/frame_1764639933_00958_aug_00091_aug_00766.jpg,1
data/frames/frame_1764639933_00959_aug_00092_aug_00767.jpg,1
data/frames/frame_1764639934_00960_aug_00093_aug_00768.jpg,1
data/frames/frame_1764639934_00961_aug_00094_aug_00769.jpg,1
data/frames/frame_1764639934_00962_aug_00095_aug_00770.jpg,1
data/frames/frame_1764639934_00963_aug_00096_aug_00771.jpg,1
data/frames/frame_1764639934_00964_aug_00097_aug_00772.jpg,1
data/frames/frame_1764639935_00965_aug_00098_aug_00773.jpg,1
data/frames/frame_1764639935_00966_aug_00099_aug_00774.jpg,1
data/frames/frame_1764639935_00967_aug_00100_aug_00775.jpg,1
data/frames/frame_1764639935_00968_aug_00101_aug_00776.jpg,1
data/frames/frame_1764639935_00969_aug_00102_aug_00777.jpg,1
data/frames/frame_1764639936_00970_aug_00103_aug_00778.jpg,1
data/frames/frame_1764639977_01178_aug_00104_aug_00779.jpg,1
data/frames/frame_1764639977_01179_aug_00105_aug_00780.jpg,1
data/frames/frame_1764639977_01180_aug_00106_aug_00781.jpg,1
data/frames/frame_1764639977_01181_aug_00107_aug_00782.jpg,1
data/frames/frame_1764639978_01182_aug_00108_aug_00783.jpg,1
data/frames/frame_1764639978_01183_aug_00109_aug_00784.jpg,1
data/frames/frame_1764639978_01184_aug_00110_aug_00785.jpg,1
data/frames/frame_1764639978_01185_aug_00111_aug_00786.jpg,1
data/frames/frame_1764639978_01186_aug_00112_aug_00787.jpg,1
data/frames/frame_1764639979_01187_aug_00113_aug_00788.jpg,1
data/frames/frame_1764640005_01323_aug_00114_aug_00789.jpg,1
data/frames/frame_1764640006_01324_aug_00115_aug_00790.jpg,1
data/frames/frame_1764640006_01325_aug_00116_aug_00791.jpg,1
data/frames/frame_1764640006_01326_aug_00117_aug_00792.jpg,1
data/frames/frame_1764640006_01327_aug_00118_aug_00793.jpg,1
data/frames/frame_1764640006_01328_aug_00119_aug_00794.jpg,1
data/frames/frame_1764640007_01329_aug_00120_aug_00795.jpg,1
data/frames/frame_1764640007_01330_aug_00121_aug_00796.jpg,1
data/frames/frame_1764640007_01331_aug_00122_aug_00797.jpg,1
data/frames/frame_1764640045_01524_aug_00123_aug_00798.jpg,1
data/frames/frame_1764640045_01525_aug_00124_aug_00799.jpg,1
data/frames/frame_1764640046_01526_aug_00125_aug_00800.jpg,1
data/frames/frame_1764640046_01527_aug_00126_aug_00801.jpg,1
data/frames/frame_1764640046_01528_aug_00127_aug_00802.jpg,1
data/frames/frame_1764640046_01529_aug_00128_aug_00803.jpg,1
data/frames/frame_1764640046_01530_aug_00129_aug_00804.jpg,1
data/frames/frame_1764640047_01531_aug_00130_aug_00805.jpg,1
data/frames/frame_1764640047_01532_aug_00131_aug_00806.jpg,1
data/frames/frame_1764640047_01533_aug_00132_aug_00807.jpg,1
data/frames/frame_1764640056_01579_aug_00133_aug_00808.jpg,1
data/frames/frame_1764640056_01580_aug_00134_aug_00809.jpg,1
data/frames/frame_1764640057_01581_aug_00135_aug_00810.jpg,1
data/frames/frame_1764640057_01582_aug_00136_aug_00811.jpg,1
data/frames/frame_1764640057_01583_aug_00137_aug_00812.jpg,1
data/frames/frame_1764640057_01584_aug_00138_aug_00813.jpg,1
data/frames/frame_1764640057_01585_aug_00139_aug_00814.jpg,1
data/frames/frame_1764640058_01586_aug_00140_aug_00815.jpg,1
data/frames/frame_1764640058_01587_aug_00141_aug_00816.jpg,1
data/frames/frame_1764640107_01836_aug_00142_aug_00817.jpg,1
data/frames/frame_1764640107_01837_aug_00143_aug_00818.jpg,1
data/frames/frame_1764640108_01838_aug_00144_aug_00819.jpg,1
data/frames/frame_1764640108_01839_aug_00145_aug_00820.jpg,1
data/frames/frame_1764640108_01840_aug_00146_aug_00821.jpg,1
data/frames/frame_1764640108_01841_aug_00147_aug_00822.jpg,1
data/frames/frame_1764640108_01842_aug_00148_aug_00823.jpg,1
data/frames/frame_1764640109_01843_aug_00149_aug_00824.jpg,1
data/frames/frame_1764640109_01844_aug_00150_aug_00825.jpg,1
data/frames/frame_1764640109_01845_aug_00151_aug_00826.jpg,1
data/frames/frame_1764640109_01846_aug_00152_aug_00827.jpg,1
data/frames/frame_1764640109_01847_aug_00153_aug_00828.jpg,1
data/frames/frame_1764640110_01848_aug_00154_aug_00829.jpg,1
data/frames/frame_1764640164_02126_aug_00155_aug_00830.jpg,1
data/frames/frame_1764640165_02127_aug_00156_aug_00831.jpg,1
data/frames/frame_1764640165_02128_aug_00157_aug_00832.jpg,1
data/frames/frame_1764640165_02129_aug_00158_aug_00833.jpg,1
data/frames/frame_1764640165_02130_aug_00159_aug_00834.jpg,1
data/frames/frame_1764640165_02131_aug_00160_aug_00835.jpg,1
data/frames/frame_1764640166_02132_aug_00161_aug_00836.jpg,1
data/frames/frame_1764640166_02133_aug_00162_aug_00837.jpg,1
data/frames/frame_1764640166_02134_aug_00163_aug_00838.jpg,1
data/frames/frame_1764640166_02135_aug_00164_aug_00839.jpg,1
data/frames/frame_1764640166_02136_aug_00165_aug_00840.jpg,1
data/frames/frame_1764640188_02248_aug_00166_aug_00841.jpg,1
data/frames/frame_1764640189_02249_aug_00167_aug_00842.jpg,1
data/frames/frame_1764640189_02250_aug_00168_aug_00843.jpg,1
data/frames/frame_1764640189_02251_aug_00169_aug_00844.jpg,1
data/frames/frame_1764640189_02252_aug_00170_aug_00845.jpg,1
data/frames/frame_1764640189_02253_aug_00171_aug_00846.jpg,1
data/frames/frame_1764640190_02254_aug_00172_aug_00847.jpg,1
data/frames/frame_1764640190_02255_aug_00173_aug_00848.jpg,1
data/frames/frame_1764640190_02256_aug_00174_aug_00849.jpg,1
data/frames/frame_1764640190_02257_aug_00175_aug_00850.jpg,1
data/frames/frame_1764640190_02258_aug_00176_aug_00851.jpg,1
data/frames/frame_1764640191_02259_aug_00177_aug_00852.jpg,1
data/frames/frame_1764640191_02260_aug_00178_aug_00853.jpg,1
data/frames/frame_1764640191_02261_aug_00179_aug_00854.jpg,1
data/frames/frame_1764640191_02262_aug_00180_aug_00855.jpg,1
data/frames/frame_1764640191_02263_aug_00181_aug_00856.jpg,1
data/frames/frame_1764640192_02264_aug_00182_aug_00857.jpg,1
data/frames/frame_1764640192_02265_aug_00183_aug_00858.jpg,1
data/frames/frame_1764640192_02266_aug_00184_aug_00859.jpg,1
data/frames/frame_1764640192_02267_aug_00185_aug_00860.jpg,1
data/frames/frame_1764640192_02268_aug_00186_aug_00861.jpg,1
data/frames/frame_1764640193_02269_aug_00187_aug_00862.jpg,1
data/frames/frame_1764640193_02270_aug_00188_aug_00863.jpg,1
data/frames/frame_1764640193_02271_aug_00189_aug_00864.jpg,1
data/frames/frame_1764640193_02272_aug_00190_aug_00865.jpg,1
data/frames/frame_1764640193_02273_aug_00191_aug_00866.jpg,1
data/frames/frame_1764640194_02274_aug_00192_aug_00867.jpg,1
data/frames/frame_1764640194_02275_aug_00193_aug_00868.jpg,1
data/frames/frame_1764640194_02276_aug_00194_aug_00869.jpg,1
data/frames/frame_1764640194_02277_aug_00195_aug_00870.jpg,1
data/frames/frame_1764640194_02278_aug_00196_aug_00871.jpg,1
data/frames/frame_1764640194_02279_aug_00197_aug_00872.jpg,1
data/frames/frame_1764640195_02280_aug_00198_aug_00873.jpg,1
data/frames/frame_1764640195_02281_aug_00199_aug_00874.jpg,1
data/frames/frame_1764640195_02282_aug_00200_aug_00875.jpg,1
data/frames/frame_1764640195_02283_aug_00201_aug_00876.jpg,1
data/frames/frame_1764640195_02284_aug_00202_aug_00877.jpg,1
data/frames/frame_1764640196_02285_aug_00203_aug_00878.jpg,1
data/frames/frame_1764640196_02286_aug_00204_aug_00879.jpg,1
data/frames/frame_1764640196_02287_aug_00205_aug_00880.jpg,1
data/frames/frame_1764640196_02288_aug_00206_aug_00881.jpg,1
data/frames/frame_1764640196_02289_aug_00207_aug_00882.jpg,1
data/frames/frame_1764640197_02290_aug_00208_aug_00883.jpg,1
data/frames/frame_1764640197_02291_aug_00209_aug_00884.jpg,1
data/frames/frame_1764640237_02494_aug_00210_aug_00885.jpg,1
data/frames/frame_1764640237_02495_aug_00211_aug_00886.jpg,1
data/frames/frame_1764640238_02496_aug_00212_aug_00887.jpg,1
data/frames/frame_1764640238_02497_aug_00213_aug_00888.jpg,1
data/frames/frame_1764640238_02498_aug_00214_aug_00889.jpg,1
data/frames/frame_1764640238_02499_aug_00215_aug_00890.jpg,1
data/frames/frame_1764640238_02500_aug_00216_aug_00891.jpg,1
data/frames/frame_1764640239_02501_aug_00217_aug_00892.jpg,1
data/frames/frame_1764640239_02502_aug_00218_aug_00893.jpg,1
data/frames/frame_1764640239_02503_aug_00219_aug_00894.jpg,1
data/frames/frame_1764640239_02504_aug_00220_aug_00895.jpg,1
data/frames/frame_1764640239_02505_aug_00221_aug_00896.jpg,1
data/frames/frame_1764640240_02506_aug_00222_aug_00897.jpg,1
data/frames/frame_1764640240_02507_aug_00223_aug_00898.jpg,1
data/frames/frame_1764640240_02508_aug_00224_aug_00899.jpg,1
data/frames/frame_1764640240_02509_aug_00225_aug_00900.jpg,1
data/frames/frame_1764640240_02510_aug_00226_aug_00901.jpg,1
data/frames/frame_1764640241_02511_aug_00227_aug_00902.jpg,1
data/frames/frame_1764640241_02512_aug_00228_aug_00903.jpg,1
data/frames/frame_1764640241_02513_aug_00229_aug_00904.jpg,1
data/frames/frame_1764640241_02514_aug_00230_aug_00905.jpg,1
data/frames/frame_1764640241_02515_aug_00231_aug_00906.jpg,1
data/frames/frame_1764640242_02516_aug_00232_aug_00907.jpg,1
data/frames/frame_1764640242_02517_aug_00233_aug_00908.jpg,1
data/frames/frame_1764640242_02518_aug_00234_aug_00909.jpg,1
data/frames/frame_1764640242_02519_aug_00235_aug_00910.jpg,1
data/frames/frame_1764640242_02520_aug_00236_aug_00911.jpg,1
data/frames/frame_1764640243_02521_aug_00237_aug_00912.jpg,1
data/frames/frame_1764640243_02522_aug_00238_aug_00913.jpg,1
data/frames/frame_1764640243_02523_aug_00239_aug_00914.jpg,1
data/frames/frame_1764640243_02524_aug_00240_aug_00915.jpg,1
data/frames/frame_1764640243_02525_aug_00241_aug_00916.jpg,1
data/frames/frame_1764640244_02526_aug_00242_aug_00917.jpg,1
data/frames/frame_1764640244_02527_aug_00243_aug_00918.jpg,1
data/frames/frame_1764640244_02528_aug_00244_aug_00919.jpg,1
data/frames/frame_1764640244_02529_aug_00245_aug_00920.jpg,1
data/frames/frame_1764640244_02530_aug_00246_aug_00921.jpg,1
data/frames/frame_1764640244_02531_aug_00247_aug_00922.jpg,1
data/frames/frame_1764640245_02532_aug_00248_aug_00923.jpg,1
data/frames/frame_1764640245_02533_aug_00249_aug_00924.jpg,1
data/frames/frame_1764640245_02534_aug_00250_aug_00925.jpg,1
data/frames/frame_1764640256_02589_aug_00251_aug_00926.jpg,1
data/frames/frame_1764640256_02590_aug_00252_aug_00927.jpg,1
data/frames/frame_1764640256_02591_aug_00253_aug_00928.jpg,1
data/frames/frame_1764640256_02592_aug_00254_aug_00929.jpg,1
data/frames/frame_1764640257_02593_aug_00255_aug_00930.jpg,1
data/frames/frame_1764640257_02594_aug_00256_aug_00931.jpg,1
data/frames/frame_1764640260_02610_aug_00257_aug_00932.jpg,1
data/frames/frame_1764640260_02611_aug_00258_aug_00933.jpg,1
data/frames/frame_1764640260_02612_aug_00259_aug_00934.jpg,1
data/frames/frame_1764640261_02613_aug_00260_aug_00935.jpg,1
data/frames/frame_1764640261_02614_aug_00261_aug_00936.jpg,1
data/frames/frame_1764640261_02615_aug_00262_aug_00937.jpg,1
data/frames/frame_1764640261_02616_aug_00263_aug_00938.jpg,1
data/frames/frame_1764640261_02617_aug_00264_aug_00939.jpg,1
data/frames/frame_1764640262_02618_aug_00265_aug_00940.jpg,1
data/frames/frame_1764640262_02619_aug_00266_aug_00941.jpg,1
data/frames/frame_1764640262_02620_aug_00267_aug_00942.jpg,1
data/frames/frame_1764640262_02621_aug_00268_aug_00943.jpg,1
data/frames/frame_1764640262_02622_aug_00269_aug_00944.jpg,1
data/frames/frame_1764640270_02661_aug_00270_aug_00945.jpg,1
data/frames/frame_1764640270_02662_aug_00271_aug_00946.jpg,1
data/frames/frame_1764640270_02663_aug_00272_aug_00947.jpg,1
data/frames/frame_1764640271_02664_aug_00273_aug_00948.jpg,1
data/frames/frame_1764640271_02665_aug_00274_aug_00949.jpg,1
data/frames/frame_1764640271_02666_aug_00275_aug_00950.jpg,1
data/frames/frame_1764640271_02667_aug_00276_aug_00951.jpg,1
data/frames/frame_1764640271_02668_aug_00277_aug_00952.jpg,1
data/frames/frame_1764640272_02669_aug_00278_aug_00953.jpg,1
data/frames/frame_1764640272_02670_aug_00279_aug_00954.jpg,1
data/frames/frame_1764640272_02671_aug_00280_aug_00955.jpg,1
data/frames/frame_1764640272_02672_aug_00281_aug_00956.jpg,1
data/frames/frame_1764640272_02673_aug_00282_aug_00957.jpg,1
data/frames/frame_1764640273_02674_aug_00283_aug_00958.jpg,1
data/frames/frame_1764640273_02675_aug_00284_aug_00959.jpg,1
data/frames/frame_1764640273_02676_aug_00285_aug_00960.jpg,1
data/frames/frame_1764640273_02677_aug_00286_aug_00961.jpg,1
data/frames/frame_1764640273_02678_aug_00287_aug_00962.jpg,1
data/frames/frame_1764640276_02689_aug_00288_aug_00963.jpg,1
data/frames/frame_1764640276_02690_aug_00289_aug_00964.jpg,1
data/frames/frame_1764640276_02691_aug_00290_aug_00965.jpg,1
data/frames/frame_1764640276_02692_aug_00291_aug_00966.jpg,1
data/frames/frame_1764640276_02693_aug_00292_aug_00967.jpg,1
data/frames/frame_1764640277_02694_aug_00293_aug_00968.jpg,1
data/frames/frame_1764640277_02695_aug_00294_aug_00969.jpg,1
data/frames/frame_1764640277_02696_aug_00295_aug_00970.jpg,1
data/frames/frame_1764640277_02697_aug_00296_aug_00971.jpg,1
data/frames/frame_1764640277_02698_aug_00297_aug_00972.jpg,1
data/frames/frame_1764640278_02699_aug_00298_aug_00973.jpg,1
data/frames/frame_1764640278_02700_aug_00299_aug_00974.jpg,1
data/frames/frame_1764640278_02701_aug_00300_aug_00975.jpg,1
data/frames/frame_1764640278_02702_aug_00301_aug_00976.jpg,1
data/frames/frame_1764640278_02703_aug_00302_aug_00977.jpg,1
data/frames/frame_1764640279_02704_aug_00303_aug_00978.jpg,1
data/frames/frame_1764640279_02705_aug_00304_aug_00979.jpg,1
data/frames/frame_1764640279_02706_aug_00305_aug_00980.jpg,1
data/frames/frame_1764640279_02707_aug_00306_aug_00981.jpg,1
data/frames/frame_1764640279_02708_aug_00307_aug_00982.jpg,1
data/frames/frame_1764640308_02852_aug_00308_aug_00983.jpg,1
data/frames/frame_1764640308_02853_aug_00309_aug_00984.jpg,1
data/frames/frame_1764640308_02854_aug_00310_aug_00985.jpg,1
data/frames/frame_1764640308_02855_aug_00311_aug_00986.jpg,1
data/frames/frame_1764640309_02856_aug_00312_aug_00987.jpg,1
data/frames/frame_1764640309_02857_aug_00313_aug_00988.jpg,1
data/frames/frame_1764640309_02858_aug_00314_aug_00989.jpg,1
data/frames/frame_1764640309_02859_aug_00315_aug_00990.jpg,1
data/frames/frame_1764640309_02860_aug_00316_aug_00991.jpg,1
data/frames/frame_1764640310_02861_aug_00317_aug_00992.jpg,1
data/frames/frame_1764640345_03040_aug_00318_aug_00993.jpg,1
data/frames/frame_1764640345_03041_aug_00319_aug_00994.jpg,1
data/frames/frame_1764640345_03042_aug_00320_aug_00995.jpg,1
data/frames/frame_1764640346_03043_aug_00321_aug_00996.jpg,1
data/frames/frame_1764640346_03044_aug_00322_aug_00997.jpg,1
data/frames/frame_1764640346_03045_aug_00323_aug_00998.jpg,1
data/frames/frame_1764640346_03046_aug_00324_aug_00999.jpg,1
data/frames/frame_1764640346_03047_aug_00325_aug_01000.jpg,1
data/frames/frame_1764640347_03048_aug_00326_aug_01001.jpg,1
data/frames/frame_1764640347_03049_aug_00327_aug_01002.jpg,1
data/frames/frame_1764640363_03130_aug_00328_aug_01003.jpg,1
data/frames/frame_1764640364_03134_aug_00329_aug_01004.jpg,1
data/frames/frame_1764640364_03135_aug_00330_aug_01005.jpg,1
data/frames/frame_1764640364_03136_aug_00331_aug_01006.jpg,1
data/frames/frame_1764640364_03137_aug_00332_aug_01007.jpg,1
data/frames/frame_1764640364_03138_aug_00333_aug_01008.jpg,1
data/frames/frame_1764640365_03139_aug_00334_aug_01009.jpg,1
data/frames/frame_1764640365_03140_aug_00335_aug_01010.jpg,1
data/frames/frame_1764640365_03141_aug_00336_aug_01011.jpg,1
data/frames/frame_1764640365_03142_aug_00337_aug_01012.jpg,1
data/frames/frame_1764640365_03143_aug_00338_aug_01013.jpg,1
data/frames/frame_1764640407_03351_aug_00339_aug_01014.jpg,1
data/frames/frame_1764640407_03352_aug_00340_aug_01015.jpg,1
data/frames/frame_1764640407_03353_aug_00341_aug_01016.jpg,1
data/frames/frame_1764640407_03354_aug_00342_aug_01017.jpg,1
data/frames/frame_1764640408_03355_aug_00343_aug_01018.jpg,1
data/frames/frame_1764640408_03356_aug_00344_aug_01019.jpg,1
data/frames/frame_1764640408_03357_aug_00345_aug_01020.jpg,1
data/frames/frame_1764640408_03358_aug_00346_aug_01021.jpg,1
data/frames/frame_1764640408_03359_aug_00347_aug_01022.jpg,1
data/frames/frame_1764640408_03360_aug_00348_aug_01023.jpg,1
data/frames/frame_1764640409_03361_aug_00349_aug_01024.jpg,1
data/frames/frame_1764640409_03362_aug_00350_aug_01025.jpg,1
data/frames/frame_1764640409_03363_aug_00351_aug_01026.jpg,1
data/frames/frame_1764640409_03364_aug_00352_aug_01027.jpg,1
data/frames/frame_1764640409_03365_aug_00353_aug_01028.jpg,1
data/frames/frame_1764640410_03366_aug_00354_aug_01029.jpg,1
data/frames/frame_1764640410_03367_aug_00355_aug_01030.jpg,1
data/frames/frame_1764640410_03368_aug_00356_aug_01031.jpg,1
data/frames/frame_1764640410_03369_aug_00357_aug_01032.jpg,1
data/frames/frame_1764640410_03370_aug_00358_aug_01033.jpg,1
data/frames/frame_1764640411_03371_aug_00359_aug_01034.jpg,1
data/frames/frame_1764640411_03372_aug_00360_aug_01035.jpg,1
data/frames/frame_1764640411_03373_aug_00361_aug_01036.jpg,1
data/frames/frame_1764640411_03374_aug_00362_aug_01037.jpg,1
data/frames/frame_1764640520_03927_aug_00363_aug_01038.jpg,1
data/frames/frame_1764640520_03928_aug_00364_aug_01039.jpg,1
data/frames/frame_1764640520_03929_aug_00365_aug_01040.jpg,1
data/frames/frame_1764640521_03930_aug_00366_aug_01041.jpg,1
data/frames/frame_1764640521_03931_aug_00367_aug_01042.jpg,1
data/frames/frame_1764640521_03932_aug_00368_aug_01043.jpg,1
data/frames/frame_1764640521_03933_aug_00369_aug_01044.jpg,1
data/frames/frame_1764640521_03934_aug_00370_aug_01045.jpg,1
data/frames/frame_1764640522_03935_aug_00371_aug_01046.jpg,1
data/frames/frame_1764640522_03936_aug_00372_aug_01047.jpg,1
data/frames/frame_1764640522_03937_aug_00373_aug_01048.jpg,1
data/frames/frame_1764640522_03938_aug_00374_aug_01049.jpg,1
data/frames/frame_1764640572_04192_aug_00375_aug_01050.jpg,1
data/frames/frame_1764640572_04193_aug_00376_aug_01051.jpg,1
data/frames/frame_1764640572_04194_aug_00377_aug_01052.jpg,1
data/frames/frame_1764640573_04195_aug_00378_aug_01053.jpg,1
data/frames/frame_1764640573_04196_aug_00379_aug_01054.jpg,1
data/frames/frame_1764640573_04197_aug_00380_aug_01055.jpg,1
data/frames/frame_1764640573_04198_aug_00381_aug_01056.jpg,1
data/frames/frame_1764640573_04199_aug_00382_aug_01057.jpg,1
data/frames/frame_1764640574_04200_aug_00383_aug_01058.jpg,1
data/frames/frame_1764640574_04201_aug_00384_aug_01059.jpg,1
data/frames/frame_1764640574_04202_aug_00385_aug_01060.jpg,1
data/frames/frame_1764640574_04203_aug_00386_aug_01061.jpg,1
data/frames/frame_1764640574_04204_aug_00387_aug_01062.jpg,1
data/frames/frame_1764640575_04205_aug_00388_aug_01063.jpg,1
data/frames/frame_1764640575_04206_aug_00389_aug_01064.jpg,1
data/frames/frame_1764640575_04207_aug_00390_aug_01065.jpg,1
data/frames/frame_1764640575_04208_aug_00391_aug_01066.jpg,1
data/frames/frame_1764640575_04209_aug_00392_aug_01067.jpg,1
data/frames/frame_1764640576_04210_aug_00393_aug_01068.jpg,1
data/frames/frame_1764640576_04211_aug_00394_aug_01069.jpg,1
data/frames/frame_1764640576_04212_aug_00395_aug_01070.jpg,1
data/frames/frame_1764640576_04213_aug_00396_aug_01071.jpg,1
data/frames/frame_1764640601_04339_aug_00397_aug_01072.jpg,1
data/frames/frame_1764640601_04340_aug_00398_aug_01073.jpg,1
data/frames/frame_1764640601_04341_aug_00399_aug_01074.jpg,1
data/frames/frame_1764640602_04342_aug_00400_aug_01075.jpg,1
data/frames/frame_1764640602_04343_aug_00401_aug_01076.jpg,1
data/frames/frame_1764640602_04344_aug_00402_aug_01077.jpg,1
data/frames/frame_1764640602_04345_aug_00403_aug_01078.jpg,1
data/frames/frame_1764640602_04346_aug_00404_aug_01079.jpg,1
data/frames/frame_1764640603_04347_aug_00405_aug_01080.jpg,1
data/frames/frame_1764640603_04348_aug_00406_aug_01081.jpg,1
data/frames/frame_1764640603_04349_aug_00407_aug_01082.jpg,1
data/frames/frame_1764640603_04350_aug_00408_aug_01083.jpg,1
data/frames/frame_1764640603_04351_aug_00409_aug_01084.jpg,1
data/frames/frame_1764640604_04352_aug_00410_aug_01085.jpg,1
data/frames/frame_1764640696_04820_aug_00411_aug_01086.jpg,1
data/frames/frame_1764640696_04821_aug_00412_aug_01087.jpg,1
data/frames/frame_1764640696_04822_aug_00413_aug_01088.jpg,1
data/frames/frame_1764640697_04823_aug_00414_aug_01089.jpg,1
data/frames/frame_1764640697_04824_aug_00415_aug_01090.jpg,1
data/frames/frame_1764640697_04825_aug_00416_aug_01091.jpg,1
data/frames/frame_1764640697_04826_aug_00417_aug_01092.jpg,1
data/frames/frame_1764640697_04827_aug_00418_aug_01093.jpg,1
data/frames/frame_1764640698_04828_aug_00419_aug_01094.jpg,1
data/frames/frame_1764640698_04829_aug_00420_aug_01095.jpg,1
data/frames/frame_1764640698_04830_aug_00421_aug_01096.jpg,1
data/frames/frame_1764640698_04831_aug_00422_aug_01097.jpg,1
data/frames/frame_1764640698_04832_aug_00423_aug_01098.jpg,1
data/frames/frame_1764640699_04833_aug_00424_aug_01099.jpg,1
data/frames/frame_1764640699_04834_aug_00425_aug_01100.jpg,1
data/frames/frame_1764640699_04835_aug_00426_aug_01101.jpg,1
data/frames/frame_1764640699_04836_aug_00427_aug_01102.jpg,1
data/frames/frame_1764640699_04837_aug_00428_aug_01103.jpg,1
data/frames/frame_1764640700_04838_aug_00429_aug_01104.jpg,1
data/frames/frame_1764640700_04839_aug_00430_aug_01105.jpg,1
data/frames/frame_1764640700_04840_aug_00431_aug_01106.jpg,1
data/frames/frame_1764640700_04841_aug_00432_aug_01107.jpg,1
data/frames/frame_1764640736_05021_aug_00433_aug_01108.jpg,1
data/frames/frame_1764640736_05022_aug_00434_aug_01109.jpg,1
data/frames/frame_1764640736_05023_aug_00435_aug_01110.jpg,1
data/frames/frame_1764640736_05024_aug_00436_aug_01111.jpg,1
data/frames/frame_1764640736_05025_aug_00437_aug_01112.jpg,1
data/frames/frame_1764640736_05026_aug_00438_aug_01113.jpg,1
data/frames/frame_1764640737_05027_aug_00439_aug_01114.jpg,1
data/frames/frame_1764640737_05028_aug_00440_aug_01115.jpg,1
data/frames/frame_1764640737_05029_aug_00441_aug_01116.jpg,1
data/frames/frame_1764640737_05030_aug_00442_aug_01117.jpg,1
data/frames/frame_1764640738_05031_aug_00443_aug_01118.jpg,1
data/frames/frame_1764640738_05032_aug_00444_aug_01119.jpg,1
data/frames/frame_1764640738_05033_aug_00445_aug_01120.jpg,1
data/frames/frame_1764640738_05034_aug_00446_aug_01121.jpg,1
data/frames/frame_1764640748_05085_aug_00447_aug_01122.jpg,1
data/frames/frame_1764640748_05086_aug_00448_aug_01123.jpg,1
data/frames/frame_1764640749_05087_aug_00449_aug_01124.jpg,1
data/frames/frame_1764640749_05088_aug_00450_aug_01125.jpg,1
data/frames/frame_1764640749_05089_aug_00451_aug_01126.jpg,1
data/frames/frame_1764640749_05090_aug_00452_aug_01127.jpg,1
data/frames/frame_1764640749_05091_aug_00453_aug_01128.jpg,1
data/frames/frame_1764640750_05092_aug_00454_aug_01129.jpg,1
data/frames/frame_1764640750_05093_aug_00455_aug_01130.jpg,1
data/frames/frame_1764640750_05094_aug_00456_aug_01131.jpg,1
data/frames/frame_1764640750_05095_aug_00457_aug_01132.jpg,1
data/frames/frame_1764640750_05096_aug_00458_aug_01133.jpg,1
data/frames/frame_1764640778_05234_aug_00459_aug_01134.jpg,1
data/frames/frame_1764640778_05237_aug_00460_aug_01135.jpg,1
data/frames/frame_1764640779_05238_aug_00461_aug_01136.jpg,1
data/frames/frame_1764640779_05239_aug_00462_aug_01137.jpg,1
data/frames/frame_1764640779_05240_aug_00463_aug_01138.jpg,1
data/frames/frame_1764640779_05241_aug_00464_aug_01139.jpg,1
data/frames/frame_1764640779_05242_aug_00465_aug_01140.jpg,1
data/frames/frame_1764640780_05243_aug_00466_aug_01141.jpg,1
data/frames/frame_1764640780_05244_aug_00467_aug_01142.jpg,1
data/frames/frame_1764640780_05245_aug_00468_aug_01143.jpg,1
data/frames/frame_1764640780_05246_aug_00469_aug_01144.jpg,1
data/frames/frame_1764640872_05710_aug_00470_aug_01145.jpg,1
data/frames/frame_1764640872_05711_aug_00471_aug_01146.jpg,1
data/frames/frame_1764640873_05712_aug_00472_aug_01147.jpg,1
data/frames/frame_1764640873_05713_aug_00473_aug_01148.jpg,1
data/frames/frame_1764640873_05714_aug_00474_aug_01149.jpg,1
data/frames/frame_1764640873_05715_aug_00475_aug_01150.jpg,1
data/frames/frame_1764640873_05716_aug_00476_aug_01151.jpg,1
data/frames/frame_1764640874_05717_aug_00477_aug_01152.jpg,1
data/frames/frame_1764640874_05718_aug_00478_aug_01153.jpg,1
data/frames/frame_1764640874_05719_aug_00479_aug_01154.jpg,1
data/frames/frame_1764640874_05720_aug_00480_aug_01155.jpg,1
data/frames/frame_1764640874_05721_aug_00481_aug_01156.jpg,1
data/frames/frame_1764640875_05722_aug_00482_aug_01157.jpg,1
data/frames/frame_1764640875_05723_aug_00483_aug_01158.jpg,1
data/frames/frame_1764640875_05724_aug_00484_aug_01159.jpg,1
data/frames/frame_1764640875_05725_aug_00485_aug_01160.jpg,1
data/frames/frame_1764640875_05726_aug_00486_aug_01161.jpg,1
data/frames/frame_1764640876_05727_aug_00487_aug_01162.jpg,1
data/frames/frame_1764640876_05728_aug_00488_aug_01163.jpg,1
data/frames/frame_1764640876_05729_aug_00489_aug_01164.jpg,1
data/frames/frame_1764640876_05730_aug_00490_aug_01165.jpg,1
data/frames/frame_1764640876_05731_aug_00491_aug_01166.jpg,1
data/frames/frame_1764640877_05732_aug_00492_aug_01167.jpg,1
data/frames/frame_1764640877_05733_aug_00493_aug_01168.jpg,1
data/frames/frame_1764640877_05734_aug_00494_aug_01169.jpg,1
data/frames/frame_1764640877_05735_aug_00495_aug_01170.jpg,1
data/frames/frame_1764640877_05736_aug_00496_aug_01171.jpg,1
data/frames/frame_1764640878_05737_aug_00497_aug_01172.jpg,1
data/frames/frame_1764640891_05806_aug_00498_aug_01173.jpg,1
data/frames/frame_1764640891_05807_aug_00499_aug_01174.jpg,1
data/frames/frame_1764640892_05808_aug_00500_aug_01175.jpg,1
data/frames/frame_1764640892_05809_aug_00501_aug_01176.jpg,1
data/frames/frame_1764640892_05810_aug_00502_aug_01177.jpg,1
data/frames/frame_1764640892_05811_aug_00503_aug_01178.jpg,1
data/frames/frame_1764640892_05812_aug_00504_aug_01179.jpg,1
data/frames/frame_1764640893_05813_aug_00505_aug_01180.jpg,1
data/frames/frame_1764640939_06045_aug_00506_aug_01181.jpg,1
data/frames/frame_1764640939_06046_aug_00507_aug_01182.jpg,1
data/frames/frame_1764640939_06047_aug_00508_aug_01183.jpg,1
data/frames/frame_1764640939_06048_aug_00509_aug_01184.jpg,1
data/frames/frame_1764640939_06049_aug_00510_aug_01185.jpg,1
data/frames/frame_1764640940_06050_aug_00511_aug_01186.jpg,1
data/frames/frame_1764640940_06051_aug_00512_aug_01187.jpg,1
data/frames/frame_1764640940_06052_aug_00513_aug_01188.jpg,1
data/frames/frame_1764640940_06053_aug_00514_aug_01189.jpg,1
data/frames/frame_1764640940_06054_aug_00515_aug_01190.jpg,1
data/frames/frame_1764640941_06055_aug_00516_aug_01191.jpg,1
data/frames/frame_1764640941_06056_aug_00517_aug_01192.jpg,1
data/frames/frame_1764640941_06057_aug_00518_aug_01193.jpg,1
data/frames/frame_1764640941_06058_aug_00519_aug_01194.jpg,1
data/frames/frame_1764640941_06059_aug_00520_aug_01195.jpg,1
data/frames/frame_1764640942_06060_aug_00521_aug_01196.jpg,1
data/frames/frame_1764640961_06156_aug_00522_aug_01197.jpg,1
data/frames/frame_1764640961_06157_aug_00523_aug_01198.jpg,1
data/frames/frame_1764640961_06158_aug_00524_aug_01199.jpg,1
data/frames/frame_1764640961_06159_aug_00525_aug_01200.jpg,1
data/frames/frame_1764640962_06160_aug_00526_aug_01201.jpg,1
data/frames/frame_1764640962_06161_aug_00527_aug_01202.jpg,1
data/frames/frame_1764640962_06162_aug_00528_aug_01203.jpg,1
data/frames/frame_1764640962_06163_aug_00529_aug_01204.jpg,1
data/frames/frame_1764640962_06164_aug_00530_aug_01205.jpg,1
data/frames/frame_1764640963_06165_aug_00531_aug_01206.jpg,1
data/frames/frame_1764640963_06166_aug_00532_aug_01207.jpg,1
data/frames/frame_1764640963_06167_aug_00533_aug_01208.jpg,1
data/frames/frame_1764641039_06551_aug_00534_aug_01209.jpg,1
data/frames/frame_1764641040_06552_aug_00535_aug_01210.jpg,1
data/frames/frame_1764641040_06553_aug_00536_aug_01211.jpg,1
data/frames/frame_1764641040_06554_aug_00537_aug_01212.jpg,1
data/frames/frame_1764641040_06555_aug_00538_aug_01213.jpg,1
data/frames/frame_1764641041_06556_aug_00539_aug_01214.jpg,1
data/frames/frame_1764641041_06557_aug_00540_aug_01215.jpg,1
data/frames/frame_1764641041_06558_aug_00541_aug_01216.jpg,1
data/frames/frame_1764641041_06559_aug_00542_aug_01217.jpg,1
data/frames/frame_1764641041_06560_aug_00543_aug_01218.jpg,1
data/frames/frame_1764641042_06561_aug_00544_aug_01219.jpg,1
data/frames/frame_1764641042_06562_aug_00545_aug_01220.jpg,1
data/frames/frame_1764641042_06563_aug_00546_aug_01221.jpg,1
data/frames/frame_1764641042_06564_aug_00547_aug_01222.jpg,1
data/frames/frame_1764641042_06565_aug_00548_aug_01223.jpg,1
data/frames/frame_1764641050_06604_aug_00549_aug_01224.jpg,1
data/frames/frame_1764641050_06605_aug_00550_aug_01225.jpg,1
data/frames/frame_1764641051_06606_aug_00551_aug_01226.jpg,1
data/frames/frame_1764641051_06607_aug_00552_aug_01227.jpg,1
data/frames/frame_1764641051_06608_aug_00553_aug_01228.jpg,1
data/frames/frame_1764641051_06609_aug_00554_aug_01229.jpg,1
data/frames/frame_1764641051_06610_aug_00555_aug_01230.jpg,1
data/frames/frame_1764641052_06611_aug_00556_aug_01231.jpg,1
data/frames/frame_1764641052_06612_aug_00557_aug_01232.jpg,1
data/frames/frame_1764641052_06613_aug_00558_aug_01233.jpg,1
data/frames/frame_1764641052_06614_aug_00559_aug_01234.jpg,1
data/frames/frame_1764641052_06615_aug_00560_aug_01235.jpg,1
data/frames/frame_1764641057_06637_aug_00561_aug_01236.jpg,1
data/frames/frame_1764641057_06638_aug_00562_aug_01237.jpg,1
data/frames/frame_1764641057_06639_aug_00563_aug_01238.jpg,1
data/frames/frame_1764641057_06640_aug_00564_aug_01239.jpg,1
data/frames/frame_1764641057_06641_aug_00565_aug_01240.jpg,1
data/frames/frame_1764641058_06642_aug_00566_aug_01241.jpg,1
data/frames/frame_1764641058_06643_aug_00567_aug_01242.jpg,1
data/frames/frame_1764641058_06644_aug_00568_aug_01243.jpg,1
data/frames/frame_1764641058_06645_aug_00569_aug_01244.jpg,1
data/frames/frame_1764641058_06646_aug_00570_aug_01245.jpg,1
data/frames/frame_1764641059_06647_aug_00571_aug_01246.jpg,1
data/frames/frame_1764641059_06648_aug_00572_aug_01247.jpg,1
data/frames/frame_1764641059_06649_aug_00573_aug_01248.jpg,1
data/frames/frame_1764641059_06650_aug_00574_aug_01249.jpg,1
data/frames/frame_1764641059_06651_aug_00575_aug_01250.jpg,1
data/frames/frame_1764641060_06652_aug_00576_aug_01251.jpg,1
data/frames/frame_1764641060_06653_aug_00577_aug_01252.jpg,1
data/frames/frame_1764641060_06654_aug_00578_aug_01253.jpg,1
data/frames/frame_1764641084_06777_aug_00579_aug_01254.jpg,1
data/frames/frame_1764641085_06778_aug_00580_aug_01255.jpg,1
data/frames/frame_1764641085_06779_aug_00581_aug_01256.jpg,1
data/frames/frame_1764641085_06780_aug_00582_aug_01257.jpg,1
data/frames/frame_1764641085_06781_aug_00583_aug_01258.jpg,1
data/frames/frame_1764641085_06782_aug_00584_aug_01259.jpg,1
data/frames/frame_1764641086_06783_aug_00585_aug_01260.jpg,1
data/frames/frame_1764641086_06784_aug_00586_aug_01261.jpg,1
data/frames/frame_1764641086_06785_aug_00587_aug_01262.jpg,1
data/frames/frame_1764641086_06786_aug_00588_aug_01263.jpg,1
data/frames/frame_1764641086_06787_aug_00589_aug_01264.jpg,1
data/frames/frame_1764641087_06788_aug_00590_aug_01265.jpg,1
data/frames/frame_1764641087_06789_aug_00591_aug_01266.jpg,1
data/frames/frame_1764641087_06790_aug_00592_aug_01267.jpg,1
data/frames/frame_1764641087_06791_aug_00593_aug_01268.jpg,1
data/frames/frame_1764641087_06792_aug_00594_aug_01269.jpg,1
data/frames/frame_1764641088_06793_aug_00595_aug_01270.jpg,1
data/frames/frame_1764641088_06794_aug_00596_aug_01271.jpg,1
data/frames/frame_1764641088_06795_aug_00597_aug_01272.jpg,1
data/frames/frame_1764641088_06796_aug_00598_aug_01273.jpg,1
data/frames/frame_1764641088_06797_aug_00599_aug_01274.jpg,1
data/frames/frame_1764641089_06798_aug_00600_aug_01275.jpg,1
data/frames/frame_1764641089_06799_aug_00601_aug_01276.jpg,1
data/frames/frame_1764641089_06800_aug_00602_aug_01277.jpg,1
data/frames/frame_1764641089_06801_aug_00603_aug_01278.jpg,1
data/frames/frame_1764641089_06802_aug_00604_aug_01279.jpg,1
data/frames/frame_1764641090_06803_aug_00605_aug_01280.jpg,1
data/frames/frame_1764641090_06804_aug_00606_aug_01281.jpg,1
data/frames/frame_1764641090_06805_aug_00607_aug_01282.jpg,1
data/frames/frame_1764641090_06806_aug_00608_aug_01283.jpg,1
data/frames/frame_1764641090_06807_aug_00609_aug_01284.jpg,1
data/frames/frame_1764641091_06808_aug_00610_aug_01285.jpg,1
data/frames/frame_1764641091_06809_aug_00611_aug_01286.jpg,1
data/frames/frame_1764641091_06810_aug_00612_aug_01287.jpg,1
data/frames/frame_1764641091_06811_aug_00613_aug_01288.jpg,1
data/frames/frame_1764641091_06812_aug_00614_aug_01289.jpg,1
data/frames/frame_1764641091_06813_aug_00615_aug_01290.jpg,1
data/frames/frame_1764641092_06814_aug_00616_aug_01291.jpg,1
data/frames/frame_1764641092_06815_aug_00617_aug_01292.jpg,1
data/frames/frame_1764641092_06816_aug_00618_aug_01293.jpg,1
data/frames/frame_1764641092_06817_aug_00619_aug_01294.jpg,1
data/frames/frame_1764641092_06818_aug_00620_aug_01295.jpg,1
data/frames/frame_1764641093_06819_aug_00621_aug_01296.jpg,1
data/frames/frame_1764641093_06820_aug_00622_aug_01297.jpg,1
data/frames/frame_1764641093_06821_aug_00623_aug_01298.jpg,1
data/frames/frame_1764641093_06822_aug_00624_aug_01299.jpg,1
data/frames/frame_1764641093_06823_aug_00625_aug_01300.jpg,1
data/frames/frame_1764641094_06824_aug_00626_aug_01301.jpg,1
data/frames/frame_1764641094_06825_aug_00627_aug_01302.jpg,1
data/frames/frame_1764641094_06826_aug_00628_aug_01303.jpg,1
data/frames/frame_1764641094_06827_aug_00629_aug_01304.jpg,1
data/frames/frame_1764641094_06828_aug_00630_aug_01305.jpg,1
data/frames/frame_1764641095_06829_aug_00631_aug_01306.jpg,1
data/frames/frame_1764641095_06830_aug_00632_aug_01307.jpg,1
data/frames/frame_1764641095_06831_aug_00633_aug_01308.jpg,1
data/frames/frame_1764641095_06832_aug_00634_aug_01309.jpg,1
data/frames/frame_1764641095_06833_aug_00635_aug_01310.jpg,1
data/frames/frame_1764641096_06834_aug_00636_aug_01311.jpg,1
data/frames/frame_1764641096_06835_aug_00637_aug_01312.jpg,1
data/frames/frame_1764641096_06836_aug_00638_aug_01313.jpg,1
data/frames/frame_1764641096_06837_aug_00639_aug_01314.jpg,1
data/frames/frame_1764641096_06838_aug_00640_aug_01315.jpg,1
data/frames/frame_1764641097_06839_aug_00641_aug_01316.jpg,1
data/frames/frame_1764641097_06840_aug_00642_aug_01317.jpg,1
data/frames/frame_1764641097_06841_aug_00643_aug_01318.jpg,1
data/frames/frame_1764641097_06842_aug_00644_aug_01319.jpg,1
data/frames/frame_1764641097_06843_aug_00645_aug_01320.jpg,1
data/frames/frame_1764641098_06844_aug_00646_aug_01321.jpg,1
data/frames/frame_1764641098_06845_aug_00647_aug_01322.jpg,1
data/frames/frame_1764641098_06846_aug_00648_aug_01323.jpg,1
data/frames/frame_1764641098_06847_aug_00649_aug_01324.jpg,1
data/frames/frame_1764641098_06848_aug_00650_aug_01325.jpg,1
data/frames/frame_1764641098_06849_aug_00651_aug_01326.jpg,1
data/frames/frame_1764641099_06850_aug_00652_aug_01327.jpg,1
data/frames/frame_1764641099_06851_aug_00653_aug_01328.jpg,1
data/frames/frame_1764641099_06852_aug_00654_aug_01329.jpg,1
data/frames/frame_1764641099_06853_aug_00655_aug_01330.jpg,1
data/frames/frame_1764641099_06854_aug_00656_aug_01331.jpg,1
data/frames/frame_1764641100_06855_aug_00657_aug_01332.jpg,1
data/frames/frame_1764641100_06856_aug_00658_aug_01333.jpg,1
data/frames/frame_1764641100_06857_aug_00659_aug_01334.jpg,1
data/frames/frame_1764641100_06858_aug_00660_aug_01335.jpg,1
data/frames/frame_1764641100_06859_aug_00661_aug_01336.jpg,1
data/frames/frame_1764641101_06860_aug_00662_aug_01337.jpg,1
data/frames/frame_1764641101_06861_aug_00663_aug_01338.jpg,1
data/frames/frame_1764641101_06862_aug_00664_aug_01339.jpg,1
data/frames/frame_1764641101_06863_aug_00665_aug_01340.jpg,1
data/frames/frame_1764641101_06864_aug_00666_aug_01341.jpg,1
data/frames/frame_1764641102_06865_aug_00667_aug_01342.jpg,1
data/frames/frame_1764641102_06866_aug_00668_aug_01343.jpg,1
data/frames/frame_1764641102_06867_aug_00669_aug_01344.jpg,1
data/frames/frame_1764641102_06868_aug_00670_aug_01345.jpg,1
data/frames/frame_1764641102_06869_aug_00671_aug_01346.jpg,1
data/frames/frame_1764641103_06870_aug_00672_aug_01347.jpg,1
data/frames/frame_1764641103_06871_aug_00673_aug_01348.jpg,1
data/frames/frame_1764641103_06872_aug_00674_aug_01349.jpg,1
